route_id,boarding_stop_index,departure_date,hour_of_day,day_of_week,is_weekend,is_holiday,is_month_end,bus_type,actual_demand,historical_avg_demand,bus_type_encoded
1,0,2026-08-01,5,6,1,1,0,ac,1,1.28,4
1,1,2026-08-01,8,6,1,1,0,luxury,1,1.09,3
1,1,2026-08-01,7,6,1,1,0,semi_luxury,1,1.09,2
2,3,2026-08-01,5,6,1,1,0,ac,1,1.07,4
2,3,2026-08-01,5,6,1,1,0,semi_luxury,1,1.07,2
2,3,2026-08-01,8,6,1,1,0,ac,1,1.07,4
2,3,2026-08-01,9,6,1,1,0,ac,1,1.07,4
2,3,2026-08-01,9,6,1,1,0,luxury,1,1.07,3
2,0,2026-08-01,7,6,1,1,0,normal,2,1.18,1
15,0,2026-08-01,5,6,1,1,0,luxury,1,1.17,3
15,0,2026-08-01,5,6,1,1,0,semi_luxury,1,1.17,2
15,0,2026-08-01,6,6,1,1,0,ac,1,1.17,4
15,0,2026-08-01,10,6,1,1,0,ac,1,1.17,4
15,0,2026-08-01,10,6,1,1,0,normal,2,1.17,1
1,1,2026-08-01,9,6,1,1,0,luxury,2,1.09,3
15,0,2026-08-01,13,6,1,1,0,normal,1,1.17,1
15,0,2026-08-01,17,6,1,1,0,semi_luxury,2,1.17,2
15,0,2026-08-01,19,6,1,1,0,normal,1,1.17,1
15,0,2026-08-01,20,6,1,1,0,luxury,1,1.17,3
15,0,2026-08-01,20,6,1,1,0,semi_luxury,1,1.17,2
15,1,2026-08-01,7,6,1,1,0,ac,1,1.02,4
15,1,2026-08-01,9,6,1,1,0,luxury,1,1.02,3
15,1,2026-08-01,11,6,1,1,0,luxury,1,1.02,3
15,1,2026-08-01,13,6,1,1,0,ac,1,1.02,4
15,1,2026-08-01,20,6,1,1,0,luxury,1,1.02,3
15,2,2026-08-01,6,6,1,1,0,ac,1,1.08,4
15,2,2026-08-01,6,6,1,1,0,luxury,1,1.08,3
15,3,2026-08-01,6,6,1,1,0,semi_luxury,1,1.03,2
15,3,2026-08-01,8,6,1,1,0,ac,1,1.03,4
15,0,2026-08-01,15,6,1,1,0,normal,1,1.17,1
1,1,2026-08-01,9,6,1,1,0,normal,1,1.09,1
1,1,2026-08-01,10,6,1,1,0,luxury,1,1.09,3
1,1,2026-08-01,11,6,1,1,0,semi_luxury,1,1.09,2
2,0,2026-08-01,7,6,1,1,0,semi_luxury,1,1.18,2
2,0,2026-08-01,8,6,1,1,0,normal,1,1.18,1
2,0,2026-08-01,9,6,1,1,0,ac,1,1.18,4
2,0,2026-08-01,9,6,1,1,0,semi_luxury,2,1.18,2
2,0,2026-08-01,10,6,1,1,0,ac,1,1.18,4
2,0,2026-08-01,10,6,1,1,0,semi_luxury,1,1.18,2
2,0,2026-08-01,11,6,1,1,0,normal,1,1.18,1
2,0,2026-08-01,13,6,1,1,0,luxury,1,1.18,3
2,0,2026-08-01,13,6,1,1,0,normal,1,1.18,1
2,0,2026-08-01,17,6,1,1,0,luxury,1,1.18,3
2,0,2026-08-01,20,6,1,1,0,normal,1,1.18,1
1,3,2026-08-01,11,6,1,1,0,ac,1,1.05,4
1,3,2026-08-01,10,6,1,1,0,semi_luxury,1,1.05,2
1,3,2026-08-01,10,6,1,1,0,luxury,1,1.05,3
1,2,2026-08-01,14,6,1,1,0,ac,1,1.12,4
1,2,2026-08-01,13,6,1,1,0,normal,1,1.12,1
1,2,2026-08-01,10,6,1,1,0,normal,1,1.12,1
1,2,2026-08-01,10,6,1,1,0,ac,1,1.12,4
2,1,2026-08-01,6,6,1,1,0,luxury,1,1.05,3
2,1,2026-08-01,8,6,1,1,0,ac,1,1.05,4
2,1,2026-08-01,8,6,1,1,0,luxury,1,1.05,3
2,1,2026-08-01,10,6,1,1,0,luxury,1,1.05,3
2,1,2026-08-01,12,6,1,1,0,normal,1,1.05,1
2,1,2026-08-01,17,6,1,1,0,normal,1,1.05,1
2,2,2026-08-01,8,6,1,1,0,luxury,1,1.06,3
2,2,2026-08-01,11,6,1,1,0,normal,1,1.06,1
1,1,2026-08-01,20,6,1,1,0,luxury,1,1.09,3
1,1,2026-08-01,14,6,1,1,0,semi_luxury,1,1.09,2
1,1,2026-08-01,13,6,1,1,0,normal,1,1.09,1
15,3,2026-08-01,15,6,1,1,0,semi_luxury,1,1.03,2
15,3,2026-08-01,20,6,1,1,0,luxury,1,1.03,3
2,0,2026-08-01,6,6,1,1,0,ac,1,1.18,4
1,0,2026-08-01,18,6,1,1,0,ac,2,1.28,4
1,0,2026-08-01,18,6,1,1,0,normal,2,1.28,1
1,0,2026-08-01,17,6,1,1,0,semi_luxury,1,1.28,2
1,0,2026-08-01,16,6,1,1,0,luxury,1,1.28,3
1,0,2026-08-01,15,6,1,1,0,normal,1,1.28,1
1,0,2026-08-01,14,6,1,1,0,semi_luxury,1,1.28,2
1,0,2026-08-01,12,6,1,1,0,luxury,1,1.28,3
1,0,2026-08-01,11,6,1,1,0,semi_luxury,1,1.28,2
1,0,2026-08-01,11,6,1,1,0,luxury,1,1.28,3
1,0,2026-08-01,10,6,1,1,0,normal,1,1.28,1
1,0,2026-08-01,9,6,1,1,0,luxury,1,1.28,3
1,0,2026-08-01,8,6,1,1,0,semi_luxury,1,1.28,2
1,0,2026-08-01,8,6,1,1,0,normal,2,1.28,1
1,0,2026-08-01,7,6,1,1,0,semi_luxury,1,1.28,2
1,0,2026-08-01,7,6,1,1,0,normal,2,1.28,1
1,0,2026-08-01,6,6,1,1,0,semi_luxury,1,1.28,2
1,0,2026-08-01,6,6,1,1,0,normal,2,1.28,1
1,0,2026-08-01,6,6,1,1,0,luxury,1,1.28,3
1,0,2026-08-01,20,6,1,1,0,ac,1,1.28,4
1,0,2026-08-01,5,6,1,1,0,semi_luxury,1,1.28,2
1,0,2026-08-01,5,6,1,1,0,normal,1,1.28,1
2,3,2026-08-02,10,7,1,0,0,normal,1,1.06,1
2,0,2026-08-02,18,7,1,0,0,normal,1,1.2,1
2,0,2026-08-02,18,7,1,0,0,semi_luxury,1,1.2,2
2,0,2026-08-02,20,7,1,0,0,semi_luxury,2,1.2,2
1,3,2026-08-02,13,7,1,0,0,semi_luxury,1,1.13,2
1,3,2026-08-02,13,7,1,0,0,normal,1,1.13,1
1,3,2026-08-02,10,7,1,0,0,semi_luxury,1,1.13,2
1,3,2026-08-02,10,7,1,0,0,luxury,1,1.13,3
1,3,2026-08-02,9,7,1,0,0,ac,3,1.13,4
1,3,2026-08-02,7,7,1,0,0,semi_luxury,1,1.13,2
1,3,2026-08-02,6,7,1,0,0,semi_luxury,1,1.13,2
1,3,2026-08-02,5,7,1,0,0,normal,2,1.13,1
1,3,2026-08-02,5,7,1,0,0,luxury,1,1.13,3
15,0,2026-08-02,17,7,1,0,0,normal,1,1.14,1
15,0,2026-08-02,17,7,1,0,0,luxury,1,1.14,3
15,0,2026-08-02,8,7,1,0,0,luxury,1,1.14,3
2,0,2026-08-02,16,7,1,0,0,semi_luxury,1,1.2,2
2,0,2026-08-02,16,7,1,0,0,normal,1,1.2,1
2,0,2026-08-02,15,7,1,0,0,normal,1,1.2,1
2,0,2026-08-02,12,7,1,0,0,normal,1,1.2,1
15,1,2026-08-02,11,7,1,0,0,luxury,1,1.05,3
15,1,2026-08-02,8,7,1,0,0,semi_luxury,1,1.05,2
15,1,2026-08-02,6,7,1,0,0,semi_luxury,1,1.05,2
15,2,2026-08-02,5,7,1,0,0,ac,1,1.04,4
15,2,2026-08-02,7,7,1,0,0,ac,1,1.04,4
15,2,2026-08-02,9,7,1,0,0,normal,1,1.04,1
15,2,2026-08-02,12,7,1,0,0,luxury,1,1.04,3
1,2,2026-08-02,18,7,1,0,0,normal,1,1.04,1
15,0,2026-08-02,19,7,1,0,0,normal,1,1.14,1
2,0,2026-08-02,5,7,1,0,0,luxury,2,1.2,3
2,0,2026-08-02,5,7,1,0,0,normal,1,1.2,1
2,0,2026-08-02,6,7,1,0,0,semi_luxury,1,1.2,2
2,0,2026-08-02,7,7,1,0,0,semi_luxury,1,1.2,2
2,0,2026-08-02,9,7,1,0,0,normal,2,1.2,1
2,0,2026-08-02,10,7,1,0,0,ac,1,1.2,4
2,0,2026-08-02,12,7,1,0,0,luxury,1,1.2,3
15,0,2026-08-02,18,7,1,0,0,normal,1,1.14,1
2,3,2026-08-02,20,7,1,0,0,semi_luxury,1,1.06,2
1,2,2026-08-02,11,7,1,0,0,normal,1,1.04,1
15,0,2026-08-02,8,7,1,0,0,ac,1,1.14,4
1,1,2026-08-02,5,7,1,0,0,semi_luxury,1,1.07,2
1,0,2026-08-02,6,7,1,0,0,semi_luxury,1,1.27,2
1,0,2026-08-02,7,7,1,0,0,luxury,1,1.27,3
1,0,2026-08-02,8,7,1,0,0,normal,1,1.27,1
1,0,2026-08-02,8,7,1,0,0,semi_luxury,1,1.27,2
1,0,2026-08-02,9,7,1,0,0,normal,3,1.27,1
1,0,2026-08-02,9,7,1,0,0,semi_luxury,2,1.27,2
1,0,2026-08-02,10,7,1,0,0,normal,1,1.27,1
1,0,2026-08-02,12,7,1,0,0,normal,1,1.27,1
1,0,2026-08-02,14,7,1,0,0,ac,1,1.27,4
1,0,2026-08-02,14,7,1,0,0,luxury,1,1.27,3
1,0,2026-08-02,15,7,1,0,0,normal,1,1.27,1
1,0,2026-08-02,16,7,1,0,0,normal,1,1.27,1
1,0,2026-08-02,17,7,1,0,0,ac,1,1.27,4
1,0,2026-08-02,17,7,1,0,0,normal,1,1.27,1
1,1,2026-08-02,6,7,1,0,0,normal,1,1.07,1
1,1,2026-08-02,6,7,1,0,0,semi_luxury,1,1.07,2
1,1,2026-08-02,8,7,1,0,0,ac,1,1.07,4
1,1,2026-08-02,12,7,1,0,0,semi_luxury,1,1.07,2
15,0,2026-08-02,7,7,1,0,0,normal,1,1.14,1
15,0,2026-08-02,6,7,1,0,0,semi_luxury,1,1.14,2
15,0,2026-08-02,6,7,1,0,0,normal,1,1.14,1
1,0,2026-08-02,20,7,1,0,0,ac,1,1.27,4
1,0,2026-08-02,19,7,1,0,0,ac,1,1.27,4
1,0,2026-08-02,5,7,1,0,0,ac,1,1.27,4
1,0,2026-08-02,5,7,1,0,0,luxury,1,1.27,3
1,2,2026-08-02,5,7,1,0,0,normal,1,1.04,1
1,0,2026-08-02,6,7,1,0,0,ac,2,1.27,4
2,1,2026-08-02,6,7,1,0,0,semi_luxury,1,1.03,2
2,1,2026-08-02,10,7,1,0,0,ac,1,1.03,4
2,1,2026-08-02,14,7,1,0,0,luxury,1,1.03,3
2,1,2026-08-02,18,7,1,0,0,semi_luxury,2,1.03,2
1,0,2026-08-02,6,7,1,0,0,luxury,1,1.27,3
1,0,2026-08-02,6,7,1,0,0,normal,2,1.27,1
2,2,2026-08-02,13,7,1,0,0,normal,1,1.04,1
15,3,2026-08-02,10,7,1,0,0,semi_luxury,1,1.03,2
2,1,2026-08-02,6,7,1,0,0,luxury,1,1.03,3
15,1,2026-08-02,12,7,1,0,0,ac,1,1.05,4
1,0,2026-08-03,16,1,0,0,0,normal,1,1.36,1
15,0,2026-08-03,9,1,0,0,0,ac,1,1.19,4
15,0,2026-08-03,9,1,0,0,0,normal,1,1.19,1
15,0,2026-08-03,9,1,0,0,0,semi_luxury,2,1.19,2
15,0,2026-08-03,17,1,0,0,0,luxury,1,1.19,3
2,3,2026-08-03,8,1,0,0,0,luxury,1,1.06,3
2,3,2026-08-03,7,1,0,0,0,normal,1,1.06,1
2,3,2026-08-03,4,1,0,0,0,normal,1,1.06,1
2,0,2026-08-03,18,1,0,0,0,semi_luxury,1,1.24,2
2,0,2026-08-03,9,1,0,0,0,normal,1,1.24,1
2,0,2026-08-03,8,1,0,0,0,luxury,1,1.24,3
2,0,2026-08-03,7,1,0,0,0,semi_luxury,2,1.24,2
2,0,2026-08-03,7,1,0,0,0,normal,2,1.24,1
2,0,2026-08-03,7,1,0,0,0,luxury,1,1.24,3
15,0,2026-08-03,8,1,0,0,0,normal,1,1.19,1
2,0,2026-08-03,6,1,0,0,0,semi_luxury,1,1.24,2
1,1,2026-08-03,4,1,0,0,0,semi_luxury,1,1.07,2
1,1,2026-08-03,5,1,0,0,0,ac,1,1.07,4
1,1,2026-08-03,5,1,0,0,0,normal,1,1.07,1
1,1,2026-08-03,6,1,0,0,0,ac,1,1.07,4
1,1,2026-08-03,6,1,0,0,0,luxury,2,1.07,3
1,1,2026-08-03,16,1,0,0,0,normal,1,1.07,1
1,2,2026-08-03,18,1,0,0,0,luxury,1,1.08,3
1,2,2026-08-03,8,1,0,0,0,ac,1,1.08,4
1,2,2026-08-03,7,1,0,0,0,normal,1,1.08,1
15,1,2026-08-03,4,1,0,0,0,ac,1,1.09,4
2,1,2026-08-03,4,1,0,0,0,ac,1,1.12,4
2,1,2026-08-03,4,1,0,0,0,luxury,2,1.12,3
2,1,2026-08-03,6,1,0,0,0,ac,1,1.12,4
1,1,2026-08-03,4,1,0,0,0,ac,1,1.07,4
2,1,2026-08-03,8,1,0,0,0,semi_luxury,1,1.12,2
15,0,2026-08-03,7,1,0,0,0,semi_luxury,1,1.19,2
15,0,2026-08-03,6,1,0,0,0,luxury,1,1.19,3
1,0,2026-08-03,6,1,0,0,0,normal,2,1.36,1
1,0,2026-08-03,6,1,0,0,0,ac,1,1.36,4
1,0,2026-08-03,5,1,0,0,0,semi_luxury,1,1.36,2
1,0,2026-08-03,5,1,0,0,0,normal,1,1.36,1
1,0,2026-08-03,5,1,0,0,0,luxury,1,1.36,3
1,0,2026-08-03,5,1,0,0,0,ac,1,1.36,4
1,0,2026-08-03,4,1,0,0,0,semi_luxury,1,1.36,2
1,0,2026-08-03,4,1,0,0,0,normal,1,1.36,1
1,0,2026-08-03,4,1,0,0,0,luxury,1,1.36,3
1,0,2026-08-03,4,1,0,0,0,ac,2,1.36,4
1,0,2026-08-03,16,1,0,0,0,ac,1,1.36,4
1,0,2026-08-03,12,1,0,0,0,luxury,1,1.36,3
1,0,2026-08-03,13,1,0,0,0,luxury,1,1.36,3
15,0,2026-08-03,6,1,0,0,0,semi_luxury,1,1.19,2
1,3,2026-08-03,4,1,0,0,0,luxury,1,1.04,3
1,3,2026-08-03,5,1,0,0,0,semi_luxury,1,1.04,2
1,3,2026-08-03,6,1,0,0,0,luxury,1,1.04,3
1,3,2026-08-03,8,1,0,0,0,semi_luxury,1,1.04,2
1,3,2026-08-03,14,1,0,0,0,luxury,1,1.04,3
1,0,2026-08-03,13,1,0,0,0,normal,1,1.36,1
1,0,2026-08-03,14,1,0,0,0,luxury,1,1.36,3
15,3,2026-08-03,4,1,0,0,0,ac,1,1.12,4
15,3,2026-08-03,6,1,0,0,0,ac,1,1.12,4
15,3,2026-08-03,9,1,0,0,0,normal,1,1.12,1
15,0,2026-08-03,4,1,0,0,0,normal,1,1.19,1
15,0,2026-08-03,4,1,0,0,0,semi_luxury,1,1.19,2
15,0,2026-08-03,5,1,0,0,0,normal,2,1.19,1
15,0,2026-08-03,5,1,0,0,0,semi_luxury,1,1.19,2
1,3,2026-08-03,5,1,0,0,0,ac,1,1.04,4
2,1,2026-08-03,9,1,0,0,0,semi_luxury,2,1.12,2
2,0,2026-08-03,8,1,0,0,0,normal,1,1.24,1
1,0,2026-08-03,11,1,0,0,0,normal,1,1.36,1
1,0,2026-08-03,19,1,0,0,0,normal,1,1.36,1
15,2,2026-08-03,5,1,0,0,0,normal,1,1.16,1
1,0,2026-08-03,9,1,0,0,0,semi_luxury,1,1.36,2
1,0,2026-08-03,9,1,0,0,0,normal,1,1.36,1
1,0,2026-08-03,8,1,0,0,0,semi_luxury,1,1.36,2
1,0,2026-08-03,7,1,0,0,0,semi_luxury,1,1.36,2
2,2,2026-08-03,11,1,0,0,0,normal,1,1.08,1
1,0,2026-08-03,7,1,0,0,0,normal,1,1.36,1
2,2,2026-08-03,9,1,0,0,0,ac,1,1.08,4
2,2,2026-08-03,8,1,0,0,0,semi_luxury,1,1.08,2
2,2,2026-08-03,7,1,0,0,0,ac,1,1.08,4
2,2,2026-08-03,6,1,0,0,0,luxury,1,1.08,3
2,2,2026-08-03,6,1,0,0,0,ac,1,1.08,4
2,2,2026-08-03,5,1,0,0,0,normal,1,1.08,1
1,0,2026-08-03,6,1,0,0,0,semi_luxury,2,1.36,2
2,2,2026-08-03,17,1,0,0,0,luxury,1,1.08,3
2,1,2026-08-03,10,1,0,0,0,ac,1,1.12,4
15,1,2026-08-03,8,1,0,0,0,luxury,1,1.09,3
15,2,2026-08-03,7,1,0,0,0,normal,2,1.16,1
15,2,2026-08-03,16,1,0,0,0,normal,1,1.16,1
15,1,2026-08-03,7,1,0,0,0,ac,1,1.09,4
15,1,2026-08-03,8,1,0,0,0,semi_luxury,1,1.09,2
1,0,2026-08-04,12,2,0,0,0,luxury,1,1.19,3
1,0,2026-08-04,10,2,0,0,0,semi_luxury,1,1.19,2
1,0,2026-08-04,9,2,0,0,0,normal,1,1.19,1
1,0,2026-08-04,8,2,0,0,0,semi_luxury,1,1.19,2
1,0,2026-08-04,5,2,0,0,0,normal,1,1.19,1
1,0,2026-08-04,5,2,0,0,0,semi_luxury,1,1.19,2
15,1,2026-08-04,17,2,0,0,0,ac,1,1.04,4
15,1,2026-08-04,12,2,0,0,0,normal,1,1.04,1
15,1,2026-08-04,12,2,0,0,0,luxury,1,1.04,3
15,1,2026-08-04,5,2,0,0,0,normal,1,1.04,1
15,1,2026-08-04,5,2,0,0,0,luxury,1,1.04,3
2,2,2026-08-04,15,2,0,0,0,semi_luxury,1,1.03,2
15,0,2026-08-04,5,2,0,0,0,semi_luxury,1,1.15,2
15,0,2026-08-04,6,2,0,0,0,semi_luxury,1,1.15,2
15,0,2026-08-04,7,2,0,0,0,ac,2,1.15,4
15,0,2026-08-04,8,2,0,0,0,normal,1,1.15,1
15,0,2026-08-04,11,2,0,0,0,luxury,1,1.15,3
15,0,2026-08-04,14,2,0,0,0,luxury,1,1.15,3
15,0,2026-08-04,18,2,0,0,0,luxury,1,1.15,3
15,0,2026-08-04,19,2,0,0,0,semi_luxury,2,1.15,2
15,0,2026-08-04,20,2,0,0,0,ac,1,1.15,4
2,3,2026-08-04,10,2,0,0,0,normal,1,1.04,1
2,3,2026-08-04,7,2,0,0,0,semi_luxury,1,1.04,2
1,0,2026-08-04,15,2,0,0,0,normal,2,1.19,1
1,0,2026-08-04,18,2,0,0,0,luxury,1,1.19,3
1,0,2026-08-04,13,2,0,0,0,normal,2,1.19,1
1,0,2026-08-04,14,2,0,0,0,ac,1,1.19,4
1,0,2026-08-04,14,2,0,0,0,semi_luxury,1,1.19,2
2,3,2026-08-04,14,2,0,0,0,semi_luxury,1,1.04,2
2,2,2026-08-04,14,2,0,0,0,semi_luxury,1,1.03,2
2,2,2026-08-04,11,2,0,0,0,semi_luxury,1,1.03,2
2,2,2026-08-04,9,2,0,0,0,normal,1,1.03,1
2,2,2026-08-04,6,2,0,0,0,normal,2,1.03,1
1,3,2026-08-04,6,2,0,0,0,ac,1,1.05,4
1,3,2026-08-04,9,2,0,0,0,normal,1,1.05,1
1,3,2026-08-04,16,2,0,0,0,semi_luxury,1,1.05,2
1,3,2026-08-04,18,2,0,0,0,normal,1,1.05,1
1,3,2026-08-04,20,2,0,0,0,normal,1,1.05,1
1,3,2026-08-04,21,2,0,0,0,normal,1,1.05,1
2,2,2026-08-04,6,2,0,0,0,luxury,1,1.03,3
2,2,2026-08-04,5,2,0,0,0,normal,1,1.03,1
1,0,2026-08-04,17,2,0,0,0,semi_luxury,1,1.19,2
2,2,2026-08-04,19,2,0,0,0,luxury,1,1.03,3
2,2,2026-08-04,17,2,0,0,0,luxury,1,1.03,3
1,0,2026-08-04,17,2,0,0,0,normal,1,1.19,1
15,3,2026-08-04,5,2,0,0,0,luxury,1,1.0,3
15,1,2026-08-04,20,2,0,0,0,semi_luxury,1,1.04,2
15,3,2026-08-04,6,2,0,0,0,luxury,1,1.0,3
15,3,2026-08-04,6,2,0,0,0,normal,1,1.0,1
15,3,2026-08-04,7,2,0,0,0,normal,1,1.0,1
15,3,2026-08-04,8,2,0,0,0,ac,1,1.0,4
1,0,2026-08-04,19,2,0,0,0,luxury,2,1.19,3
15,1,2026-08-04,20,2,0,0,0,ac,1,1.04,4
15,3,2026-08-04,13,2,0,0,0,ac,1,1.0,4
15,3,2026-08-04,16,2,0,0,0,luxury,1,1.0,3
15,3,2026-08-04,18,2,0,0,0,luxury,1,1.0,3
2,3,2026-08-04,21,2,0,0,0,normal,1,1.04,1
2,3,2026-08-04,18,2,0,0,0,ac,1,1.04,4
2,3,2026-08-04,15,2,0,0,0,semi_luxury,1,1.04,2
1,0,2026-08-04,16,2,0,0,0,ac,1,1.19,4
2,1,2026-08-04,6,2,0,0,0,normal,1,1.04,1
1,0,2026-08-04,19,2,0,0,0,semi_luxury,1,1.19,2
1,0,2026-08-04,21,2,0,0,0,ac,1,1.19,4
2,0,2026-08-04,7,2,0,0,0,normal,1,1.18,1
2,0,2026-08-04,6,2,0,0,0,semi_luxury,1,1.18,2
2,0,2026-08-04,6,2,0,0,0,luxury,1,1.18,3
2,0,2026-08-04,5,2,0,0,0,semi_luxury,1,1.18,2
1,1,2026-08-04,21,2,0,0,0,normal,1,1.11,1
2,0,2026-08-04,5,2,0,0,0,luxury,1,1.18,3
1,0,2026-08-04,15,2,0,0,0,luxury,1,1.19,3
1,0,2026-08-04,20,2,0,0,0,luxury,1,1.19,3
2,0,2026-08-04,8,2,0,0,0,normal,1,1.18,1
1,0,2026-08-04,6,2,0,0,0,semi_luxury,1,1.19,2
1,0,2026-08-04,7,2,0,0,0,normal,2,1.19,1
1,0,2026-08-04,8,2,0,0,0,normal,2,1.19,1
1,1,2026-08-04,6,2,0,0,0,normal,1,1.11,1
1,1,2026-08-04,6,2,0,0,0,semi_luxury,1,1.11,2
1,1,2026-08-04,7,2,0,0,0,normal,1,1.11,1
1,1,2026-08-04,12,2,0,0,0,normal,1,1.11,1
1,1,2026-08-04,16,2,0,0,0,ac,1,1.11,4
1,1,2026-08-04,18,2,0,0,0,luxury,1,1.11,3
1,0,2026-08-04,7,2,0,0,0,luxury,1,1.19,3
2,0,2026-08-04,9,2,0,0,0,ac,1,1.18,4
2,0,2026-08-04,5,2,0,0,0,normal,1,1.18,1
2,0,2026-08-04,15,2,0,0,0,luxury,1,1.18,3
1,2,2026-08-04,15,2,0,0,0,normal,1,1.11,1
2,0,2026-08-04,9,2,0,0,0,semi_luxury,1,1.18,2
1,2,2026-08-04,10,2,0,0,0,semi_luxury,2,1.11,2
1,2,2026-08-04,7,2,0,0,0,semi_luxury,1,1.11,2
15,2,2026-08-04,5,2,0,0,0,normal,1,1.0,1
15,2,2026-08-04,15,2,0,0,0,ac,1,1.0,4
2,1,2026-08-04,11,2,0,0,0,ac,1,1.04,4
1,2,2026-08-04,19,2,0,0,0,semi_luxury,1,1.11,2
2,1,2026-08-04,8,2,0,0,0,semi_luxury,1,1.04,2
2,0,2026-08-04,19,2,0,0,0,normal,1,1.18,1
2,0,2026-08-04,19,2,0,0,0,luxury,1,1.18,3
2,0,2026-08-04,18,2,0,0,0,normal,1,1.18,1
2,0,2026-08-04,17,2,0,0,0,semi_luxury,1,1.18,2
2,0,2026-08-04,16,2,0,0,0,semi_luxury,1,1.18,2
2,0,2026-08-04,15,2,0,0,0,normal,1,1.18,1
2,1,2026-08-04,10,2,0,0,0,semi_luxury,1,1.04,2
1,2,2026-08-04,17,2,0,0,0,luxury,1,1.11,3
1,1,2026-08-05,8,3,0,0,0,ac,2,1.07,4
2,1,2026-08-05,5,3,0,0,0,luxury,1,1.09,3
1,0,2026-08-05,21,3,0,0,0,semi_luxury,1,1.19,2
1,1,2026-08-05,19,3,0,0,0,semi_luxury,2,1.07,2
1,1,2026-08-05,10,3,0,0,0,luxury,1,1.07,3
1,1,2026-08-05,10,3,0,0,0,semi_luxury,1,1.07,2
1,2,2026-08-05,19,3,0,0,0,luxury,1,1.05,3
1,2,2026-08-05,18,3,0,0,0,luxury,1,1.05,3
1,2,2026-08-05,17,3,0,0,0,semi_luxury,1,1.05,2
1,2,2026-08-05,12,3,0,0,0,ac,1,1.05,4
1,2,2026-08-05,9,3,0,0,0,normal,1,1.05,1
1,2,2026-08-05,8,3,0,0,0,normal,1,1.05,1
2,2,2026-08-05,9,3,0,0,0,normal,1,1.03,1
2,2,2026-08-05,10,3,0,0,0,normal,1,1.03,1
1,2,2026-08-05,7,3,0,0,0,semi_luxury,1,1.05,2
1,1,2026-08-05,9,3,0,0,0,ac,1,1.07,4
1,1,2026-08-05,7,3,0,0,0,normal,1,1.07,1
1,0,2026-08-05,14,3,0,0,0,normal,1,1.19,1
1,0,2026-08-05,16,3,0,0,0,luxury,1,1.19,3
1,0,2026-08-05,6,3,0,0,0,ac,1,1.19,4
1,0,2026-08-05,6,3,0,0,0,luxury,3,1.19,3
1,0,2026-08-05,19,3,0,0,0,ac,1,1.19,4
1,0,2026-08-05,17,3,0,0,0,ac,1,1.19,4
1,0,2026-08-05,6,3,0,0,0,semi_luxury,2,1.19,2
1,0,2026-08-05,7,3,0,0,0,ac,2,1.19,4
1,0,2026-08-05,7,3,0,0,0,normal,1,1.19,1
1,0,2026-08-05,8,3,0,0,0,normal,1,1.19,1
1,0,2026-08-05,9,3,0,0,0,normal,1,1.19,1
1,0,2026-08-05,9,3,0,0,0,semi_luxury,2,1.19,2
1,0,2026-08-05,10,3,0,0,0,ac,1,1.19,4
1,0,2026-08-05,10,3,0,0,0,normal,2,1.19,1
1,0,2026-08-05,11,3,0,0,0,semi_luxury,2,1.19,2
1,0,2026-08-05,19,3,0,0,0,luxury,1,1.19,3
2,2,2026-08-05,15,3,0,0,0,ac,1,1.03,4
2,2,2026-08-05,17,3,0,0,0,ac,1,1.03,4
2,1,2026-08-05,21,3,0,0,0,semi_luxury,1,1.09,2
2,1,2026-08-05,18,3,0,0,0,normal,1,1.09,1
2,1,2026-08-05,7,3,0,0,0,semi_luxury,2,1.09,2
2,1,2026-08-05,6,3,0,0,0,ac,1,1.09,4
1,0,2026-08-05,12,3,0,0,0,ac,1,1.19,4
1,0,2026-08-05,14,3,0,0,0,ac,1,1.19,4
15,3,2026-08-05,20,3,0,0,0,semi_luxury,1,1.08,2
15,3,2026-08-05,7,3,0,0,0,luxury,1,1.08,3
1,0,2026-08-05,15,3,0,0,0,normal,1,1.19,1
1,1,2026-08-05,6,3,0,0,0,normal,1,1.07,1
2,2,2026-08-05,11,3,0,0,0,luxury,1,1.03,3
2,2,2026-08-05,12,3,0,0,0,normal,1,1.03,1
15,0,2026-08-05,14,3,0,0,0,semi_luxury,1,1.13,2
2,0,2026-08-05,9,3,0,0,0,semi_luxury,1,1.11,2
1,3,2026-08-05,5,3,0,0,0,normal,1,1.03,1
2,0,2026-08-05,7,3,0,0,0,semi_luxury,1,1.11,2
2,0,2026-08-05,7,3,0,0,0,normal,1,1.11,1
2,0,2026-08-05,16,3,0,0,0,luxury,1,1.11,3
2,0,2026-08-05,15,3,0,0,0,ac,1,1.11,4
2,0,2026-08-05,14,3,0,0,0,normal,1,1.11,1
15,2,2026-08-05,14,3,0,0,0,ac,1,1.09,4
2,0,2026-08-05,13,3,0,0,0,semi_luxury,1,1.11,2
2,0,2026-08-05,6,3,0,0,0,normal,1,1.11,1
2,0,2026-08-05,19,3,0,0,0,normal,2,1.11,1
15,0,2026-08-05,14,3,0,0,0,luxury,1,1.13,3
1,3,2026-08-05,19,3,0,0,0,semi_luxury,1,1.03,2
1,3,2026-08-05,17,3,0,0,0,normal,1,1.03,1
1,3,2026-08-05,12,3,0,0,0,semi_luxury,1,1.03,2
1,3,2026-08-05,8,3,0,0,0,normal,2,1.03,1
2,0,2026-08-05,10,3,0,0,0,normal,1,1.11,1
15,2,2026-08-05,8,3,0,0,0,ac,1,1.09,4
2,0,2026-08-05,8,3,0,0,0,normal,1,1.11,1
15,2,2026-08-05,5,3,0,0,0,normal,1,1.09,1
15,1,2026-08-05,19,3,0,0,0,luxury,1,1.0,3
15,2,2026-08-05,7,3,0,0,0,normal,1,1.09,1
15,1,2026-08-05,18,3,0,0,0,normal,1,1.0,1
15,0,2026-08-05,12,3,0,0,0,luxury,2,1.13,3
15,0,2026-08-05,10,3,0,0,0,semi_luxury,1,1.13,2
15,0,2026-08-05,7,3,0,0,0,ac,1,1.13,4
15,0,2026-08-05,6,3,0,0,0,semi_luxury,4,1.13,2
15,0,2026-08-05,5,3,0,0,0,semi_luxury,1,1.13,2
15,0,2026-08-05,6,3,0,0,0,normal,1,1.13,1
15,0,2026-08-05,17,3,0,0,0,normal,1,1.13,1
15,0,2026-08-05,18,3,0,0,0,semi_luxury,1,1.13,2
2,0,2026-08-05,17,3,0,0,0,luxury,1,1.11,3
15,1,2026-08-05,17,3,0,0,0,semi_luxury,1,1.0,2
15,1,2026-08-05,13,3,0,0,0,normal,1,1.0,1
15,1,2026-08-05,5,3,0,0,0,ac,1,1.0,4
15,0,2026-08-05,21,3,0,0,0,semi_luxury,1,1.13,2
15,0,2026-08-05,16,3,0,0,0,normal,1,1.13,1
15,0,2026-08-05,13,3,0,0,0,semi_luxury,1,1.13,2
1,2,2026-08-06,20,4,0,0,0,luxury,1,1.03,3
1,2,2026-08-06,15,4,0,0,0,luxury,1,1.03,3
1,2,2026-08-06,15,4,0,0,0,normal,1,1.03,1
15,0,2026-08-06,6,4,0,0,0,semi_luxury,1,1.14,2
1,1,2026-08-06,6,4,0,0,0,luxury,1,1.07,3
15,0,2026-08-06,15,4,0,0,0,semi_luxury,1,1.14,2
15,0,2026-08-06,14,4,0,0,0,semi_luxury,2,1.14,2
15,0,2026-08-06,12,4,0,0,0,semi_luxury,1,1.14,2
15,0,2026-08-06,10,4,0,0,0,semi_luxury,1,1.14,2
15,0,2026-08-06,6,4,0,0,0,normal,1,1.14,1
15,0,2026-08-06,6,4,0,0,0,luxury,1,1.14,3
15,0,2026-08-06,6,4,0,0,0,ac,1,1.14,4
15,0,2026-08-06,5,4,0,0,0,semi_luxury,1,1.14,2
1,1,2026-08-06,9,4,0,0,0,ac,1,1.07,4
1,2,2026-08-06,14,4,0,0,0,normal,1,1.03,1
2,0,2026-08-06,5,4,0,0,0,semi_luxury,1,1.14,2
1,2,2026-08-06,9,4,0,0,0,normal,1,1.03,1
1,0,2026-08-06,5,4,0,0,0,normal,1,1.26,1
15,2,2026-08-06,9,4,0,0,0,normal,1,1.02,1
15,2,2026-08-06,8,4,0,0,0,ac,1,1.02,4
15,2,2026-08-06,6,4,0,0,0,normal,1,1.02,1
15,2,2026-08-06,5,4,0,0,0,ac,1,1.02,4
2,1,2026-08-06,10,4,0,0,0,semi_luxury,1,1.11,2
2,1,2026-08-06,13,4,0,0,0,luxury,1,1.11,3
1,0,2026-08-06,5,4,0,0,0,semi_luxury,1,1.26,2
2,1,2026-08-06,17,4,0,0,0,normal,1,1.11,1
2,2,2026-08-06,8,4,0,0,0,normal,1,1.02,1
2,2,2026-08-06,7,4,0,0,0,luxury,2,1.02,3
2,2,2026-08-06,6,4,0,0,0,normal,1,1.02,1
15,1,2026-08-06,16,4,0,0,0,luxury,1,1.05,3
15,1,2026-08-06,14,4,0,0,0,semi_luxury,1,1.05,2
15,1,2026-08-06,8,4,0,0,0,semi_luxury,1,1.05,2
15,1,2026-08-06,6,4,0,0,0,luxury,1,1.05,3
2,1,2026-08-06,18,4,0,0,0,semi_luxury,1,1.11,2
1,2,2026-08-06,14,4,0,0,0,luxury,1,1.03,3
1,0,2026-08-06,6,4,0,0,0,normal,1,1.26,1
1,0,2026-08-06,7,4,0,0,0,luxury,1,1.26,3
1,2,2026-08-06,8,4,0,0,0,normal,1,1.03,1
1,2,2026-08-06,6,4,0,0,0,semi_luxury,1,1.03,2
1,2,2026-08-06,6,4,0,0,0,luxury,1,1.03,3
15,0,2026-08-06,19,4,0,0,0,normal,1,1.14,1
15,0,2026-08-06,20,4,0,0,0,normal,1,1.14,1
15,0,2026-08-06,21,4,0,0,0,normal,1,1.14,1
1,0,2026-08-06,13,4,0,0,0,normal,3,1.26,1
1,0,2026-08-06,6,4,0,0,0,semi_luxury,1,1.26,2
1,0,2026-08-06,13,4,0,0,0,luxury,1,1.26,3
1,0,2026-08-06,10,4,0,0,0,semi_luxury,1,1.26,2
1,0,2026-08-06,10,4,0,0,0,normal,1,1.26,1
1,0,2026-08-06,9,4,0,0,0,normal,4,1.26,1
1,0,2026-08-06,8,4,0,0,0,semi_luxury,1,1.26,2
1,0,2026-08-06,8,4,0,0,0,normal,2,1.26,1
1,0,2026-08-06,8,4,0,0,0,ac,1,1.26,4
1,0,2026-08-06,7,4,0,0,0,normal,1,1.26,1
1,0,2026-08-06,11,4,0,0,0,normal,1,1.26,1
1,0,2026-08-06,13,4,0,0,0,semi_luxury,1,1.26,2
1,1,2026-08-06,20,4,0,0,0,luxury,1,1.07,3
1,0,2026-08-06,19,4,0,0,0,semi_luxury,2,1.26,2
1,3,2026-08-06,15,4,0,0,0,semi_luxury,1,1.07,2
1,3,2026-08-06,15,4,0,0,0,normal,1,1.07,1
1,3,2026-08-06,14,4,0,0,0,normal,1,1.07,1
1,3,2026-08-06,13,4,0,0,0,semi_luxury,1,1.07,2
1,3,2026-08-06,12,4,0,0,0,normal,1,1.07,1
1,3,2026-08-06,8,4,0,0,0,normal,2,1.07,1
2,0,2026-08-06,16,4,0,0,0,normal,1,1.14,1
2,0,2026-08-06,18,4,0,0,0,semi_luxury,1,1.14,2
2,0,2026-08-06,21,4,0,0,0,ac,1,1.14,4
1,3,2026-08-06,8,4,0,0,0,luxury,1,1.07,3
1,3,2026-08-06,7,4,0,0,0,semi_luxury,1,1.07,2
1,3,2026-08-06,6,4,0,0,0,ac,1,1.07,4
1,0,2026-08-06,20,4,0,0,0,semi_luxury,1,1.26,2
2,3,2026-08-06,5,4,0,0,0,luxury,1,1.0,3
2,3,2026-08-06,12,4,0,0,0,semi_luxury,1,1.0,2
2,3,2026-08-06,15,4,0,0,0,semi_luxury,1,1.0,2
2,3,2026-08-06,16,4,0,0,0,luxury,1,1.0,3
1,0,2026-08-06,14,4,0,0,0,ac,1,1.26,4
1,0,2026-08-06,14,4,0,0,0,normal,2,1.26,1
1,0,2026-08-06,14,4,0,0,0,semi_luxury,2,1.26,2
1,0,2026-08-06,16,4,0,0,0,ac,1,1.26,4
1,0,2026-08-06,17,4,0,0,0,ac,1,1.26,4
1,0,2026-08-06,17,4,0,0,0,normal,1,1.26,1
1,0,2026-08-06,18,4,0,0,0,semi_luxury,1,1.26,2
1,0,2026-08-06,19,4,0,0,0,normal,2,1.26,1
1,3,2026-08-06,18,4,0,0,0,semi_luxury,1,1.07,2
15,3,2026-08-06,5,4,0,0,0,semi_luxury,1,1.0,2
1,0,2026-08-06,20,4,0,0,0,normal,1,1.26,1
15,3,2026-08-06,20,4,0,0,0,luxury,1,1.0,3
2,0,2026-08-06,14,4,0,0,0,semi_luxury,1,1.14,2
2,0,2026-08-06,15,4,0,0,0,luxury,1,1.14,3
15,3,2026-08-06,6,4,0,0,0,luxury,1,1.0,3
2,0,2026-08-06,9,4,0,0,0,semi_luxury,2,1.14,2
2,0,2026-08-06,10,4,0,0,0,semi_luxury,1,1.14,2
2,0,2026-08-06,11,4,0,0,0,ac,1,1.14,4
2,0,2026-08-06,12,4,0,0,0,normal,1,1.14,1
15,3,2026-08-06,9,4,0,0,0,normal,1,1.0,1
2,0,2026-08-06,8,4,0,0,0,normal,1,1.14,1
2,0,2026-08-06,8,4,0,0,0,ac,1,1.14,4
2,0,2026-08-06,7,4,0,0,0,semi_luxury,2,1.14,2
2,0,2026-08-06,7,4,0,0,0,normal,1,1.14,1
2,0,2026-08-06,6,4,0,0,0,semi_luxury,1,1.14,2
2,0,2026-08-06,6,4,0,0,0,normal,1,1.14,1
15,3,2026-08-06,21,4,0,0,0,ac,1,1.0,4
2,0,2026-08-07,19,5,0,0,0,luxury,1,1.15,3
15,1,2026-08-07,11,5,0,0,0,ac,1,1.07,4
2,1,2026-08-07,19,5,0,0,0,luxury,1,1.06,3
15,2,2026-08-07,16,5,0,0,0,luxury,1,1.04,3
15,2,2026-08-07,12,5,0,0,0,ac,1,1.04,4
15,1,2026-08-07,17,5,0,0,0,semi_luxury,1,1.07,2
15,2,2026-08-07,17,5,0,0,0,luxury,1,1.04,3
2,0,2026-08-07,19,5,0,0,0,normal,1,1.15,1
2,0,2026-08-07,20,5,0,0,0,normal,1,1.15,1
2,0,2026-08-07,21,5,0,0,0,ac,1,1.15,4
15,2,2026-08-07,18,5,0,0,0,ac,1,1.04,4
15,2,2026-08-07,8,5,0,0,0,semi_luxury,1,1.04,2
15,1,2026-08-07,18,5,0,0,0,luxury,1,1.07,3
2,0,2026-08-07,16,5,0,0,0,normal,1,1.15,1
2,1,2026-08-07,19,5,0,0,0,normal,1,1.06,1
2,1,2026-08-07,12,5,0,0,0,ac,1,1.06,4
2,1,2026-08-07,19,5,0,0,0,semi_luxury,1,1.06,2
2,1,2026-08-07,11,5,0,0,0,semi_luxury,1,1.06,2
2,2,2026-08-07,21,5,0,0,0,normal,1,1.05,1
2,2,2026-08-07,18,5,0,0,0,semi_luxury,1,1.05,2
2,2,2026-08-07,18,5,0,0,0,normal,1,1.05,1
2,2,2026-08-07,17,5,0,0,0,luxury,1,1.05,3
2,2,2026-08-07,16,5,0,0,0,semi_luxury,1,1.05,2
2,2,2026-08-07,13,5,0,0,0,normal,1,1.05,1
2,2,2026-08-07,6,5,0,0,0,semi_luxury,1,1.05,2
2,1,2026-08-07,10,5,0,0,0,semi_luxury,1,1.06,2
2,0,2026-08-07,18,5,0,0,0,ac,1,1.15,4
2,1,2026-08-07,10,5,0,0,0,normal,1,1.06,1
2,1,2026-08-07,6,5,0,0,0,luxury,1,1.06,3
2,0,2026-08-07,11,5,0,0,0,normal,2,1.15,1
15,0,2026-08-07,20,5,0,0,0,semi_luxury,1,1.13,2
15,0,2026-08-07,19,5,0,0,0,semi_luxury,1,1.13,2
15,0,2026-08-07,19,5,0,0,0,luxury,1,1.13,3
15,0,2026-08-07,18,5,0,0,0,normal,2,1.13,1
2,0,2026-08-07,12,5,0,0,0,semi_luxury,1,1.15,2
2,0,2026-08-07,14,5,0,0,0,normal,1,1.15,1
2,0,2026-08-07,15,5,0,0,0,luxury,1,1.15,3
2,0,2026-08-07,15,5,0,0,0,normal,1,1.15,1
2,0,2026-08-07,16,5,0,0,0,luxury,2,1.15,3
1,3,2026-08-07,21,5,0,0,0,semi_luxury,1,1.07,2
2,1,2026-08-07,8,5,0,0,0,semi_luxury,1,1.06,2
1,3,2026-08-07,21,5,0,0,0,luxury,1,1.07,3
2,0,2026-08-07,6,5,0,0,0,normal,1,1.15,1
1,0,2026-08-07,13,5,0,0,0,ac,1,1.35,4
1,1,2026-08-07,21,5,0,0,0,normal,1,1.13,1
1,1,2026-08-07,17,5,0,0,0,ac,1,1.13,4
1,1,2026-08-07,16,5,0,0,0,semi_luxury,2,1.13,2
1,1,2026-08-07,15,5,0,0,0,semi_luxury,1,1.13,2
1,1,2026-08-07,15,5,0,0,0,ac,1,1.13,4
1,1,2026-08-07,7,5,0,0,0,luxury,1,1.13,3
1,3,2026-08-07,6,5,0,0,0,ac,1,1.07,4
1,0,2026-08-07,21,5,0,0,0,semi_luxury,1,1.35,2
1,0,2026-08-07,20,5,0,0,0,semi_luxury,1,1.35,2
1,0,2026-08-07,20,5,0,0,0,normal,3,1.35,1
1,0,2026-08-07,11,5,0,0,0,normal,1,1.35,1
1,0,2026-08-07,20,5,0,0,0,luxury,2,1.35,3
1,0,2026-08-07,15,5,0,0,0,ac,1,1.35,4
1,0,2026-08-07,19,5,0,0,0,normal,3,1.35,1
1,0,2026-08-07,19,5,0,0,0,ac,1,1.35,4
1,0,2026-08-07,18,5,0,0,0,semi_luxury,1,1.35,2
1,0,2026-08-07,17,5,0,0,0,semi_luxury,1,1.35,2
1,0,2026-08-07,17,5,0,0,0,normal,1,1.35,1
1,0,2026-08-07,17,5,0,0,0,luxury,1,1.35,3
1,0,2026-08-07,17,5,0,0,0,ac,1,1.35,4
1,0,2026-08-07,16,5,0,0,0,semi_luxury,2,1.35,2
1,0,2026-08-07,15,5,0,0,0,semi_luxury,2,1.35,2
1,0,2026-08-07,15,5,0,0,0,normal,1,1.35,1
1,0,2026-08-07,13,5,0,0,0,semi_luxury,1,1.35,2
1,0,2026-08-07,11,5,0,0,0,ac,1,1.35,4
1,1,2026-08-07,19,5,0,0,0,normal,1,1.13,1
1,2,2026-08-07,21,5,0,0,0,semi_luxury,1,1.09,2
15,0,2026-08-07,15,5,0,0,0,semi_luxury,1,1.13,2
15,0,2026-08-07,16,5,0,0,0,normal,1,1.13,1
15,3,2026-08-07,19,5,0,0,0,normal,1,1.06,1
1,3,2026-08-07,9,5,0,0,0,semi_luxury,1,1.07,2
1,0,2026-08-07,10,5,0,0,0,normal,1,1.35,1
15,2,2026-08-07,19,5,0,0,0,semi_luxury,1,1.04,2
15,0,2026-08-07,13,5,0,0,0,normal,1,1.13,1
15,0,2026-08-07,12,5,0,0,0,normal,1,1.13,1
15,0,2026-08-07,6,5,0,0,0,luxury,1,1.13,3
15,0,2026-08-07,13,5,0,0,0,semi_luxury,1,1.13,2
15,3,2026-08-07,11,5,0,0,0,ac,1,1.06,4
2,3,2026-08-07,18,5,0,0,0,semi_luxury,1,1.0,2
1,0,2026-08-07,8,5,0,0,0,semi_luxury,1,1.35,2
1,2,2026-08-07,8,5,0,0,0,normal,1,1.09,1
1,2,2026-08-07,11,5,0,0,0,normal,1,1.09,1
1,2,2026-08-07,13,5,0,0,0,normal,1,1.09,1
1,2,2026-08-07,15,5,0,0,0,normal,1,1.09,1
1,2,2026-08-07,18,5,0,0,0,semi_luxury,2,1.09,2
1,3,2026-08-07,12,5,0,0,0,luxury,1,1.07,3
1,2,2026-08-07,19,5,0,0,0,ac,1,1.09,4
1,2,2026-08-07,21,5,0,0,0,normal,1,1.09,1
2,3,2026-08-07,21,5,0,0,0,normal,1,1.0,1
15,0,2026-08-07,15,5,0,0,0,normal,1,1.13,1
15,3,2026-08-08,9,6,1,0,0,normal,1,1.03,1
15,3,2026-08-08,7,6,1,0,0,normal,1,1.03,1
15,0,2026-08-08,20,6,1,0,0,normal,1,1.17,1
15,0,2026-08-08,14,6,1,0,0,normal,1,1.17,1
15,0,2026-08-08,16,6,1,0,0,luxury,1,1.17,3
15,0,2026-08-08,18,6,1,0,0,semi_luxury,1,1.17,2
15,0,2026-08-08,20,6,1,0,0,ac,1,1.17,4
15,0,2026-08-08,20,6,1,0,0,luxury,1,1.17,3
15,1,2026-08-08,14,6,1,0,0,normal,1,1.02,1
15,0,2026-08-08,7,6,1,0,0,semi_luxury,1,1.17,2
15,0,2026-08-08,10,6,1,0,0,luxury,1,1.17,3
15,0,2026-08-08,7,6,1,0,0,normal,3,1.17,1
2,3,2026-08-08,16,6,1,0,0,normal,1,1.07,1
15,0,2026-08-08,5,6,1,0,0,normal,2,1.17,1
2,3,2026-08-08,7,6,1,0,0,normal,2,1.07,1
15,2,2026-08-08,5,6,1,0,0,luxury,1,1.08,3
15,2,2026-08-08,5,6,1,0,0,semi_luxury,1,1.08,2
15,2,2026-08-08,7,6,1,0,0,ac,1,1.08,4
15,2,2026-08-08,15,6,1,0,0,normal,1,1.08,1
2,3,2026-08-08,6,6,1,0,0,luxury,1,1.07,3
1,1,2026-08-08,6,6,1,0,0,semi_luxury,1,1.09,2
1,1,2026-08-08,6,6,1,0,0,normal,1,1.09,1
1,1,2026-08-08,6,6,1,0,0,ac,1,1.09,4
15,0,2026-08-08,6,6,1,0,0,ac,1,1.17,4
1,1,2026-08-08,5,6,1,0,0,normal,3,1.09,1
2,3,2026-08-08,20,6,1,0,0,normal,1,1.07,1
1,1,2026-08-08,9,6,1,0,0,normal,1,1.09,1
1,1,2026-08-08,10,6,1,0,0,normal,1,1.09,1
1,1,2026-08-08,16,6,1,0,0,semi_luxury,1,1.09,2
1,1,2026-08-08,17,6,1,0,0,luxury,1,1.09,3
2,2,2026-08-08,10,6,1,0,0,semi_luxury,2,1.06,2
2,2,2026-08-08,9,6,1,0,0,ac,1,1.06,4
2,2,2026-08-08,8,6,1,0,0,normal,1,1.06,1
2,2,2026-08-08,7,6,1,0,0,normal,1,1.06,1
1,1,2026-08-08,7,6,1,0,0,semi_luxury,1,1.09,2
1,1,2026-08-08,8,6,1,0,0,semi_luxury,1,1.09,2
1,0,2026-08-08,10,6,1,0,0,semi_luxury,1,1.28,2
2,0,2026-08-08,10,6,1,0,0,semi_luxury,2,1.18,2
2,0,2026-08-08,15,6,1,0,0,normal,1,1.18,1
2,0,2026-08-08,13,6,1,0,0,ac,1,1.18,4
2,0,2026-08-08,12,6,1,0,0,normal,1,1.18,1
2,0,2026-08-08,9,6,1,0,0,normal,1,1.18,1
2,0,2026-08-08,8,6,1,0,0,normal,1,1.18,1
2,0,2026-08-08,7,6,1,0,0,semi_luxury,1,1.18,2
1,2,2026-08-08,10,6,1,0,0,luxury,1,1.12,3
2,0,2026-08-08,7,6,1,0,0,ac,1,1.18,4
2,0,2026-08-08,6,6,1,0,0,semi_luxury,1,1.18,2
2,0,2026-08-08,6,6,1,0,0,luxury,1,1.18,3
1,3,2026-08-08,5,6,1,0,0,luxury,1,1.05,3
1,3,2026-08-08,6,6,1,0,0,luxury,1,1.05,3
1,3,2026-08-08,6,6,1,0,0,normal,2,1.05,1
2,0,2026-08-08,16,6,1,0,0,luxury,1,1.18,3
1,3,2026-08-08,7,6,1,0,0,luxury,1,1.05,3
1,3,2026-08-08,9,6,1,0,0,normal,1,1.05,1
1,3,2026-08-08,18,6,1,0,0,normal,1,1.05,1
1,0,2026-08-08,6,6,1,0,0,semi_luxury,2,1.28,2
1,0,2026-08-08,7,6,1,0,0,normal,1,1.28,1
1,0,2026-08-08,8,6,1,0,0,normal,2,1.28,1
1,0,2026-08-08,8,6,1,0,0,semi_luxury,1,1.28,2
1,0,2026-08-08,9,6,1,0,0,normal,1,1.28,1
1,2,2026-08-08,20,6,1,0,0,normal,1,1.12,1
1,2,2026-08-08,15,6,1,0,0,normal,2,1.12,1
2,1,2026-08-08,20,6,1,0,0,ac,1,1.05,4
2,1,2026-08-08,15,6,1,0,0,normal,1,1.05,1
2,1,2026-08-08,10,6,1,0,0,semi_luxury,1,1.05,2
2,1,2026-08-08,9,6,1,0,0,normal,1,1.05,1
1,3,2026-08-08,7,6,1,0,0,normal,1,1.05,1
2,0,2026-08-08,17,6,1,0,0,ac,1,1.18,4
2,0,2026-08-08,7,6,1,0,0,normal,1,1.18,1
2,0,2026-08-08,20,6,1,0,0,semi_luxury,1,1.18,2
1,0,2026-08-08,11,6,1,0,0,luxury,1,1.28,3
1,0,2026-08-08,11,6,1,0,0,semi_luxury,1,1.28,2
1,0,2026-08-08,15,6,1,0,0,semi_luxury,1,1.28,2
1,0,2026-08-08,16,6,1,0,0,ac,1,1.28,4
1,0,2026-08-08,16,6,1,0,0,semi_luxury,1,1.28,2
1,0,2026-08-08,17,6,1,0,0,luxury,1,1.28,3
1,0,2026-08-08,18,6,1,0,0,normal,1,1.28,1
1,0,2026-08-08,19,6,1,0,0,normal,1,1.28,1
1,0,2026-08-08,10,6,1,0,0,normal,1,1.28,1
2,0,2026-08-08,19,6,1,0,0,normal,1,1.18,1
1,2,2026-08-08,15,6,1,0,0,luxury,1,1.12,3
2,0,2026-08-09,15,7,1,0,0,luxury,1,1.2,3
2,0,2026-08-09,7,7,1,0,0,normal,1,1.2,1
15,2,2026-08-09,19,7,1,0,0,semi_luxury,1,1.04,2
15,2,2026-08-09,6,7,1,0,0,luxury,1,1.04,3
1,2,2026-08-09,16,7,1,0,0,luxury,1,1.04,3
1,2,2026-08-09,15,7,1,0,0,normal,1,1.04,1
1,2,2026-08-09,9,7,1,0,0,semi_luxury,1,1.04,2
2,0,2026-08-09,9,7,1,0,0,ac,1,1.2,4
1,2,2026-08-09,8,7,1,0,0,normal,1,1.04,1
2,0,2026-08-09,7,7,1,0,0,luxury,1,1.2,3
2,0,2026-08-09,6,7,1,0,0,normal,1,1.2,1
2,0,2026-08-09,6,7,1,0,0,luxury,1,1.2,3
2,0,2026-08-09,5,7,1,0,0,normal,1,1.2,1
2,3,2026-08-09,6,7,1,0,0,semi_luxury,1,1.06,2
2,3,2026-08-09,9,7,1,0,0,normal,1,1.06,1
1,2,2026-08-09,6,7,1,0,0,normal,1,1.04,1
2,0,2026-08-09,13,7,1,0,0,luxury,2,1.2,3
2,0,2026-08-09,20,7,1,0,0,luxury,1,1.2,3
2,0,2026-08-09,19,7,1,0,0,semi_luxury,2,1.2,2
15,3,2026-08-09,15,7,1,0,0,normal,1,1.03,1
15,3,2026-08-09,5,7,1,0,0,normal,1,1.03,1
2,0,2026-08-09,16,7,1,0,0,luxury,1,1.2,3
2,0,2026-08-09,17,7,1,0,0,normal,1,1.2,1
2,0,2026-08-09,18,7,1,0,0,luxury,1,1.2,3
1,3,2026-08-09,5,7,1,0,0,normal,1,1.13,1
2,0,2026-08-09,10,7,1,0,0,semi_luxury,2,1.2,2
1,3,2026-08-09,6,7,1,0,0,normal,1,1.13,1
1,3,2026-08-09,7,7,1,0,0,semi_luxury,1,1.13,2
1,3,2026-08-09,8,7,1,0,0,normal,2,1.13,1
2,0,2026-08-09,13,7,1,0,0,ac,1,1.2,4
1,3,2026-08-09,13,7,1,0,0,luxury,2,1.13,3
1,3,2026-08-09,14,7,1,0,0,normal,1,1.13,1
1,3,2026-08-09,18,7,1,0,0,ac,1,1.13,4
1,3,2026-08-09,7,7,1,0,0,ac,1,1.13,4
1,3,2026-08-09,9,7,1,0,0,luxury,1,1.13,3
1,2,2026-08-09,10,7,1,0,0,ac,1,1.04,4
2,1,2026-08-09,7,7,1,0,0,normal,1,1.03,1
2,2,2026-08-09,18,7,1,0,0,luxury,1,1.04,3
1,0,2026-08-09,7,7,1,0,0,normal,2,1.27,1
1,0,2026-08-09,8,7,1,0,0,ac,1,1.27,4
15,0,2026-08-09,10,7,1,0,0,normal,1,1.14,1
15,0,2026-08-09,13,7,1,0,0,semi_luxury,1,1.14,2
15,0,2026-08-09,14,7,1,0,0,luxury,1,1.14,3
15,0,2026-08-09,18,7,1,0,0,luxury,1,1.14,3
1,0,2026-08-09,8,7,1,0,0,normal,1,1.27,1
1,0,2026-08-09,8,7,1,0,0,semi_luxury,2,1.27,2
1,0,2026-08-09,9,7,1,0,0,ac,1,1.27,4
1,0,2026-08-09,16,7,1,0,0,semi_luxury,2,1.27,2
1,0,2026-08-09,9,7,1,0,0,luxury,1,1.27,3
1,0,2026-08-09,10,7,1,0,0,ac,1,1.27,4
1,0,2026-08-09,10,7,1,0,0,normal,3,1.27,1
1,0,2026-08-09,10,7,1,0,0,semi_luxury,1,1.27,2
2,1,2026-08-09,5,7,1,0,0,semi_luxury,1,1.03,2
1,0,2026-08-09,13,7,1,0,0,semi_luxury,1,1.27,2
1,0,2026-08-09,14,7,1,0,0,ac,1,1.27,4
1,0,2026-08-09,15,7,1,0,0,luxury,1,1.27,3
15,1,2026-08-09,9,7,1,0,0,luxury,1,1.05,3
1,0,2026-08-09,20,7,1,0,0,normal,2,1.27,1
1,0,2026-08-09,17,7,1,0,0,luxury,1,1.27,3
1,0,2026-08-09,9,7,1,0,0,normal,2,1.27,1
2,2,2026-08-09,9,7,1,0,0,normal,1,1.04,1
2,2,2026-08-09,10,7,1,0,0,normal,1,1.04,1
2,2,2026-08-09,5,7,1,0,0,semi_luxury,1,1.04,2
1,1,2026-08-09,8,7,1,0,0,ac,2,1.07,4
1,1,2026-08-09,12,7,1,0,0,normal,1,1.07,1
1,1,2026-08-09,13,7,1,0,0,normal,1,1.07,1
1,1,2026-08-09,13,7,1,0,0,semi_luxury,1,1.07,2
1,1,2026-08-09,14,7,1,0,0,ac,1,1.07,4
2,2,2026-08-09,9,7,1,0,0,luxury,2,1.04,3
1,1,2026-08-09,14,7,1,0,0,semi_luxury,1,1.07,2
1,1,2026-08-09,16,7,1,0,0,luxury,1,1.07,3
15,1,2026-08-09,13,7,1,0,0,semi_luxury,1,1.05,2
1,0,2026-08-09,6,7,1,0,0,luxury,1,1.27,3
2,1,2026-08-09,16,7,1,0,0,semi_luxury,1,1.03,2
15,0,2026-08-09,9,7,1,0,0,luxury,1,1.14,3
2,1,2026-08-09,13,7,1,0,0,normal,1,1.03,1
15,0,2026-08-09,7,7,1,0,0,normal,1,1.14,1
2,1,2026-08-09,9,7,1,0,0,semi_luxury,1,1.03,2
1,1,2026-08-09,19,7,1,0,0,normal,1,1.07,1
1,0,2026-08-09,5,7,1,0,0,semi_luxury,1,1.27,2
1,1,2026-08-09,18,7,1,0,0,semi_luxury,1,1.07,2
2,0,2026-08-10,6,1,0,0,0,semi_luxury,1,1.24,2
2,0,2026-08-10,6,1,0,0,0,luxury,1,1.24,3
2,3,2026-08-10,5,1,0,0,0,normal,1,1.06,1
2,3,2026-08-10,4,1,0,0,0,luxury,1,1.06,3
2,0,2026-08-10,5,1,0,0,0,ac,1,1.24,4
2,0,2026-08-10,4,1,0,0,0,luxury,1,1.24,3
2,0,2026-08-10,5,1,0,0,0,luxury,1,1.24,3
2,0,2026-08-10,4,1,0,0,0,semi_luxury,1,1.24,2
1,0,2026-08-10,5,1,0,0,0,semi_luxury,1,1.36,2
15,1,2026-08-10,17,1,0,0,0,semi_luxury,1,1.09,2
1,3,2026-08-10,13,1,0,0,0,ac,1,1.04,4
1,3,2026-08-10,16,1,0,0,0,luxury,1,1.04,3
1,3,2026-08-10,18,1,0,0,0,luxury,1,1.04,3
1,0,2026-08-10,6,1,0,0,0,luxury,2,1.36,3
15,2,2026-08-10,11,1,0,0,0,luxury,1,1.16,3
15,2,2026-08-10,9,1,0,0,0,normal,1,1.16,1
1,3,2026-08-10,8,1,0,0,0,luxury,1,1.04,3
15,2,2026-08-10,8,1,0,0,0,luxury,2,1.16,3
1,0,2026-08-10,12,1,0,0,0,luxury,1,1.36,3
1,0,2026-08-10,9,1,0,0,0,normal,2,1.36,1
1,0,2026-08-10,9,1,0,0,0,ac,1,1.36,4
1,0,2026-08-10,7,1,0,0,0,normal,2,1.36,1
1,0,2026-08-10,6,1,0,0,0,semi_luxury,1,1.36,2
2,0,2026-08-10,7,1,0,0,0,ac,1,1.24,4
15,2,2026-08-10,6,1,0,0,0,luxury,1,1.16,3
15,1,2026-08-10,7,1,0,0,0,normal,2,1.09,1
1,3,2026-08-10,8,1,0,0,0,ac,1,1.04,4
1,3,2026-08-10,5,1,0,0,0,semi_luxury,1,1.04,2
1,0,2026-08-10,4,1,0,0,0,luxury,1,1.36,3
1,0,2026-08-10,4,1,0,0,0,normal,3,1.36,1
1,0,2026-08-10,5,1,0,0,0,luxury,1,1.36,3
1,0,2026-08-10,5,1,0,0,0,normal,4,1.36,1
15,0,2026-08-10,18,1,0,0,0,luxury,1,1.19,3
15,0,2026-08-10,9,1,0,0,0,semi_luxury,1,1.19,2
1,3,2026-08-10,7,1,0,0,0,luxury,1,1.04,3
15,0,2026-08-10,9,1,0,0,0,luxury,1,1.19,3
15,0,2026-08-10,8,1,0,0,0,normal,1,1.19,1
15,0,2026-08-10,7,1,0,0,0,luxury,1,1.19,3
15,0,2026-08-10,7,1,0,0,0,ac,1,1.19,4
15,0,2026-08-10,6,1,0,0,0,luxury,1,1.19,3
15,0,2026-08-10,5,1,0,0,0,normal,1,1.19,1
15,0,2026-08-10,4,1,0,0,0,semi_luxury,1,1.19,2
15,0,2026-08-10,8,1,0,0,0,semi_luxury,2,1.19,2
2,0,2026-08-10,7,1,0,0,0,luxury,1,1.24,3
2,1,2026-08-10,9,1,0,0,0,semi_luxury,1,1.12,2
2,0,2026-08-10,8,1,0,0,0,semi_luxury,1,1.24,2
1,2,2026-08-10,5,1,0,0,0,semi_luxury,1,1.08,2
2,1,2026-08-10,16,1,0,0,0,semi_luxury,1,1.12,2
2,1,2026-08-10,14,1,0,0,0,semi_luxury,1,1.12,2
2,1,2026-08-10,12,1,0,0,0,normal,1,1.12,1
2,1,2026-08-10,5,1,0,0,0,normal,1,1.12,1
2,2,2026-08-10,6,1,0,0,0,semi_luxury,1,1.08,2
2,2,2026-08-10,8,1,0,0,0,normal,1,1.08,1
1,1,2026-08-10,15,1,0,0,0,semi_luxury,1,1.07,2
2,2,2026-08-10,8,1,0,0,0,semi_luxury,1,1.08,2
2,2,2026-08-10,12,1,0,0,0,ac,1,1.08,4
1,1,2026-08-10,9,1,0,0,0,semi_luxury,1,1.07,2
1,1,2026-08-10,9,1,0,0,0,normal,1,1.07,1
1,1,2026-08-10,8,1,0,0,0,semi_luxury,1,1.07,2
1,1,2026-08-10,8,1,0,0,0,luxury,1,1.07,3
1,1,2026-08-10,8,1,0,0,0,ac,1,1.07,4
1,1,2026-08-10,6,1,0,0,0,luxury,1,1.07,3
2,2,2026-08-10,17,1,0,0,0,luxury,1,1.08,3
1,2,2026-08-10,20,1,0,0,0,ac,1,1.08,4
1,2,2026-08-10,8,1,0,0,0,semi_luxury,1,1.08,2
1,2,2026-08-10,7,1,0,0,0,semi_luxury,1,1.08,2
1,2,2026-08-10,6,1,0,0,0,semi_luxury,1,1.08,2
2,0,2026-08-10,8,1,0,0,0,normal,1,1.24,1
2,1,2026-08-10,20,1,0,0,0,luxury,1,1.12,3
1,1,2026-08-10,5,1,0,0,0,semi_luxury,1,1.07,2
15,3,2026-08-10,4,1,0,0,0,ac,1,1.12,4
2,0,2026-08-10,9,1,0,0,0,ac,1,1.24,4
2,0,2026-08-10,9,1,0,0,0,semi_luxury,1,1.24,2
2,0,2026-08-10,10,1,0,0,0,ac,1,1.24,4
2,0,2026-08-10,20,1,0,0,0,luxury,1,1.24,3
15,3,2026-08-10,16,1,0,0,0,normal,1,1.12,1
15,3,2026-08-10,9,1,0,0,0,normal,1,1.12,1
15,3,2026-08-10,8,1,0,0,0,normal,1,1.12,1
15,3,2026-08-10,5,1,0,0,0,semi_luxury,1,1.12,2
15,0,2026-08-11,21,2,0,0,0,normal,1,1.15,1
15,0,2026-08-11,20,2,0,0,0,semi_luxury,1,1.15,2
15,0,2026-08-11,20,2,0,0,0,normal,1,1.15,1
15,0,2026-08-11,14,2,0,0,0,normal,1,1.15,1
15,0,2026-08-11,11,2,0,0,0,ac,1,1.15,4
15,0,2026-08-11,10,2,0,0,0,semi_luxury,2,1.15,2
15,0,2026-08-11,9,2,0,0,0,semi_luxury,1,1.15,2
1,1,2026-08-11,19,2,0,0,0,semi_luxury,1,1.11,2
1,1,2026-08-11,17,2,0,0,0,normal,1,1.11,1
15,0,2026-08-11,8,2,0,0,0,luxury,1,1.15,3
15,0,2026-08-11,5,2,0,0,0,semi_luxury,1,1.15,2
15,0,2026-08-11,5,2,0,0,0,normal,2,1.15,1
1,1,2026-08-11,5,2,0,0,0,semi_luxury,2,1.11,2
1,1,2026-08-11,8,2,0,0,0,luxury,1,1.11,3
1,1,2026-08-11,8,2,0,0,0,normal,1,1.11,1
1,1,2026-08-11,9,2,0,0,0,semi_luxury,1,1.11,2
1,1,2026-08-11,16,2,0,0,0,ac,1,1.11,4
1,1,2026-08-11,21,2,0,0,0,luxury,1,1.11,3
15,0,2026-08-11,9,2,0,0,0,normal,2,1.15,1
1,1,2026-08-11,17,2,0,0,0,luxury,1,1.11,3
1,0,2026-08-11,5,2,0,0,0,luxury,1,1.19,3
15,2,2026-08-11,14,2,0,0,0,normal,1,1.0,1
1,0,2026-08-11,21,2,0,0,0,ac,1,1.19,4
1,0,2026-08-11,18,2,0,0,0,ac,1,1.19,4
1,0,2026-08-11,17,2,0,0,0,normal,1,1.19,1
1,0,2026-08-11,17,2,0,0,0,luxury,1,1.19,3
1,0,2026-08-11,16,2,0,0,0,normal,2,1.19,1
1,0,2026-08-11,15,2,0,0,0,normal,2,1.19,1
1,0,2026-08-11,15,2,0,0,0,luxury,1,1.19,3
1,0,2026-08-11,15,2,0,0,0,ac,1,1.19,4
1,0,2026-08-11,14,2,0,0,0,ac,1,1.19,4
1,0,2026-08-11,13,2,0,0,0,semi_luxury,1,1.19,2
1,0,2026-08-11,11,2,0,0,0,normal,1,1.19,1
1,0,2026-08-11,11,2,0,0,0,luxury,1,1.19,3
1,0,2026-08-11,8,2,0,0,0,semi_luxury,1,1.19,2
1,0,2026-08-11,8,2,0,0,0,normal,1,1.19,1
1,0,2026-08-11,8,2,0,0,0,luxury,1,1.19,3
1,0,2026-08-11,7,2,0,0,0,normal,1,1.19,1
1,2,2026-08-11,5,2,0,0,0,luxury,1,1.11,3
1,2,2026-08-11,8,2,0,0,0,semi_luxury,1,1.11,2
1,0,2026-08-11,7,2,0,0,0,ac,1,1.19,4
1,0,2026-08-11,6,2,0,0,0,ac,1,1.19,4
1,0,2026-08-11,5,2,0,0,0,normal,1,1.19,1
1,3,2026-08-11,20,2,0,0,0,normal,1,1.05,1
15,2,2026-08-11,5,2,0,0,0,luxury,1,1.0,3
15,2,2026-08-11,9,2,0,0,0,ac,1,1.0,4
15,2,2026-08-11,13,2,0,0,0,normal,1,1.0,1
15,2,2026-08-11,20,2,0,0,0,semi_luxury,1,1.0,2
1,3,2026-08-11,19,2,0,0,0,semi_luxury,1,1.05,2
1,0,2026-08-11,18,2,0,0,0,luxury,1,1.19,3
1,3,2026-08-11,11,2,0,0,0,ac,1,1.05,4
2,2,2026-08-11,6,2,0,0,0,luxury,1,1.03,3
2,0,2026-08-11,20,2,0,0,0,semi_luxury,1,1.18,2
2,0,2026-08-11,19,2,0,0,0,ac,1,1.18,4
2,0,2026-08-11,16,2,0,0,0,semi_luxury,1,1.18,2
2,0,2026-08-11,16,2,0,0,0,normal,1,1.18,1
2,0,2026-08-11,13,2,0,0,0,normal,1,1.18,1
2,0,2026-08-11,12,2,0,0,0,luxury,1,1.18,3
2,0,2026-08-11,11,2,0,0,0,normal,2,1.18,1
2,0,2026-08-11,11,2,0,0,0,ac,1,1.18,4
2,3,2026-08-11,19,2,0,0,0,ac,1,1.04,4
2,3,2026-08-11,17,2,0,0,0,semi_luxury,1,1.04,2
2,3,2026-08-11,14,2,0,0,0,semi_luxury,1,1.04,2
2,3,2026-08-11,10,2,0,0,0,normal,1,1.04,1
2,3,2026-08-11,7,2,0,0,0,normal,1,1.04,1
2,0,2026-08-11,10,2,0,0,0,semi_luxury,1,1.18,2
2,0,2026-08-11,10,2,0,0,0,normal,1,1.18,1
2,1,2026-08-11,7,2,0,0,0,ac,1,1.04,4
2,1,2026-08-11,21,2,0,0,0,normal,1,1.04,1
15,3,2026-08-11,7,2,0,0,0,normal,1,1.0,1
2,0,2026-08-11,9,2,0,0,0,normal,1,1.18,1
2,0,2026-08-11,8,2,0,0,0,semi_luxury,1,1.18,2
2,0,2026-08-11,8,2,0,0,0,normal,1,1.18,1
2,0,2026-08-11,8,2,0,0,0,ac,1,1.18,4
2,0,2026-08-11,7,2,0,0,0,normal,1,1.18,1
2,0,2026-08-11,6,2,0,0,0,normal,2,1.18,1
2,0,2026-08-11,6,2,0,0,0,luxury,1,1.18,3
2,0,2026-08-11,5,2,0,0,0,ac,1,1.18,4
1,3,2026-08-11,19,2,0,0,0,normal,1,1.05,1
2,2,2026-08-11,13,2,0,0,0,ac,1,1.03,4
2,2,2026-08-11,9,2,0,0,0,luxury,1,1.03,3
1,3,2026-08-11,5,2,0,0,0,luxury,1,1.05,3
1,3,2026-08-11,10,2,0,0,0,ac,1,1.05,4
15,1,2026-08-11,6,2,0,0,0,semi_luxury,1,1.04,2
15,1,2026-08-11,7,2,0,0,0,semi_luxury,1,1.04,2
15,1,2026-08-11,14,2,0,0,0,luxury,1,1.04,3
15,1,2026-08-11,18,2,0,0,0,ac,1,1.04,4
15,1,2026-08-11,19,2,0,0,0,luxury,1,1.04,3
1,3,2026-08-11,9,2,0,0,0,normal,1,1.05,1
1,0,2026-08-11,19,2,0,0,0,luxury,1,1.19,3
1,1,2026-08-11,21,2,0,0,0,normal,1,1.11,1
2,1,2026-08-12,18,3,0,0,0,luxury,1,1.09,3
15,0,2026-08-12,11,3,0,0,0,semi_luxury,2,1.13,2
15,0,2026-08-12,10,3,0,0,0,semi_luxury,1,1.13,2
2,2,2026-08-12,8,3,0,0,0,normal,1,1.03,1
15,0,2026-08-12,7,3,0,0,0,semi_luxury,1,1.13,2
2,1,2026-08-12,10,3,0,0,0,normal,1,1.09,1
15,0,2026-08-12,6,3,0,0,0,luxury,1,1.13,3
15,0,2026-08-12,9,3,0,0,0,semi_luxury,1,1.13,2
2,1,2026-08-12,6,3,0,0,0,luxury,1,1.09,3
15,0,2026-08-12,17,3,0,0,0,ac,1,1.13,4
15,0,2026-08-12,13,3,0,0,0,normal,1,1.13,1
15,0,2026-08-12,16,3,0,0,0,luxury,1,1.13,3
2,2,2026-08-12,7,3,0,0,0,normal,1,1.03,1
15,0,2026-08-12,18,3,0,0,0,normal,1,1.13,1
15,0,2026-08-12,19,3,0,0,0,normal,1,1.13,1
15,0,2026-08-12,21,3,0,0,0,semi_luxury,1,1.13,2
1,1,2026-08-12,6,3,0,0,0,normal,1,1.07,1
1,1,2026-08-12,10,3,0,0,0,semi_luxury,1,1.07,2
1,1,2026-08-12,19,3,0,0,0,normal,1,1.07,1
1,1,2026-08-12,19,3,0,0,0,semi_luxury,1,1.07,2
2,2,2026-08-12,17,3,0,0,0,normal,1,1.03,1
2,2,2026-08-12,14,3,0,0,0,luxury,1,1.03,3
15,0,2026-08-12,12,3,0,0,0,normal,1,1.13,1
15,0,2026-08-12,11,3,0,0,0,normal,2,1.13,1
1,0,2026-08-12,15,3,0,0,0,luxury,1,1.19,3
1,0,2026-08-12,5,3,0,0,0,normal,1,1.19,1
1,2,2026-08-12,15,3,0,0,0,ac,1,1.05,4
1,2,2026-08-12,21,3,0,0,0,normal,1,1.05,1
15,3,2026-08-12,6,3,0,0,0,luxury,1,1.08,3
15,3,2026-08-12,7,3,0,0,0,normal,1,1.08,1
15,3,2026-08-12,9,3,0,0,0,luxury,1,1.08,3
15,3,2026-08-12,13,3,0,0,0,ac,1,1.08,4
15,3,2026-08-12,13,3,0,0,0,normal,1,1.08,1
2,3,2026-08-12,9,3,0,0,0,normal,1,1.04,1
2,3,2026-08-12,10,3,0,0,0,semi_luxury,1,1.04,2
2,3,2026-08-12,14,3,0,0,0,ac,1,1.04,4
2,3,2026-08-12,15,3,0,0,0,semi_luxury,1,1.04,2
2,3,2026-08-12,17,3,0,0,0,ac,1,1.04,4
2,3,2026-08-12,21,3,0,0,0,ac,1,1.04,4
1,3,2026-08-12,21,3,0,0,0,semi_luxury,1,1.03,2
1,3,2026-08-12,20,3,0,0,0,normal,1,1.03,1
1,3,2026-08-12,16,3,0,0,0,semi_luxury,1,1.03,2
1,3,2026-08-12,11,3,0,0,0,normal,1,1.03,1
2,0,2026-08-12,5,3,0,0,0,luxury,1,1.11,3
2,0,2026-08-12,6,3,0,0,0,normal,1,1.11,1
2,0,2026-08-12,6,3,0,0,0,semi_luxury,1,1.11,2
1,0,2026-08-12,5,3,0,0,0,ac,2,1.19,4
2,0,2026-08-12,7,3,0,0,0,luxury,1,1.11,3
2,0,2026-08-12,8,3,0,0,0,luxury,1,1.11,3
2,0,2026-08-12,10,3,0,0,0,luxury,1,1.11,3
2,0,2026-08-12,11,3,0,0,0,ac,1,1.11,4
2,0,2026-08-12,15,3,0,0,0,semi_luxury,1,1.11,2
2,0,2026-08-12,16,3,0,0,0,luxury,1,1.11,3
1,0,2026-08-12,21,3,0,0,0,semi_luxury,2,1.19,2
1,0,2026-08-12,20,3,0,0,0,ac,1,1.19,4
15,3,2026-08-12,8,3,0,0,0,luxury,1,1.08,3
1,0,2026-08-12,19,3,0,0,0,normal,2,1.19,1
1,0,2026-08-12,6,3,0,0,0,semi_luxury,1,1.19,2
1,0,2026-08-12,7,3,0,0,0,semi_luxury,1,1.19,2
1,0,2026-08-12,9,3,0,0,0,ac,1,1.19,4
1,0,2026-08-12,12,3,0,0,0,luxury,1,1.19,3
1,0,2026-08-12,12,3,0,0,0,semi_luxury,1,1.19,2
1,0,2026-08-12,13,3,0,0,0,luxury,1,1.19,3
1,0,2026-08-12,14,3,0,0,0,luxury,1,1.19,3
1,0,2026-08-12,14,3,0,0,0,normal,1,1.19,1
1,0,2026-08-12,19,3,0,0,0,semi_luxury,1,1.19,2
1,0,2026-08-12,14,3,0,0,0,semi_luxury,1,1.19,2
1,0,2026-08-12,15,3,0,0,0,normal,1,1.19,1
1,0,2026-08-12,15,3,0,0,0,semi_luxury,1,1.19,2
1,0,2026-08-12,6,3,0,0,0,ac,1,1.19,4
1,2,2026-08-12,10,3,0,0,0,ac,1,1.05,4
1,2,2026-08-12,9,3,0,0,0,semi_luxury,1,1.05,2
1,0,2026-08-12,6,3,0,0,0,luxury,1,1.19,3
1,2,2026-08-12,13,3,0,0,0,normal,1,1.05,1
15,2,2026-08-12,5,3,0,0,0,normal,1,1.09,1
15,2,2026-08-12,16,3,0,0,0,normal,2,1.09,1
15,2,2026-08-12,17,3,0,0,0,semi_luxury,2,1.09,2
15,2,2026-08-12,20,3,0,0,0,normal,1,1.09,1
1,0,2026-08-12,17,3,0,0,0,luxury,1,1.19,3
1,0,2026-08-12,17,3,0,0,0,normal,1,1.19,1
1,2,2026-08-12,10,3,0,0,0,normal,1,1.05,1
1,0,2026-08-12,18,3,0,0,0,ac,1,1.19,4
1,0,2026-08-12,18,3,0,0,0,luxury,1,1.19,3
1,0,2026-08-12,18,3,0,0,0,semi_luxury,2,1.19,2
1,0,2026-08-12,19,3,0,0,0,ac,1,1.19,4
1,0,2026-08-12,19,3,0,0,0,luxury,2,1.19,3
2,0,2026-08-13,6,4,0,0,0,normal,1,1.14,1
1,1,2026-08-13,16,4,0,0,0,luxury,1,1.07,3
2,0,2026-08-13,8,4,0,0,0,ac,1,1.14,4
2,0,2026-08-13,7,4,0,0,0,normal,1,1.14,1
1,1,2026-08-13,9,4,0,0,0,ac,1,1.07,4
2,1,2026-08-13,10,4,0,0,0,normal,1,1.11,1
2,2,2026-08-13,19,4,0,0,0,semi_luxury,1,1.02,2
2,2,2026-08-13,8,4,0,0,0,semi_luxury,1,1.02,2
2,2,2026-08-13,7,4,0,0,0,luxury,1,1.02,3
2,2,2026-08-13,5,4,0,0,0,semi_luxury,1,1.02,2
2,3,2026-08-13,20,4,0,0,0,normal,1,1.0,1
2,3,2026-08-13,18,4,0,0,0,semi_luxury,1,1.0,2
1,1,2026-08-13,5,4,0,0,0,ac,1,1.07,4
1,1,2026-08-13,18,4,0,0,0,semi_luxury,1,1.07,2
2,0,2026-08-13,8,4,0,0,0,luxury,1,1.14,3
2,0,2026-08-13,19,4,0,0,0,luxury,1,1.14,3
2,0,2026-08-13,9,4,0,0,0,normal,1,1.14,1
1,2,2026-08-13,18,4,0,0,0,semi_luxury,1,1.03,2
1,2,2026-08-13,18,4,0,0,0,luxury,1,1.03,3
1,3,2026-08-13,6,4,0,0,0,semi_luxury,2,1.07,2
1,3,2026-08-13,8,4,0,0,0,normal,1,1.07,1
1,3,2026-08-13,9,4,0,0,0,ac,1,1.07,4
1,3,2026-08-13,11,4,0,0,0,ac,1,1.07,4
1,3,2026-08-13,12,4,0,0,0,ac,1,1.07,4
1,3,2026-08-13,12,4,0,0,0,luxury,1,1.07,3
1,3,2026-08-13,18,4,0,0,0,semi_luxury,1,1.07,2
1,3,2026-08-13,19,4,0,0,0,luxury,1,1.07,3
1,3,2026-08-13,19,4,0,0,0,normal,1,1.07,1
1,3,2026-08-13,20,4,0,0,0,luxury,1,1.07,3
1,2,2026-08-13,17,4,0,0,0,semi_luxury,1,1.03,2
1,2,2026-08-13,13,4,0,0,0,semi_luxury,1,1.03,2
1,2,2026-08-13,7,4,0,0,0,semi_luxury,1,1.03,2
1,2,2026-08-13,19,4,0,0,0,normal,1,1.03,1
2,0,2026-08-13,20,4,0,0,0,normal,1,1.14,1
2,0,2026-08-13,19,4,0,0,0,semi_luxury,1,1.14,2
2,0,2026-08-13,17,4,0,0,0,normal,1,1.14,1
2,0,2026-08-13,9,4,0,0,0,semi_luxury,1,1.14,2
2,0,2026-08-13,13,4,0,0,0,ac,1,1.14,4
15,0,2026-08-13,19,4,0,0,0,normal,1,1.14,1
15,0,2026-08-13,17,4,0,0,0,normal,1,1.14,1
15,0,2026-08-13,16,4,0,0,0,ac,1,1.14,4
15,0,2026-08-13,15,4,0,0,0,luxury,1,1.14,3
15,0,2026-08-13,14,4,0,0,0,ac,1,1.14,4
2,0,2026-08-13,8,4,0,0,0,normal,1,1.14,1
15,0,2026-08-13,12,4,0,0,0,normal,1,1.14,1
15,0,2026-08-13,5,4,0,0,0,semi_luxury,1,1.14,2
15,0,2026-08-13,5,4,0,0,0,luxury,1,1.14,3
2,0,2026-08-13,15,4,0,0,0,normal,2,1.14,1
2,0,2026-08-13,15,4,0,0,0,semi_luxury,1,1.14,2
2,0,2026-08-13,16,4,0,0,0,luxury,1,1.14,3
2,0,2026-08-13,17,4,0,0,0,ac,2,1.14,4
2,0,2026-08-13,17,4,0,0,0,luxury,1,1.14,3
15,0,2026-08-13,8,4,0,0,0,normal,1,1.14,1
2,1,2026-08-13,5,4,0,0,0,normal,1,1.11,1
2,3,2026-08-13,8,4,0,0,0,ac,1,1.0,4
15,1,2026-08-13,15,4,0,0,0,luxury,1,1.05,3
1,0,2026-08-13,14,4,0,0,0,semi_luxury,1,1.26,2
1,0,2026-08-13,15,4,0,0,0,luxury,1,1.26,3
1,0,2026-08-13,15,4,0,0,0,semi_luxury,2,1.26,2
1,0,2026-08-13,16,4,0,0,0,ac,1,1.26,4
15,3,2026-08-13,9,4,0,0,0,semi_luxury,1,1.0,2
1,0,2026-08-13,17,4,0,0,0,normal,1,1.26,1
1,0,2026-08-13,18,4,0,0,0,normal,1,1.26,1
1,0,2026-08-13,14,4,0,0,0,normal,1,1.26,1
1,0,2026-08-13,19,4,0,0,0,normal,2,1.26,1
15,1,2026-08-13,11,4,0,0,0,normal,1,1.05,1
15,2,2026-08-13,5,4,0,0,0,semi_luxury,2,1.02,2
15,2,2026-08-13,6,4,0,0,0,semi_luxury,1,1.02,2
15,2,2026-08-13,9,4,0,0,0,luxury,1,1.02,3
15,3,2026-08-13,6,4,0,0,0,luxury,1,1.0,3
15,3,2026-08-13,7,4,0,0,0,ac,1,1.0,4
15,3,2026-08-13,8,4,0,0,0,normal,1,1.0,1
1,0,2026-08-13,20,4,0,0,0,semi_luxury,1,1.26,2
1,0,2026-08-13,13,4,0,0,0,semi_luxury,1,1.26,2
1,0,2026-08-13,17,4,0,0,0,luxury,1,1.26,3
1,0,2026-08-13,11,4,0,0,0,ac,1,1.26,4
15,1,2026-08-13,16,4,0,0,0,semi_luxury,1,1.05,2
15,1,2026-08-13,20,4,0,0,0,semi_luxury,1,1.05,2
1,0,2026-08-13,11,4,0,0,0,normal,1,1.26,1
1,0,2026-08-13,5,4,0,0,0,ac,1,1.26,4
1,0,2026-08-13,5,4,0,0,0,normal,1,1.26,1
1,0,2026-08-13,6,4,0,0,0,semi_luxury,1,1.26,2
15,3,2026-08-13,10,4,0,0,0,semi_luxury,1,1.0,2
1,0,2026-08-13,7,4,0,0,0,semi_luxury,1,1.26,2
1,0,2026-08-13,8,4,0,0,0,ac,1,1.26,4
1,0,2026-08-13,9,4,0,0,0,semi_luxury,1,1.26,2
1,0,2026-08-13,8,4,0,0,0,normal,1,1.26,1
1,0,2026-08-13,9,4,0,0,0,ac,1,1.26,4
1,0,2026-08-13,8,4,0,0,0,semi_luxury,1,1.26,2
1,0,2026-08-13,7,4,0,0,0,normal,1,1.26,1
2,0,2026-08-14,21,5,0,0,0,normal,1,1.15,1
15,3,2026-08-14,9,5,0,0,0,luxury,1,1.06,3
15,3,2026-08-14,11,5,0,0,0,ac,1,1.06,4
15,3,2026-08-14,17,5,0,0,0,normal,1,1.06,1
15,3,2026-08-14,19,5,0,0,0,normal,1,1.06,1
15,2,2026-08-14,12,5,0,0,0,normal,1,1.04,1
1,3,2026-08-14,19,5,0,0,0,semi_luxury,1,1.07,2
2,0,2026-08-14,20,5,0,0,0,ac,1,1.15,4
1,3,2026-08-14,19,5,0,0,0,luxury,1,1.07,3
2,0,2026-08-14,11,5,0,0,0,semi_luxury,2,1.15,2
2,0,2026-08-14,16,5,0,0,0,semi_luxury,2,1.15,2
2,0,2026-08-14,19,5,0,0,0,normal,1,1.15,1
1,3,2026-08-14,12,5,0,0,0,ac,1,1.07,4
1,3,2026-08-14,18,5,0,0,0,normal,1,1.07,1
1,3,2026-08-14,19,5,0,0,0,ac,1,1.07,4
15,2,2026-08-14,11,5,0,0,0,luxury,1,1.04,3
2,0,2026-08-14,17,5,0,0,0,normal,1,1.15,1
2,2,2026-08-14,18,5,0,0,0,semi_luxury,1,1.05,2
15,2,2026-08-14,18,5,0,0,0,normal,1,1.04,1
1,2,2026-08-14,6,5,0,0,0,semi_luxury,1,1.09,2
1,2,2026-08-14,12,5,0,0,0,normal,1,1.09,1
1,2,2026-08-14,12,5,0,0,0,semi_luxury,1,1.09,2
1,2,2026-08-14,13,5,0,0,0,luxury,1,1.09,3
1,2,2026-08-14,16,5,0,0,0,ac,1,1.09,4
2,2,2026-08-14,14,5,0,0,0,semi_luxury,1,1.05,2
2,2,2026-08-14,15,5,0,0,0,luxury,1,1.05,3
2,2,2026-08-14,16,5,0,0,0,semi_luxury,1,1.05,2
15,2,2026-08-14,14,5,0,0,0,ac,1,1.04,4
2,2,2026-08-14,17,5,0,0,0,normal,1,1.05,1
2,2,2026-08-14,20,5,0,0,0,semi_luxury,1,1.05,2
1,2,2026-08-14,18,5,0,0,0,normal,1,1.09,1
1,2,2026-08-14,19,5,0,0,0,semi_luxury,2,1.09,2
1,2,2026-08-14,20,5,0,0,0,normal,1,1.09,1
1,2,2026-08-14,21,5,0,0,0,semi_luxury,1,1.09,2
2,3,2026-08-14,17,5,0,0,0,normal,1,1.0,1
2,3,2026-08-14,9,5,0,0,0,semi_luxury,1,1.0,2
15,2,2026-08-14,21,5,0,0,0,luxury,1,1.04,3
2,0,2026-08-14,21,5,0,0,0,semi_luxury,1,1.15,2
2,1,2026-08-14,18,5,0,0,0,normal,1,1.06,1
2,1,2026-08-14,21,5,0,0,0,normal,1,1.06,1
1,1,2026-08-14,20,5,0,0,0,semi_luxury,1,1.13,2
1,1,2026-08-14,16,5,0,0,0,semi_luxury,1,1.13,2
1,1,2026-08-14,16,5,0,0,0,normal,1,1.13,1
1,0,2026-08-14,21,5,0,0,0,normal,3,1.35,1
15,0,2026-08-14,16,5,0,0,0,normal,1,1.13,1
15,0,2026-08-14,18,5,0,0,0,ac,1,1.13,4
15,0,2026-08-14,18,5,0,0,0,normal,1,1.13,1
15,0,2026-08-14,20,5,0,0,0,luxury,1,1.13,3
15,0,2026-08-14,20,5,0,0,0,normal,1,1.13,1
15,0,2026-08-14,20,5,0,0,0,semi_luxury,1,1.13,2
15,0,2026-08-14,21,5,0,0,0,normal,1,1.13,1
1,0,2026-08-14,19,5,0,0,0,luxury,1,1.35,3
1,0,2026-08-14,19,5,0,0,0,semi_luxury,3,1.35,2
1,0,2026-08-14,20,5,0,0,0,luxury,1,1.35,3
1,0,2026-08-14,20,5,0,0,0,normal,1,1.35,1
1,0,2026-08-14,21,5,0,0,0,semi_luxury,1,1.35,2
1,1,2026-08-14,17,5,0,0,0,normal,1,1.13,1
1,1,2026-08-14,18,5,0,0,0,luxury,1,1.13,3
1,1,2026-08-14,6,5,0,0,0,luxury,1,1.13,3
1,0,2026-08-14,18,5,0,0,0,semi_luxury,1,1.35,2
15,1,2026-08-14,16,5,0,0,0,luxury,1,1.07,3
15,1,2026-08-14,16,5,0,0,0,semi_luxury,2,1.07,2
15,1,2026-08-14,17,5,0,0,0,ac,1,1.07,4
1,0,2026-08-14,6,5,0,0,0,ac,1,1.35,4
1,0,2026-08-14,6,5,0,0,0,luxury,1,1.35,3
1,0,2026-08-14,7,5,0,0,0,normal,2,1.35,1
1,0,2026-08-14,7,5,0,0,0,semi_luxury,1,1.35,2
1,0,2026-08-14,20,5,0,0,0,semi_luxury,1,1.35,2
1,0,2026-08-14,13,5,0,0,0,semi_luxury,1,1.35,2
1,0,2026-08-14,15,5,0,0,0,luxury,1,1.35,3
1,0,2026-08-14,18,5,0,0,0,luxury,2,1.35,3
1,0,2026-08-14,16,5,0,0,0,normal,3,1.35,1
1,0,2026-08-14,16,5,0,0,0,luxury,3,1.35,3
1,0,2026-08-14,15,5,0,0,0,normal,4,1.35,1
1,0,2026-08-14,9,5,0,0,0,ac,1,1.35,4
15,0,2026-08-15,20,6,1,0,0,normal,1,1.17,1
15,2,2026-08-15,6,6,1,0,0,luxury,1,1.08,3
15,2,2026-08-15,6,6,1,0,0,semi_luxury,1,1.08,2
15,2,2026-08-15,19,6,1,0,0,semi_luxury,1,1.08,2
1,2,2026-08-15,14,6,1,0,0,normal,1,1.12,1
1,2,2026-08-15,13,6,1,0,0,normal,1,1.12,1
1,2,2026-08-15,6,6,1,0,0,ac,1,1.12,4
1,2,2026-08-15,12,6,1,0,0,normal,1,1.12,1
15,2,2026-08-15,7,6,1,0,0,ac,1,1.08,4
1,2,2026-08-15,12,6,1,0,0,semi_luxury,1,1.12,2
15,0,2026-08-15,16,6,1,0,0,ac,1,1.17,4
15,0,2026-08-15,19,6,1,0,0,luxury,2,1.17,3
2,0,2026-08-15,20,6,1,0,0,semi_luxury,1,1.18,2
2,0,2026-08-15,18,6,1,0,0,semi_luxury,1,1.18,2
2,0,2026-08-15,18,6,1,0,0,luxury,1,1.18,3
2,0,2026-08-15,13,6,1,0,0,normal,2,1.18,1
2,0,2026-08-15,13,6,1,0,0,luxury,1,1.18,3
2,0,2026-08-15,11,6,1,0,0,semi_luxury,2,1.18,2
2,0,2026-08-15,10,6,1,0,0,semi_luxury,1,1.18,2
2,0,2026-08-15,10,6,1,0,0,luxury,1,1.18,3
2,0,2026-08-15,8,6,1,0,0,semi_luxury,1,1.18,2
2,0,2026-08-15,8,6,1,0,0,normal,2,1.18,1
2,0,2026-08-15,8,6,1,0,0,luxury,1,1.18,3
2,0,2026-08-15,8,6,1,0,0,ac,1,1.18,4
2,0,2026-08-15,7,6,1,0,0,semi_luxury,1,1.18,2
2,0,2026-08-15,7,6,1,0,0,luxury,1,1.18,3
2,0,2026-08-15,6,6,1,0,0,ac,2,1.18,4
2,0,2026-08-15,5,6,1,0,0,normal,1,1.18,1
2,0,2026-08-15,5,6,1,0,0,luxury,2,1.18,3
15,0,2026-08-15,5,6,1,0,0,ac,1,1.17,4
15,0,2026-08-15,5,6,1,0,0,normal,1,1.17,1
15,0,2026-08-15,6,6,1,0,0,normal,1,1.17,1
15,0,2026-08-15,8,6,1,0,0,semi_luxury,2,1.17,2
15,0,2026-08-15,9,6,1,0,0,normal,1,1.17,1
15,0,2026-08-15,12,6,1,0,0,ac,1,1.17,4
15,0,2026-08-15,14,6,1,0,0,luxury,1,1.17,3
15,1,2026-08-15,7,6,1,0,0,normal,1,1.02,1
15,0,2026-08-15,17,6,1,0,0,semi_luxury,1,1.17,2
15,0,2026-08-15,18,6,1,0,0,normal,1,1.17,1
15,0,2026-08-15,19,6,1,0,0,normal,1,1.17,1
15,1,2026-08-15,20,6,1,0,0,ac,1,1.02,4
2,3,2026-08-15,13,6,1,0,0,normal,1,1.07,1
2,1,2026-08-15,6,6,1,0,0,semi_luxury,1,1.05,2
1,0,2026-08-15,20,6,1,0,0,ac,2,1.28,4
1,0,2026-08-15,19,6,1,0,0,semi_luxury,1,1.28,2
2,1,2026-08-15,6,6,1,0,0,normal,1,1.05,1
1,0,2026-08-15,17,6,1,0,0,normal,1,1.28,1
1,3,2026-08-15,5,6,1,0,0,semi_luxury,1,1.05,2
1,3,2026-08-15,7,6,1,0,0,normal,1,1.05,1
1,3,2026-08-15,8,6,1,0,0,normal,1,1.05,1
1,3,2026-08-15,11,6,1,0,0,normal,1,1.05,1
1,3,2026-08-15,17,6,1,0,0,luxury,1,1.05,3
1,3,2026-08-15,18,6,1,0,0,luxury,1,1.05,3
1,3,2026-08-15,18,6,1,0,0,normal,1,1.05,1
1,1,2026-08-15,20,6,1,0,0,normal,1,1.09,1
1,1,2026-08-15,13,6,1,0,0,normal,1,1.09,1
1,1,2026-08-15,11,6,1,0,0,ac,1,1.09,4
1,1,2026-08-15,8,6,1,0,0,semi_luxury,1,1.09,2
1,1,2026-08-15,8,6,1,0,0,luxury,1,1.09,3
1,0,2026-08-15,14,6,1,0,0,semi_luxury,1,1.28,2
1,0,2026-08-15,13,6,1,0,0,normal,1,1.28,1
1,0,2026-08-15,10,6,1,0,0,normal,3,1.28,1
1,0,2026-08-15,10,6,1,0,0,luxury,1,1.28,3
1,0,2026-08-15,9,6,1,0,0,semi_luxury,1,1.28,2
1,0,2026-08-15,8,6,1,0,0,semi_luxury,1,1.28,2
1,0,2026-08-15,7,6,1,0,0,normal,1,1.28,1
1,0,2026-08-15,7,6,1,0,0,ac,1,1.28,4
1,0,2026-08-15,6,6,1,0,0,semi_luxury,2,1.28,2
1,0,2026-08-15,6,6,1,0,0,luxury,2,1.28,3
1,0,2026-08-15,5,6,1,0,0,semi_luxury,2,1.28,2
1,0,2026-08-15,5,6,1,0,0,normal,1,1.28,1
15,1,2026-08-15,6,6,1,0,0,ac,1,1.02,4
15,3,2026-08-15,11,6,1,0,0,normal,1,1.03,1
15,3,2026-08-15,10,6,1,0,0,normal,1,1.03,1
1,0,2026-08-15,18,6,1,0,0,semi_luxury,1,1.28,2
2,2,2026-08-15,19,6,1,0,0,normal,1,1.06,1
2,3,2026-08-15,19,6,1,0,0,luxury,1,1.07,3
2,3,2026-08-15,10,6,1,0,0,luxury,2,1.07,3
2,3,2026-08-15,6,6,1,0,0,semi_luxury,1,1.07,2
2,2,2026-08-15,9,6,1,0,0,luxury,2,1.06,3
2,2,2026-08-15,7,6,1,0,0,semi_luxury,1,1.06,2
2,2,2026-08-15,6,6,1,0,0,ac,1,1.06,4
2,3,2026-08-15,19,6,1,0,0,semi_luxury,1,1.07,2
2,1,2026-08-15,17,6,1,0,0,semi_luxury,1,1.05,2
2,3,2026-08-15,20,6,1,0,0,normal,1,1.07,1
2,2,2026-08-15,10,6,1,0,0,normal,1,1.06,1
2,1,2026-08-15,14,6,1,0,0,luxury,1,1.05,3
2,2,2026-08-16,6,7,1,0,0,normal,1,1.04,1
2,2,2026-08-16,8,7,1,0,0,normal,1,1.04,1
15,3,2026-08-16,18,7,1,0,0,normal,1,1.03,1
15,3,2026-08-16,20,7,1,0,0,luxury,1,1.03,3
1,2,2026-08-16,5,7,1,0,0,semi_luxury,1,1.04,2
1,2,2026-08-16,6,7,1,0,0,semi_luxury,1,1.04,2
1,2,2026-08-16,7,7,1,0,0,normal,1,1.04,1
2,2,2026-08-16,10,7,1,0,0,luxury,1,1.04,3
2,2,2026-08-16,12,7,1,0,0,luxury,1,1.04,3
2,2,2026-08-16,7,7,1,0,0,semi_luxury,1,1.04,2
2,3,2026-08-16,19,7,1,0,0,luxury,1,1.06,3
2,3,2026-08-16,8,7,1,0,0,luxury,1,1.06,3
2,3,2026-08-16,17,7,1,0,0,semi_luxury,1,1.06,2
1,2,2026-08-16,7,7,1,0,0,semi_luxury,1,1.04,2
2,1,2026-08-16,9,7,1,0,0,normal,1,1.03,1
2,1,2026-08-16,5,7,1,0,0,normal,1,1.03,1
15,0,2026-08-16,8,7,1,0,0,semi_luxury,1,1.14,2
15,0,2026-08-16,10,7,1,0,0,normal,1,1.14,1
15,0,2026-08-16,10,7,1,0,0,semi_luxury,1,1.14,2
15,0,2026-08-16,14,7,1,0,0,ac,1,1.14,4
15,0,2026-08-16,16,7,1,0,0,semi_luxury,1,1.14,2
15,0,2026-08-16,17,7,1,0,0,normal,1,1.14,1
2,3,2026-08-16,7,7,1,0,0,semi_luxury,1,1.06,2
1,2,2026-08-16,8,7,1,0,0,normal,1,1.04,1
1,1,2026-08-16,8,7,1,0,0,semi_luxury,1,1.07,2
2,2,2026-08-16,5,7,1,0,0,semi_luxury,1,1.04,2
15,3,2026-08-16,5,7,1,0,0,ac,2,1.03,4
15,3,2026-08-16,5,7,1,0,0,normal,1,1.03,1
15,3,2026-08-16,7,7,1,0,0,semi_luxury,1,1.03,2
2,0,2026-08-16,18,7,1,0,0,luxury,1,1.2,3
2,0,2026-08-16,10,7,1,0,0,semi_luxury,2,1.2,2
2,0,2026-08-16,9,7,1,0,0,semi_luxury,1,1.2,2
2,0,2026-08-16,7,7,1,0,0,normal,2,1.2,1
2,0,2026-08-16,6,7,1,0,0,normal,1,1.2,1
2,0,2026-08-16,5,7,1,0,0,normal,2,1.2,1
15,1,2026-08-16,17,7,1,0,0,luxury,1,1.05,3
15,1,2026-08-16,14,7,1,0,0,ac,1,1.05,4
15,1,2026-08-16,9,7,1,0,0,normal,1,1.05,1
15,1,2026-08-16,8,7,1,0,0,ac,1,1.05,4
15,0,2026-08-16,19,7,1,0,0,semi_luxury,1,1.14,2
15,2,2026-08-16,5,7,1,0,0,normal,1,1.04,1
15,2,2026-08-16,6,7,1,0,0,semi_luxury,1,1.04,2
15,2,2026-08-16,18,7,1,0,0,normal,1,1.04,1
1,2,2026-08-16,18,7,1,0,0,normal,1,1.04,1
1,2,2026-08-16,15,7,1,0,0,normal,1,1.04,1
1,2,2026-08-16,14,7,1,0,0,normal,1,1.04,1
1,2,2026-08-16,8,7,1,0,0,semi_luxury,1,1.04,2
15,3,2026-08-16,10,7,1,0,0,semi_luxury,2,1.03,2
15,3,2026-08-16,18,7,1,0,0,ac,1,1.03,4
1,1,2026-08-16,18,7,1,0,0,semi_luxury,1,1.07,2
1,1,2026-08-16,13,7,1,0,0,luxury,1,1.07,3
1,1,2026-08-16,11,7,1,0,0,normal,1,1.07,1
1,1,2026-08-16,10,7,1,0,0,semi_luxury,2,1.07,2
1,1,2026-08-16,9,7,1,0,0,normal,2,1.07,1
1,1,2026-08-16,9,7,1,0,0,luxury,1,1.07,3
1,1,2026-08-16,8,7,1,0,0,normal,1,1.07,1
15,0,2026-08-16,20,7,1,0,0,semi_luxury,1,1.14,2
2,0,2026-08-16,8,7,1,0,0,normal,1,1.2,1
1,0,2026-08-16,16,7,1,0,0,ac,2,1.27,4
1,0,2026-08-16,10,7,1,0,0,luxury,1,1.27,3
1,0,2026-08-16,10,7,1,0,0,semi_luxury,1,1.27,2
1,0,2026-08-16,13,7,1,0,0,semi_luxury,1,1.27,2
1,0,2026-08-16,15,7,1,0,0,ac,1,1.27,4
1,0,2026-08-16,20,7,1,0,0,semi_luxury,1,1.27,2
1,0,2026-08-16,8,7,1,0,0,luxury,1,1.27,3
1,0,2026-08-16,7,7,1,0,0,semi_luxury,1,1.27,2
1,0,2026-08-16,7,7,1,0,0,normal,2,1.27,1
1,0,2026-08-16,6,7,1,0,0,normal,1,1.27,1
1,0,2026-08-16,6,7,1,0,0,ac,2,1.27,4
1,0,2026-08-16,5,7,1,0,0,semi_luxury,1,1.27,2
1,0,2026-08-16,9,7,1,0,0,semi_luxury,5,1.27,2
1,0,2026-08-16,5,7,1,0,0,normal,2,1.27,1
1,3,2026-08-16,8,7,1,0,0,normal,1,1.13,1
1,0,2026-08-16,15,7,1,0,0,semi_luxury,1,1.27,2
1,3,2026-08-16,10,7,1,0,0,normal,1,1.13,1
1,3,2026-08-16,15,7,1,0,0,semi_luxury,1,1.13,2
2,0,2026-08-16,5,7,1,0,0,luxury,2,1.2,3
1,3,2026-08-16,6,7,1,0,0,normal,1,1.13,1
1,0,2026-08-16,9,7,1,0,0,normal,2,1.27,1
1,1,2026-08-17,6,1,0,0,0,luxury,1,1.07,3
1,1,2026-08-17,7,1,0,0,0,semi_luxury,1,1.07,2
1,1,2026-08-17,8,1,0,0,0,semi_luxury,1,1.07,2
1,1,2026-08-17,9,1,0,0,0,luxury,1,1.07,3
1,1,2026-08-17,16,1,0,0,0,ac,1,1.07,4
1,1,2026-08-17,17,1,0,0,0,normal,1,1.07,1
15,2,2026-08-17,6,1,0,0,0,ac,1,1.16,4
1,0,2026-08-17,16,1,0,0,0,ac,1,1.36,4
15,2,2026-08-17,7,1,0,0,0,ac,1,1.16,4
15,2,2026-08-17,6,1,0,0,0,semi_luxury,1,1.16,2
15,2,2026-08-17,6,1,0,0,0,luxury,1,1.16,3
1,1,2026-08-17,5,1,0,0,0,normal,1,1.07,1
1,3,2026-08-17,4,1,0,0,0,ac,1,1.04,4
1,3,2026-08-17,4,1,0,0,0,semi_luxury,1,1.04,2
1,3,2026-08-17,6,1,0,0,0,normal,1,1.04,1
1,3,2026-08-17,6,1,0,0,0,semi_luxury,1,1.04,2
1,3,2026-08-17,7,1,0,0,0,normal,1,1.04,1
1,3,2026-08-17,7,1,0,0,0,semi_luxury,1,1.04,2
1,3,2026-08-17,8,1,0,0,0,semi_luxury,1,1.04,2
15,2,2026-08-17,9,1,0,0,0,normal,1,1.16,1
1,1,2026-08-17,18,1,0,0,0,luxury,1,1.07,3
15,0,2026-08-17,8,1,0,0,0,semi_luxury,1,1.19,2
1,0,2026-08-17,4,1,0,0,0,luxury,1,1.36,3
1,2,2026-08-17,5,1,0,0,0,luxury,1,1.08,3
1,2,2026-08-17,4,1,0,0,0,ac,1,1.08,4
2,3,2026-08-17,9,1,0,0,0,ac,1,1.06,4
15,0,2026-08-17,9,1,0,0,0,semi_luxury,1,1.19,2
2,3,2026-08-17,15,1,0,0,0,luxury,1,1.06,3
2,1,2026-08-17,6,1,0,0,0,luxury,1,1.12,3
2,1,2026-08-17,8,1,0,0,0,ac,1,1.12,4
1,2,2026-08-17,5,1,0,0,0,semi_luxury,1,1.08,2
2,1,2026-08-17,9,1,0,0,0,semi_luxury,1,1.12,2
1,0,2026-08-17,15,1,0,0,0,ac,1,1.36,4
1,0,2026-08-17,19,1,0,0,0,semi_luxury,1,1.36,2
1,0,2026-08-17,19,1,0,0,0,normal,1,1.36,1
1,0,2026-08-17,19,1,0,0,0,ac,1,1.36,4
1,0,2026-08-17,18,1,0,0,0,normal,1,1.36,1
1,0,2026-08-17,18,1,0,0,0,ac,1,1.36,4
1,0,2026-08-17,17,1,0,0,0,semi_luxury,1,1.36,2
2,1,2026-08-17,20,1,0,0,0,normal,1,1.12,1
1,2,2026-08-17,6,1,0,0,0,normal,1,1.08,1
1,2,2026-08-17,6,1,0,0,0,semi_luxury,2,1.08,2
1,2,2026-08-17,8,1,0,0,0,semi_luxury,1,1.08,2
1,0,2026-08-17,4,1,0,0,0,normal,1,1.36,1
1,0,2026-08-17,5,1,0,0,0,luxury,1,1.36,3
1,0,2026-08-17,5,1,0,0,0,normal,3,1.36,1
1,0,2026-08-17,6,1,0,0,0,luxury,1,1.36,3
1,0,2026-08-17,6,1,0,0,0,normal,3,1.36,1
1,0,2026-08-17,6,1,0,0,0,semi_luxury,2,1.36,2
1,0,2026-08-17,7,1,0,0,0,normal,3,1.36,1
1,0,2026-08-17,7,1,0,0,0,semi_luxury,2,1.36,2
1,0,2026-08-17,8,1,0,0,0,normal,2,1.36,1
1,0,2026-08-17,9,1,0,0,0,normal,1,1.36,1
1,0,2026-08-17,9,1,0,0,0,semi_luxury,1,1.36,2
1,0,2026-08-17,12,1,0,0,0,luxury,1,1.36,3
2,3,2026-08-17,5,1,0,0,0,semi_luxury,1,1.06,2
2,3,2026-08-17,7,1,0,0,0,luxury,1,1.06,3
2,3,2026-08-17,8,1,0,0,0,semi_luxury,1,1.06,2
1,2,2026-08-17,20,1,0,0,0,normal,1,1.08,1
1,2,2026-08-17,9,1,0,0,0,ac,1,1.08,4
1,3,2026-08-17,9,1,0,0,0,ac,1,1.04,4
1,3,2026-08-17,9,1,0,0,0,normal,1,1.04,1
15,2,2026-08-17,8,1,0,0,0,semi_luxury,1,1.16,2
1,0,2026-08-17,15,1,0,0,0,normal,1,1.36,1
2,0,2026-08-17,6,1,0,0,0,normal,2,1.24,1
2,0,2026-08-17,5,1,0,0,0,semi_luxury,1,1.24,2
2,0,2026-08-17,5,1,0,0,0,normal,1,1.24,1
2,0,2026-08-17,4,1,0,0,0,normal,2,1.24,1
2,0,2026-08-17,4,1,0,0,0,luxury,3,1.24,3
2,0,2026-08-17,4,1,0,0,0,ac,1,1.24,4
15,3,2026-08-17,6,1,0,0,0,semi_luxury,1,1.12,2
15,3,2026-08-17,4,1,0,0,0,normal,1,1.12,1
2,2,2026-08-17,20,1,0,0,0,normal,1,1.08,1
2,0,2026-08-17,6,1,0,0,0,semi_luxury,1,1.24,2
2,2,2026-08-17,17,1,0,0,0,luxury,1,1.08,3
15,1,2026-08-17,18,1,0,0,0,semi_luxury,1,1.09,2
15,1,2026-08-17,11,1,0,0,0,semi_luxury,1,1.09,2
15,1,2026-08-17,9,1,0,0,0,ac,1,1.09,4
15,1,2026-08-17,7,1,0,0,0,normal,2,1.09,1
15,1,2026-08-17,5,1,0,0,0,normal,1,1.09,1
15,1,2026-08-17,5,1,0,0,0,ac,1,1.09,4
2,2,2026-08-17,8,1,0,0,0,luxury,1,1.08,3
2,2,2026-08-17,7,1,0,0,0,normal,1,1.08,1
2,2,2026-08-17,5,1,0,0,0,normal,1,1.08,1
2,2,2026-08-17,9,1,0,0,0,luxury,1,1.08,3
2,0,2026-08-17,8,1,0,0,0,ac,1,1.24,4
2,0,2026-08-17,5,1,0,0,0,ac,1,1.24,4
2,0,2026-08-17,8,1,0,0,0,semi_luxury,1,1.24,2
2,0,2026-08-17,8,1,0,0,0,normal,2,1.24,1
15,0,2026-08-17,4,1,0,0,0,normal,1,1.19,1
15,0,2026-08-17,5,1,0,0,0,luxury,1,1.19,3
15,0,2026-08-17,5,1,0,0,0,semi_luxury,1,1.19,2
15,0,2026-08-17,6,1,0,0,0,ac,2,1.19,4
15,0,2026-08-17,6,1,0,0,0,normal,1,1.19,1
15,0,2026-08-17,6,1,0,0,0,semi_luxury,1,1.19,2
15,0,2026-08-17,8,1,0,0,0,ac,1,1.19,4
15,0,2026-08-17,11,1,0,0,0,normal,1,1.19,1
2,0,2026-08-17,20,1,0,0,0,normal,1,1.24,1
2,0,2026-08-17,20,1,0,0,0,luxury,1,1.24,3
2,0,2026-08-17,19,1,0,0,0,semi_luxury,1,1.24,2
2,0,2026-08-17,16,1,0,0,0,semi_luxury,1,1.24,2
2,0,2026-08-17,9,1,0,0,0,luxury,1,1.24,3
1,0,2026-08-18,16,2,0,0,0,semi_luxury,1,1.19,2
15,0,2026-08-18,17,2,0,0,0,ac,1,1.15,4
1,0,2026-08-18,15,2,0,0,0,semi_luxury,1,1.19,2
15,0,2026-08-18,17,2,0,0,0,normal,1,1.15,1
1,0,2026-08-18,16,2,0,0,0,normal,1,1.19,1
15,0,2026-08-18,16,2,0,0,0,ac,1,1.15,4
15,0,2026-08-18,13,2,0,0,0,semi_luxury,1,1.15,2
15,0,2026-08-18,15,2,0,0,0,normal,1,1.15,1
1,0,2026-08-18,17,2,0,0,0,ac,1,1.19,4
15,0,2026-08-18,13,2,0,0,0,luxury,1,1.15,3
1,0,2026-08-18,17,2,0,0,0,normal,1,1.19,1
1,0,2026-08-18,18,2,0,0,0,normal,2,1.19,1
1,0,2026-08-18,20,2,0,0,0,normal,1,1.19,1
2,3,2026-08-18,8,2,0,0,0,normal,1,1.04,1
2,3,2026-08-18,6,2,0,0,0,semi_luxury,2,1.04,2
15,0,2026-08-18,9,2,0,0,0,ac,1,1.15,4
15,0,2026-08-18,10,2,0,0,0,ac,1,1.15,4
15,0,2026-08-18,11,2,0,0,0,ac,1,1.15,4
1,0,2026-08-18,15,2,0,0,0,normal,1,1.19,1
15,0,2026-08-18,15,2,0,0,0,semi_luxury,1,1.15,2
1,0,2026-08-18,15,2,0,0,0,luxury,1,1.19,3
1,0,2026-08-18,7,2,0,0,0,semi_luxury,1,1.19,2
1,0,2026-08-18,14,2,0,0,0,semi_luxury,1,1.19,2
1,0,2026-08-18,5,2,0,0,0,ac,1,1.19,4
2,3,2026-08-18,20,2,0,0,0,semi_luxury,1,1.04,2
2,3,2026-08-18,15,2,0,0,0,semi_luxury,1,1.04,2
2,3,2026-08-18,12,2,0,0,0,normal,1,1.04,1
2,3,2026-08-18,10,2,0,0,0,luxury,1,1.04,3
2,1,2026-08-18,18,2,0,0,0,normal,1,1.04,1
2,1,2026-08-18,8,2,0,0,0,semi_luxury,1,1.04,2
2,1,2026-08-18,5,2,0,0,0,luxury,1,1.04,3
15,0,2026-08-18,5,2,0,0,0,normal,1,1.15,1
15,0,2026-08-18,7,2,0,0,0,luxury,1,1.15,3
15,0,2026-08-18,8,2,0,0,0,normal,1,1.15,1
1,0,2026-08-18,5,2,0,0,0,normal,2,1.19,1
1,0,2026-08-18,15,2,0,0,0,ac,1,1.19,4
1,0,2026-08-18,5,2,0,0,0,semi_luxury,1,1.19,2
1,0,2026-08-18,6,2,0,0,0,semi_luxury,3,1.19,2
1,0,2026-08-18,7,2,0,0,0,luxury,1,1.19,3
1,0,2026-08-18,7,2,0,0,0,normal,2,1.19,1
15,0,2026-08-18,20,2,0,0,0,ac,1,1.15,4
1,0,2026-08-18,8,2,0,0,0,normal,1,1.19,1
1,0,2026-08-18,8,2,0,0,0,semi_luxury,1,1.19,2
1,0,2026-08-18,9,2,0,0,0,normal,1,1.19,1
1,0,2026-08-18,11,2,0,0,0,luxury,2,1.19,3
1,0,2026-08-18,11,2,0,0,0,normal,1,1.19,1
1,0,2026-08-18,12,2,0,0,0,luxury,3,1.19,3
1,0,2026-08-18,12,2,0,0,0,normal,2,1.19,1
1,0,2026-08-18,14,2,0,0,0,normal,1,1.19,1
1,0,2026-08-18,6,2,0,0,0,luxury,1,1.19,3
1,2,2026-08-18,7,2,0,0,0,normal,1,1.11,1
2,0,2026-08-18,18,2,0,0,0,normal,1,1.18,1
1,2,2026-08-18,11,2,0,0,0,semi_luxury,1,1.11,2
1,1,2026-08-18,7,2,0,0,0,luxury,1,1.11,3
1,1,2026-08-18,6,2,0,0,0,ac,1,1.11,4
1,1,2026-08-18,5,2,0,0,0,semi_luxury,1,1.11,2
1,1,2026-08-18,5,2,0,0,0,normal,1,1.11,1
1,2,2026-08-18,7,2,0,0,0,semi_luxury,1,1.11,2
15,3,2026-08-18,16,2,0,0,0,normal,1,1.0,1
15,3,2026-08-18,17,2,0,0,0,luxury,1,1.0,3
15,2,2026-08-18,14,2,0,0,0,ac,1,1.0,4
2,0,2026-08-18,7,2,0,0,0,ac,1,1.18,4
2,0,2026-08-18,7,2,0,0,0,luxury,1,1.18,3
1,1,2026-08-18,10,2,0,0,0,normal,2,1.11,1
2,0,2026-08-18,9,2,0,0,0,normal,2,1.18,1
2,0,2026-08-18,15,2,0,0,0,luxury,1,1.18,3
2,0,2026-08-18,15,2,0,0,0,normal,1,1.18,1
2,0,2026-08-18,16,2,0,0,0,semi_luxury,1,1.18,2
1,3,2026-08-18,5,2,0,0,0,semi_luxury,1,1.05,2
1,3,2026-08-18,6,2,0,0,0,normal,2,1.05,1
1,3,2026-08-18,6,2,0,0,0,semi_luxury,1,1.05,2
1,3,2026-08-18,16,2,0,0,0,ac,1,1.05,4
1,3,2026-08-18,20,2,0,0,0,normal,1,1.05,1
2,0,2026-08-18,21,2,0,0,0,normal,1,1.18,1
2,0,2026-08-18,18,2,0,0,0,semi_luxury,1,1.18,2
2,0,2026-08-18,10,2,0,0,0,ac,1,1.18,4
1,1,2026-08-18,20,2,0,0,0,normal,1,1.11,1
15,1,2026-08-18,10,2,0,0,0,normal,1,1.04,1
2,2,2026-08-18,8,2,0,0,0,semi_luxury,1,1.03,2
1,2,2026-08-18,17,2,0,0,0,normal,1,1.11,1
1,2,2026-08-18,18,2,0,0,0,ac,1,1.11,4
1,1,2026-08-18,21,2,0,0,0,ac,1,1.11,4
2,2,2026-08-18,21,2,0,0,0,luxury,1,1.03,3
1,2,2026-08-18,18,2,0,0,0,luxury,1,1.11,3
1,2,2026-08-18,20,2,0,0,0,normal,1,1.11,1
15,0,2026-08-18,21,2,0,0,0,ac,1,1.15,4
2,2,2026-08-18,20,2,0,0,0,normal,1,1.03,1
2,0,2026-08-18,17,2,0,0,0,semi_luxury,1,1.18,2
2,2,2026-08-18,12,2,0,0,0,normal,1,1.03,1
2,2,2026-08-19,18,3,0,0,0,semi_luxury,1,1.03,2
2,3,2026-08-19,8,3,0,0,0,normal,1,1.04,1
1,1,2026-08-19,7,3,0,0,0,normal,1,1.07,1
2,2,2026-08-19,21,3,0,0,0,normal,1,1.03,1
2,3,2026-08-19,14,3,0,0,0,normal,1,1.04,1
2,3,2026-08-19,17,3,0,0,0,normal,1,1.04,1
1,3,2026-08-19,5,3,0,0,0,luxury,1,1.03,3
1,3,2026-08-19,6,3,0,0,0,luxury,1,1.03,3
2,3,2026-08-19,11,3,0,0,0,normal,2,1.04,1
2,2,2026-08-19,14,3,0,0,0,luxury,1,1.03,3
2,2,2026-08-19,6,3,0,0,0,semi_luxury,1,1.03,2
2,2,2026-08-19,7,3,0,0,0,semi_luxury,1,1.03,2
1,3,2026-08-19,8,3,0,0,0,luxury,1,1.03,3
15,3,2026-08-19,10,3,0,0,0,normal,1,1.08,1
15,3,2026-08-19,9,3,0,0,0,normal,2,1.08,1
15,3,2026-08-19,6,3,0,0,0,semi_luxury,1,1.08,2
1,1,2026-08-19,18,3,0,0,0,ac,1,1.07,4
1,3,2026-08-19,8,3,0,0,0,semi_luxury,1,1.03,2
1,3,2026-08-19,10,3,0,0,0,semi_luxury,1,1.03,2
1,3,2026-08-19,19,3,0,0,0,semi_luxury,1,1.03,2
1,1,2026-08-19,15,3,0,0,0,luxury,1,1.07,3
1,1,2026-08-19,13,3,0,0,0,normal,1,1.07,1
1,1,2026-08-19,13,3,0,0,0,ac,1,1.07,4
1,1,2026-08-19,11,3,0,0,0,luxury,1,1.07,3
1,1,2026-08-19,10,3,0,0,0,semi_luxury,1,1.07,2
2,2,2026-08-19,9,3,0,0,0,normal,1,1.03,1
2,2,2026-08-19,7,3,0,0,0,ac,1,1.03,4
1,0,2026-08-19,10,3,0,0,0,semi_luxury,1,1.19,2
1,0,2026-08-19,13,3,0,0,0,normal,1,1.19,1
2,0,2026-08-19,8,3,0,0,0,ac,1,1.11,4
15,1,2026-08-19,13,3,0,0,0,normal,1,1.0,1
2,0,2026-08-19,19,3,0,0,0,normal,1,1.11,1
2,0,2026-08-19,18,3,0,0,0,luxury,1,1.11,3
15,2,2026-08-19,19,3,0,0,0,luxury,1,1.09,3
15,2,2026-08-19,17,3,0,0,0,luxury,1,1.09,3
15,2,2026-08-19,15,3,0,0,0,ac,1,1.09,4
15,2,2026-08-19,8,3,0,0,0,ac,1,1.09,4
15,2,2026-08-19,6,3,0,0,0,ac,1,1.09,4
15,2,2026-08-19,5,3,0,0,0,semi_luxury,1,1.09,2
1,0,2026-08-19,11,3,0,0,0,normal,1,1.19,1
1,0,2026-08-19,13,3,0,0,0,ac,1,1.19,4
1,0,2026-08-19,13,3,0,0,0,semi_luxury,1,1.19,2
1,0,2026-08-19,15,3,0,0,0,ac,1,1.19,4
15,1,2026-08-19,7,3,0,0,0,semi_luxury,1,1.0,2
1,0,2026-08-19,15,3,0,0,0,normal,1,1.19,1
1,0,2026-08-19,20,3,0,0,0,ac,1,1.19,4
1,0,2026-08-19,21,3,0,0,0,ac,1,1.19,4
1,0,2026-08-19,21,3,0,0,0,luxury,1,1.19,3
2,0,2026-08-19,5,3,0,0,0,ac,1,1.11,4
2,0,2026-08-19,5,3,0,0,0,semi_luxury,1,1.11,2
2,0,2026-08-19,7,3,0,0,0,ac,1,1.11,4
2,0,2026-08-19,7,3,0,0,0,luxury,2,1.11,3
2,0,2026-08-19,17,3,0,0,0,normal,1,1.11,1
2,0,2026-08-19,16,3,0,0,0,ac,1,1.11,4
2,0,2026-08-19,13,3,0,0,0,normal,1,1.11,1
2,0,2026-08-19,11,3,0,0,0,semi_luxury,1,1.11,2
2,0,2026-08-19,10,3,0,0,0,normal,1,1.11,1
2,0,2026-08-19,9,3,0,0,0,semi_luxury,2,1.11,2
2,0,2026-08-19,9,3,0,0,0,normal,1,1.11,1
1,0,2026-08-19,16,3,0,0,0,luxury,1,1.19,3
15,1,2026-08-19,6,3,0,0,0,luxury,1,1.0,3
15,1,2026-08-19,8,3,0,0,0,semi_luxury,1,1.0,2
15,0,2026-08-19,11,3,0,0,0,luxury,1,1.13,3
1,2,2026-08-19,21,3,0,0,0,semi_luxury,1,1.05,2
1,2,2026-08-19,16,3,0,0,0,normal,1,1.05,1
1,2,2026-08-19,16,3,0,0,0,ac,1,1.05,4
1,2,2026-08-19,14,3,0,0,0,semi_luxury,1,1.05,2
1,2,2026-08-19,14,3,0,0,0,normal,1,1.05,1
1,2,2026-08-19,11,3,0,0,0,normal,1,1.05,1
1,2,2026-08-19,9,3,0,0,0,normal,2,1.05,1
1,2,2026-08-19,9,3,0,0,0,luxury,1,1.05,3
1,2,2026-08-19,8,3,0,0,0,semi_luxury,1,1.05,2
1,2,2026-08-19,6,3,0,0,0,normal,1,1.05,1
1,0,2026-08-19,11,3,0,0,0,ac,1,1.19,4
1,0,2026-08-19,7,3,0,0,0,normal,1,1.19,1
1,0,2026-08-19,7,3,0,0,0,ac,1,1.19,4
1,0,2026-08-19,5,3,0,0,0,semi_luxury,2,1.19,2
2,1,2026-08-19,5,3,0,0,0,ac,1,1.09,4
2,1,2026-08-19,10,3,0,0,0,normal,1,1.09,1
2,1,2026-08-19,21,3,0,0,0,ac,1,1.09,4
2,1,2026-08-19,21,3,0,0,0,semi_luxury,1,1.09,2
15,0,2026-08-19,7,3,0,0,0,normal,1,1.13,1
15,0,2026-08-19,6,3,0,0,0,normal,1,1.13,1
15,0,2026-08-19,5,3,0,0,0,normal,1,1.13,1
15,0,2026-08-19,8,3,0,0,0,normal,1,1.13,1
15,0,2026-08-19,12,3,0,0,0,luxury,1,1.13,3
2,0,2026-08-19,7,3,0,0,0,semi_luxury,1,1.11,2
15,0,2026-08-19,14,3,0,0,0,normal,1,1.13,1
15,0,2026-08-19,15,3,0,0,0,normal,3,1.13,1
15,0,2026-08-19,17,3,0,0,0,normal,1,1.13,1
15,0,2026-08-19,21,3,0,0,0,ac,2,1.13,4
15,0,2026-08-19,20,3,0,0,0,semi_luxury,1,1.13,2
15,0,2026-08-19,18,3,0,0,0,normal,1,1.13,1
15,0,2026-08-19,14,3,0,0,0,ac,1,1.13,4
1,0,2026-08-20,20,4,0,0,0,semi_luxury,1,1.26,2
1,0,2026-08-20,17,4,0,0,0,semi_luxury,1,1.26,2
1,3,2026-08-20,13,4,0,0,0,semi_luxury,1,1.07,2
1,3,2026-08-20,11,4,0,0,0,normal,1,1.07,1
1,3,2026-08-20,9,4,0,0,0,semi_luxury,1,1.07,2
1,3,2026-08-20,6,4,0,0,0,normal,1,1.07,1
1,0,2026-08-20,21,4,0,0,0,normal,1,1.26,1
1,0,2026-08-20,16,4,0,0,0,semi_luxury,1,1.26,2
1,0,2026-08-20,7,4,0,0,0,semi_luxury,1,1.26,2
1,0,2026-08-20,11,4,0,0,0,semi_luxury,1,1.26,2
2,2,2026-08-20,9,4,0,0,0,semi_luxury,1,1.02,2
1,0,2026-08-20,9,4,0,0,0,normal,1,1.26,1
1,0,2026-08-20,8,4,0,0,0,normal,1,1.26,1
15,3,2026-08-20,6,4,0,0,0,normal,1,1.0,1
15,3,2026-08-20,8,4,0,0,0,luxury,1,1.0,3
15,3,2026-08-20,8,4,0,0,0,semi_luxury,1,1.0,2
15,3,2026-08-20,19,4,0,0,0,luxury,1,1.0,3
15,3,2026-08-20,9,4,0,0,0,ac,1,1.0,4
1,0,2026-08-20,14,4,0,0,0,semi_luxury,1,1.26,2
1,0,2026-08-20,19,4,0,0,0,normal,1,1.26,1
2,1,2026-08-20,17,4,0,0,0,semi_luxury,1,1.11,2
1,0,2026-08-20,6,4,0,0,0,normal,2,1.26,1
1,2,2026-08-20,20,4,0,0,0,normal,1,1.03,1
1,2,2026-08-20,18,4,0,0,0,normal,1,1.03,1
1,1,2026-08-20,6,4,0,0,0,semi_luxury,1,1.07,2
1,1,2026-08-20,8,4,0,0,0,ac,1,1.07,4
1,1,2026-08-20,11,4,0,0,0,normal,1,1.07,1
1,1,2026-08-20,13,4,0,0,0,luxury,1,1.07,3
1,2,2026-08-20,17,4,0,0,0,semi_luxury,1,1.03,2
1,2,2026-08-20,16,4,0,0,0,semi_luxury,1,1.03,2
1,2,2026-08-20,16,4,0,0,0,normal,1,1.03,1
1,2,2026-08-20,15,4,0,0,0,semi_luxury,1,1.03,2
1,2,2026-08-20,13,4,0,0,0,normal,1,1.03,1
1,2,2026-08-20,13,4,0,0,0,ac,1,1.03,4
1,2,2026-08-20,10,4,0,0,0,luxury,1,1.03,3
1,2,2026-08-20,9,4,0,0,0,normal,1,1.03,1
2,1,2026-08-20,6,4,0,0,0,luxury,1,1.11,3
2,1,2026-08-20,8,4,0,0,0,normal,1,1.11,1
2,1,2026-08-20,16,4,0,0,0,ac,1,1.11,4
2,0,2026-08-20,19,4,0,0,0,ac,1,1.14,4
2,0,2026-08-20,18,4,0,0,0,semi_luxury,1,1.14,2
2,0,2026-08-20,15,4,0,0,0,semi_luxury,1,1.14,2
2,0,2026-08-20,14,4,0,0,0,normal,1,1.14,1
1,0,2026-08-20,6,4,0,0,0,luxury,1,1.26,3
1,0,2026-08-20,6,4,0,0,0,ac,1,1.26,4
1,0,2026-08-20,5,4,0,0,0,semi_luxury,1,1.26,2
2,1,2026-08-20,18,4,0,0,0,semi_luxury,1,1.11,2
2,0,2026-08-20,5,4,0,0,0,ac,1,1.14,4
2,0,2026-08-20,5,4,0,0,0,luxury,1,1.14,3
2,0,2026-08-20,5,4,0,0,0,normal,2,1.14,1
2,0,2026-08-20,5,4,0,0,0,semi_luxury,2,1.14,2
1,0,2026-08-20,6,4,0,0,0,semi_luxury,3,1.26,2
2,0,2026-08-20,6,4,0,0,0,semi_luxury,2,1.14,2
2,0,2026-08-20,7,4,0,0,0,normal,1,1.14,1
2,0,2026-08-20,8,4,0,0,0,normal,1,1.14,1
2,0,2026-08-20,8,4,0,0,0,semi_luxury,1,1.14,2
2,0,2026-08-20,9,4,0,0,0,ac,1,1.14,4
2,0,2026-08-20,9,4,0,0,0,normal,1,1.14,1
2,0,2026-08-20,10,4,0,0,0,luxury,1,1.14,3
2,0,2026-08-20,10,4,0,0,0,semi_luxury,1,1.14,2
2,0,2026-08-20,13,4,0,0,0,semi_luxury,1,1.14,2
2,0,2026-08-20,7,4,0,0,0,luxury,1,1.14,3
2,2,2026-08-20,16,4,0,0,0,semi_luxury,1,1.02,2
2,1,2026-08-20,11,4,0,0,0,semi_luxury,1,1.11,2
2,3,2026-08-20,19,4,0,0,0,normal,1,1.0,1
15,0,2026-08-20,19,4,0,0,0,luxury,1,1.14,3
15,0,2026-08-20,19,4,0,0,0,ac,1,1.14,4
15,0,2026-08-20,16,4,0,0,0,normal,1,1.14,1
15,0,2026-08-20,15,4,0,0,0,ac,1,1.14,4
15,0,2026-08-20,14,4,0,0,0,normal,1,1.14,1
15,0,2026-08-20,12,4,0,0,0,semi_luxury,1,1.14,2
15,0,2026-08-20,11,4,0,0,0,luxury,1,1.14,3
15,0,2026-08-20,9,4,0,0,0,ac,1,1.14,4
15,0,2026-08-20,8,4,0,0,0,normal,1,1.14,1
15,0,2026-08-20,7,4,0,0,0,normal,1,1.14,1
15,0,2026-08-20,6,4,0,0,0,normal,1,1.14,1
2,3,2026-08-20,9,4,0,0,0,normal,1,1.0,1
15,0,2026-08-20,5,4,0,0,0,luxury,1,1.14,3
15,1,2026-08-20,8,4,0,0,0,ac,1,1.05,4
15,1,2026-08-20,9,4,0,0,0,semi_luxury,1,1.05,2
15,2,2026-08-20,5,4,0,0,0,semi_luxury,1,1.02,2
15,2,2026-08-20,12,4,0,0,0,normal,1,1.02,1
15,2,2026-08-20,17,4,0,0,0,luxury,1,1.02,3
15,2,2026-08-20,18,4,0,0,0,semi_luxury,1,1.02,2
15,2,2026-08-20,20,4,0,0,0,normal,1,1.02,1
2,3,2026-08-20,17,4,0,0,0,semi_luxury,1,1.0,2
15,0,2026-08-20,19,4,0,0,0,normal,1,1.14,1
15,0,2026-08-20,20,4,0,0,0,normal,1,1.14,1
15,0,2026-08-20,5,4,0,0,0,normal,2,1.14,1
2,3,2026-08-20,7,4,0,0,0,semi_luxury,1,1.0,2
2,0,2026-08-21,17,5,0,0,0,semi_luxury,1,1.15,2
2,0,2026-08-21,17,5,0,0,0,normal,1,1.15,1
2,0,2026-08-21,17,5,0,0,0,luxury,1,1.15,3
2,0,2026-08-21,17,5,0,0,0,ac,1,1.15,4
2,0,2026-08-21,15,5,0,0,0,semi_luxury,1,1.15,2
2,0,2026-08-21,15,5,0,0,0,luxury,1,1.15,3
2,0,2026-08-21,14,5,0,0,0,semi_luxury,1,1.15,2
2,0,2026-08-21,12,5,0,0,0,semi_luxury,1,1.15,2
2,0,2026-08-21,12,5,0,0,0,ac,1,1.15,4
2,0,2026-08-21,8,5,0,0,0,normal,1,1.15,1
2,0,2026-08-21,7,5,0,0,0,luxury,1,1.15,3
2,0,2026-08-21,6,5,0,0,0,normal,1,1.15,1
2,0,2026-08-21,18,5,0,0,0,normal,1,1.15,1
15,2,2026-08-21,21,5,0,0,0,semi_luxury,1,1.04,2
15,2,2026-08-21,15,5,0,0,0,luxury,1,1.04,3
15,2,2026-08-21,11,5,0,0,0,semi_luxury,1,1.04,2
15,1,2026-08-21,20,5,0,0,0,luxury,1,1.07,3
15,1,2026-08-21,17,5,0,0,0,luxury,1,1.07,3
15,1,2026-08-21,16,5,0,0,0,luxury,1,1.07,3
15,1,2026-08-21,15,5,0,0,0,semi_luxury,1,1.07,2
15,1,2026-08-21,9,5,0,0,0,normal,1,1.07,1
2,2,2026-08-21,16,5,0,0,0,semi_luxury,1,1.05,2
2,2,2026-08-21,13,5,0,0,0,luxury,1,1.05,3
2,2,2026-08-21,8,5,0,0,0,luxury,1,1.05,3
1,3,2026-08-21,14,5,0,0,0,luxury,1,1.07,3
1,3,2026-08-21,12,5,0,0,0,normal,1,1.07,1
15,2,2026-08-21,20,5,0,0,0,ac,1,1.04,4
2,0,2026-08-21,18,5,0,0,0,semi_luxury,1,1.15,2
2,0,2026-08-21,19,5,0,0,0,luxury,1,1.15,3
2,0,2026-08-21,19,5,0,0,0,normal,1,1.15,1
2,3,2026-08-21,15,5,0,0,0,normal,1,1.0,1
2,3,2026-08-21,19,5,0,0,0,normal,1,1.0,1
2,1,2026-08-21,21,5,0,0,0,ac,1,1.06,4
2,1,2026-08-21,20,5,0,0,0,semi_luxury,1,1.06,2
2,1,2026-08-21,19,5,0,0,0,normal,1,1.06,1
2,1,2026-08-21,17,5,0,0,0,ac,1,1.06,4
2,1,2026-08-21,15,5,0,0,0,normal,1,1.06,1
1,2,2026-08-21,6,5,0,0,0,normal,1,1.09,1
1,1,2026-08-21,20,5,0,0,0,semi_luxury,1,1.13,2
1,1,2026-08-21,20,5,0,0,0,ac,1,1.13,4
1,1,2026-08-21,16,5,0,0,0,ac,1,1.13,4
1,1,2026-08-21,15,5,0,0,0,semi_luxury,1,1.13,2
1,1,2026-08-21,13,5,0,0,0,semi_luxury,1,1.13,2
1,1,2026-08-21,10,5,0,0,0,normal,1,1.13,1
1,1,2026-08-21,10,5,0,0,0,ac,1,1.13,4
1,1,2026-08-21,9,5,0,0,0,luxury,1,1.13,3
1,2,2026-08-21,8,5,0,0,0,semi_luxury,1,1.09,2
1,2,2026-08-21,14,5,0,0,0,normal,1,1.09,1
1,2,2026-08-21,15,5,0,0,0,semi_luxury,1,1.09,2
1,2,2026-08-21,17,5,0,0,0,normal,1,1.09,1
1,2,2026-08-21,17,5,0,0,0,semi_luxury,1,1.09,2
1,2,2026-08-21,18,5,0,0,0,normal,1,1.09,1
1,2,2026-08-21,19,5,0,0,0,ac,1,1.09,4
2,0,2026-08-21,21,5,0,0,0,normal,1,1.15,1
2,0,2026-08-21,20,5,0,0,0,semi_luxury,2,1.15,2
2,0,2026-08-21,20,5,0,0,0,luxury,2,1.15,3
2,0,2026-08-21,19,5,0,0,0,semi_luxury,1,1.15,2
1,3,2026-08-21,8,5,0,0,0,luxury,1,1.07,3
15,0,2026-08-21,6,5,0,0,0,ac,1,1.13,4
15,0,2026-08-21,21,5,0,0,0,semi_luxury,5,1.13,2
2,2,2026-08-21,20,5,0,0,0,normal,1,1.05,1
1,0,2026-08-21,9,5,0,0,0,luxury,1,1.35,3
1,0,2026-08-21,10,5,0,0,0,ac,1,1.35,4
1,0,2026-08-21,12,5,0,0,0,ac,1,1.35,4
1,0,2026-08-21,14,5,0,0,0,luxury,1,1.35,3
1,0,2026-08-21,15,5,0,0,0,luxury,1,1.35,3
1,0,2026-08-21,15,5,0,0,0,semi_luxury,3,1.35,2
1,0,2026-08-21,16,5,0,0,0,luxury,1,1.35,3
1,0,2026-08-21,16,5,0,0,0,semi_luxury,1,1.35,2
1,0,2026-08-21,17,5,0,0,0,ac,1,1.35,4
1,0,2026-08-21,8,5,0,0,0,semi_luxury,1,1.35,2
1,0,2026-08-21,18,5,0,0,0,semi_luxury,4,1.35,2
1,0,2026-08-21,19,5,0,0,0,normal,2,1.35,1
1,0,2026-08-21,20,5,0,0,0,normal,2,1.35,1
1,0,2026-08-21,20,5,0,0,0,semi_luxury,1,1.35,2
15,3,2026-08-21,8,5,0,0,0,normal,1,1.06,1
1,0,2026-08-21,21,5,0,0,0,semi_luxury,2,1.35,2
15,3,2026-08-21,21,5,0,0,0,semi_luxury,1,1.06,2
15,3,2026-08-21,21,5,0,0,0,normal,1,1.06,1
15,3,2026-08-21,21,5,0,0,0,luxury,1,1.06,3
15,0,2026-08-21,9,5,0,0,0,semi_luxury,1,1.13,2
1,0,2026-08-21,19,5,0,0,0,ac,1,1.35,4
15,0,2026-08-21,17,5,0,0,0,normal,1,1.13,1
1,0,2026-08-21,10,5,0,0,0,semi_luxury,1,1.35,2
15,0,2026-08-21,18,5,0,0,0,semi_luxury,1,1.13,2
15,0,2026-08-21,18,5,0,0,0,normal,1,1.13,1
15,0,2026-08-21,10,5,0,0,0,luxury,1,1.13,3
15,0,2026-08-21,11,5,0,0,0,semi_luxury,1,1.13,2
15,0,2026-08-21,12,5,0,0,0,semi_luxury,1,1.13,2
15,0,2026-08-21,19,5,0,0,0,normal,1,1.13,1
15,0,2026-08-21,15,5,0,0,0,luxury,1,1.13,3
15,0,2026-08-21,15,5,0,0,0,semi_luxury,2,1.13,2
15,0,2026-08-21,13,5,0,0,0,ac,1,1.13,4
15,0,2026-08-21,17,5,0,0,0,ac,1,1.13,4
15,0,2026-08-21,21,5,0,0,0,ac,1,1.13,4
15,0,2026-08-21,19,5,0,0,0,luxury,1,1.13,3
15,0,2026-08-21,16,5,0,0,0,normal,1,1.13,1
2,0,2026-08-22,20,6,1,0,0,normal,1,1.18,1
1,3,2026-08-22,18,6,1,0,0,semi_luxury,1,1.05,2
2,3,2026-08-22,5,6,1,0,0,normal,1,1.07,1
2,3,2026-08-22,7,6,1,0,0,ac,1,1.07,4
2,0,2026-08-22,14,6,1,0,0,normal,1,1.18,1
2,0,2026-08-22,13,6,1,0,0,normal,1,1.18,1
2,0,2026-08-22,12,6,1,0,0,ac,1,1.18,4
2,0,2026-08-22,15,6,1,0,0,semi_luxury,1,1.18,2
2,0,2026-08-22,17,6,1,0,0,semi_luxury,1,1.18,2
1,2,2026-08-22,19,6,1,0,0,normal,1,1.12,1
2,1,2026-08-22,18,6,1,0,0,semi_luxury,1,1.05,2
1,2,2026-08-22,18,6,1,0,0,ac,1,1.12,4
1,2,2026-08-22,15,6,1,0,0,normal,1,1.12,1
1,2,2026-08-22,12,6,1,0,0,luxury,1,1.12,3
2,3,2026-08-22,7,6,1,0,0,normal,1,1.07,1
2,1,2026-08-22,18,6,1,0,0,normal,1,1.05,1
2,1,2026-08-22,11,6,1,0,0,semi_luxury,1,1.05,2
2,1,2026-08-22,9,6,1,0,0,normal,1,1.05,1
2,0,2026-08-22,11,6,1,0,0,luxury,2,1.18,3
2,1,2026-08-22,8,6,1,0,0,normal,1,1.05,1
2,3,2026-08-22,17,6,1,0,0,luxury,1,1.07,3
2,3,2026-08-22,12,6,1,0,0,semi_luxury,1,1.07,2
2,3,2026-08-22,8,6,1,0,0,ac,1,1.07,4
1,2,2026-08-22,18,6,1,0,0,semi_luxury,1,1.12,2
2,0,2026-08-22,9,6,1,0,0,semi_luxury,2,1.18,2
15,0,2026-08-22,6,6,1,0,0,luxury,1,1.17,3
2,0,2026-08-22,8,6,1,0,0,luxury,2,1.18,3
1,3,2026-08-22,18,6,1,0,0,normal,1,1.05,1
1,3,2026-08-22,18,6,1,0,0,ac,1,1.05,4
1,3,2026-08-22,16,6,1,0,0,normal,1,1.05,1
1,3,2026-08-22,7,6,1,0,0,semi_luxury,1,1.05,2
15,0,2026-08-22,6,6,1,0,0,ac,1,1.17,4
15,1,2026-08-22,20,6,1,0,0,normal,1,1.02,1
15,1,2026-08-22,19,6,1,0,0,ac,1,1.02,4
15,1,2026-08-22,5,6,1,0,0,ac,1,1.02,4
1,0,2026-08-22,14,6,1,0,0,normal,1,1.28,1
1,0,2026-08-22,15,6,1,0,0,normal,1,1.28,1
1,0,2026-08-22,16,6,1,0,0,ac,1,1.28,4
1,3,2026-08-22,7,6,1,0,0,normal,1,1.05,1
1,3,2026-08-22,5,6,1,0,0,normal,1,1.05,1
1,3,2026-08-22,5,6,1,0,0,ac,1,1.05,4
15,0,2026-08-22,19,6,1,0,0,semi_luxury,1,1.17,2
15,0,2026-08-22,13,6,1,0,0,normal,2,1.17,1
15,0,2026-08-22,10,6,1,0,0,semi_luxury,2,1.17,2
15,0,2026-08-22,10,6,1,0,0,normal,1,1.17,1
15,0,2026-08-22,9,6,1,0,0,luxury,1,1.17,3
15,0,2026-08-22,8,6,1,0,0,luxury,1,1.17,3
15,0,2026-08-22,7,6,1,0,0,ac,1,1.17,4
1,0,2026-08-22,14,6,1,0,0,ac,1,1.28,4
1,0,2026-08-22,13,6,1,0,0,normal,2,1.28,1
1,0,2026-08-22,12,6,1,0,0,luxury,1,1.28,3
1,0,2026-08-22,11,6,1,0,0,semi_luxury,1,1.28,2
2,0,2026-08-22,8,6,1,0,0,ac,1,1.18,4
2,0,2026-08-22,7,6,1,0,0,ac,2,1.18,4
2,0,2026-08-22,6,6,1,0,0,ac,2,1.18,4
2,0,2026-08-22,5,6,1,0,0,normal,2,1.18,1
1,0,2026-08-22,5,6,1,0,0,semi_luxury,2,1.28,2
1,0,2026-08-22,6,6,1,0,0,ac,1,1.28,4
1,0,2026-08-22,6,6,1,0,0,luxury,1,1.28,3
1,0,2026-08-22,6,6,1,0,0,normal,1,1.28,1
1,0,2026-08-22,6,6,1,0,0,semi_luxury,1,1.28,2
1,0,2026-08-22,7,6,1,0,0,ac,1,1.28,4
2,0,2026-08-22,8,6,1,0,0,semi_luxury,1,1.18,2
1,0,2026-08-22,7,6,1,0,0,luxury,1,1.28,3
1,0,2026-08-22,8,6,1,0,0,luxury,1,1.28,3
1,0,2026-08-22,8,6,1,0,0,normal,2,1.28,1
1,0,2026-08-22,8,6,1,0,0,semi_luxury,1,1.28,2
1,0,2026-08-22,9,6,1,0,0,normal,1,1.28,1
1,0,2026-08-22,9,6,1,0,0,semi_luxury,1,1.28,2
1,0,2026-08-22,10,6,1,0,0,ac,1,1.28,4
1,0,2026-08-22,10,6,1,0,0,luxury,1,1.28,3
1,0,2026-08-22,10,6,1,0,0,semi_luxury,2,1.28,2
15,2,2026-08-22,11,6,1,0,0,normal,1,1.08,1
15,2,2026-08-22,5,6,1,0,0,semi_luxury,1,1.08,2
1,0,2026-08-22,7,6,1,0,0,normal,1,1.28,1
2,0,2026-08-22,5,6,1,0,0,luxury,1,1.18,3
2,2,2026-08-22,19,6,1,0,0,luxury,1,1.06,3
1,2,2026-08-22,7,6,1,0,0,normal,1,1.12,1
1,1,2026-08-22,18,6,1,0,0,normal,1,1.09,1
1,1,2026-08-22,17,6,1,0,0,luxury,1,1.09,3
1,1,2026-08-22,14,6,1,0,0,normal,1,1.09,1
1,1,2026-08-22,8,6,1,0,0,normal,1,1.09,1
2,2,2026-08-22,7,6,1,0,0,ac,1,1.06,4
2,2,2026-08-22,7,6,1,0,0,semi_luxury,1,1.06,2
2,2,2026-08-22,8,6,1,0,0,luxury,1,1.06,3
2,2,2026-08-22,10,6,1,0,0,semi_luxury,1,1.06,2
2,2,2026-08-22,17,6,1,0,0,ac,1,1.06,4
1,1,2026-08-22,18,6,1,0,0,semi_luxury,1,1.09,2
1,1,2026-08-22,8,6,1,0,0,luxury,1,1.09,3
1,1,2026-08-22,19,6,1,0,0,luxury,1,1.09,3
1,1,2026-08-22,5,6,1,0,0,ac,2,1.09,4
15,3,2026-08-22,10,6,1,0,0,semi_luxury,1,1.03,2
1,0,2026-08-23,5,7,1,0,0,ac,2,1.27,4
15,3,2026-08-23,5,7,1,0,0,luxury,1,1.03,3
15,3,2026-08-23,5,7,1,0,0,normal,1,1.03,1
1,0,2026-08-23,11,7,1,0,0,semi_luxury,2,1.27,2
1,0,2026-08-23,11,7,1,0,0,normal,2,1.27,1
1,0,2026-08-23,11,7,1,0,0,luxury,1,1.27,3
1,0,2026-08-23,10,7,1,0,0,semi_luxury,1,1.27,2
15,3,2026-08-23,7,7,1,0,0,luxury,1,1.03,3
15,3,2026-08-23,7,7,1,0,0,normal,1,1.03,1
15,3,2026-08-23,8,7,1,0,0,normal,1,1.03,1
15,3,2026-08-23,8,7,1,0,0,semi_luxury,1,1.03,2
15,3,2026-08-23,9,7,1,0,0,ac,1,1.03,4
1,0,2026-08-23,10,7,1,0,0,luxury,1,1.27,3
1,0,2026-08-23,9,7,1,0,0,normal,2,1.27,1
1,0,2026-08-23,8,7,1,0,0,semi_luxury,1,1.27,2
15,3,2026-08-23,13,7,1,0,0,ac,1,1.03,4
15,3,2026-08-23,14,7,1,0,0,semi_luxury,1,1.03,2
1,0,2026-08-23,8,7,1,0,0,ac,1,1.27,4
1,0,2026-08-23,7,7,1,0,0,semi_luxury,1,1.27,2
1,0,2026-08-23,6,7,1,0,0,ac,1,1.27,4
15,3,2026-08-23,15,7,1,0,0,normal,1,1.03,1
1,0,2026-08-23,8,7,1,0,0,normal,1,1.27,1
1,0,2026-08-23,12,7,1,0,0,normal,1,1.27,1
1,0,2026-08-23,12,7,1,0,0,semi_luxury,1,1.27,2
15,2,2026-08-23,6,7,1,0,0,ac,1,1.04,4
15,2,2026-08-23,8,7,1,0,0,semi_luxury,1,1.04,2
15,2,2026-08-23,9,7,1,0,0,luxury,1,1.04,3
15,2,2026-08-23,10,7,1,0,0,semi_luxury,1,1.04,2
15,2,2026-08-23,13,7,1,0,0,normal,2,1.04,1
15,2,2026-08-23,19,7,1,0,0,semi_luxury,1,1.04,2
2,0,2026-08-23,5,7,1,0,0,semi_luxury,1,1.2,2
2,0,2026-08-23,6,7,1,0,0,luxury,2,1.2,3
2,0,2026-08-23,7,7,1,0,0,normal,1,1.2,1
2,0,2026-08-23,8,7,1,0,0,normal,1,1.2,1
2,0,2026-08-23,13,7,1,0,0,luxury,1,1.2,3
2,0,2026-08-23,14,7,1,0,0,ac,1,1.2,4
2,0,2026-08-23,15,7,1,0,0,ac,1,1.2,4
2,0,2026-08-23,15,7,1,0,0,normal,1,1.2,1
2,0,2026-08-23,16,7,1,0,0,semi_luxury,1,1.2,2
2,0,2026-08-23,17,7,1,0,0,luxury,1,1.2,3
2,0,2026-08-23,17,7,1,0,0,semi_luxury,1,1.2,2
1,0,2026-08-23,18,7,1,0,0,normal,1,1.27,1
1,0,2026-08-23,17,7,1,0,0,normal,1,1.27,1
1,0,2026-08-23,15,7,1,0,0,normal,1,1.27,1
1,0,2026-08-23,13,7,1,0,0,normal,1,1.27,1
15,0,2026-08-23,7,7,1,0,0,normal,2,1.14,1
15,0,2026-08-23,7,7,1,0,0,semi_luxury,1,1.14,2
15,0,2026-08-23,6,7,1,0,0,normal,1,1.14,1
15,0,2026-08-23,10,7,1,0,0,ac,1,1.14,4
2,1,2026-08-23,6,7,1,0,0,luxury,1,1.03,3
1,1,2026-08-23,20,7,1,0,0,normal,1,1.07,1
15,0,2026-08-23,9,7,1,0,0,ac,2,1.14,4
1,1,2026-08-23,11,7,1,0,0,luxury,1,1.07,3
1,1,2026-08-23,9,7,1,0,0,semi_luxury,1,1.07,2
1,1,2026-08-23,7,7,1,0,0,ac,1,1.07,4
1,1,2026-08-23,5,7,1,0,0,normal,1,1.07,1
2,2,2026-08-23,19,7,1,0,0,normal,1,1.04,1
2,2,2026-08-23,11,7,1,0,0,semi_luxury,1,1.04,2
2,2,2026-08-23,8,7,1,0,0,semi_luxury,1,1.04,2
2,2,2026-08-23,6,7,1,0,0,normal,1,1.04,1
1,3,2026-08-23,8,7,1,0,0,ac,1,1.13,4
2,1,2026-08-23,7,7,1,0,0,semi_luxury,1,1.03,2
1,3,2026-08-23,9,7,1,0,0,semi_luxury,1,1.13,2
1,3,2026-08-23,12,7,1,0,0,luxury,1,1.13,3
2,3,2026-08-23,5,7,1,0,0,luxury,1,1.06,3
2,3,2026-08-23,6,7,1,0,0,ac,1,1.06,4
2,3,2026-08-23,8,7,1,0,0,semi_luxury,2,1.06,2
1,2,2026-08-23,18,7,1,0,0,luxury,1,1.04,3
1,2,2026-08-23,13,7,1,0,0,ac,1,1.04,4
1,2,2026-08-23,9,7,1,0,0,semi_luxury,1,1.04,2
1,2,2026-08-23,8,7,1,0,0,semi_luxury,1,1.04,2
1,2,2026-08-23,8,7,1,0,0,luxury,1,1.04,3
1,2,2026-08-23,7,7,1,0,0,semi_luxury,1,1.04,2
1,2,2026-08-23,5,7,1,0,0,luxury,1,1.04,3
2,2,2026-08-23,5,7,1,0,0,semi_luxury,1,1.04,2
1,3,2026-08-23,10,7,1,0,0,normal,1,1.13,1
2,1,2026-08-23,12,7,1,0,0,semi_luxury,1,1.03,2
1,1,2026-08-23,17,7,1,0,0,semi_luxury,1,1.07,2
15,1,2026-08-23,6,7,1,0,0,semi_luxury,1,1.05,2
15,0,2026-08-23,10,7,1,0,0,semi_luxury,1,1.14,2
15,0,2026-08-23,11,7,1,0,0,normal,1,1.14,1
15,0,2026-08-23,13,7,1,0,0,luxury,1,1.14,3
15,0,2026-08-23,14,7,1,0,0,normal,1,1.14,1
15,0,2026-08-23,17,7,1,0,0,normal,1,1.14,1
15,0,2026-08-23,19,7,1,0,0,ac,1,1.14,4
15,0,2026-08-23,20,7,1,0,0,ac,1,1.14,4
2,3,2026-08-24,5,1,0,0,0,luxury,2,1.06,3
2,3,2026-08-24,6,1,0,0,0,normal,1,1.06,1
2,3,2026-08-24,8,1,0,0,0,ac,1,1.06,4
2,3,2026-08-24,16,1,0,0,0,luxury,1,1.06,3
15,2,2026-08-24,7,1,0,0,0,normal,1,1.16,1
1,2,2026-08-24,6,1,0,0,0,normal,1,1.08,1
15,1,2026-08-24,7,1,0,0,0,ac,1,1.09,4
15,1,2026-08-24,7,1,0,0,0,luxury,1,1.09,3
15,2,2026-08-24,7,1,0,0,0,semi_luxury,1,1.16,2
2,1,2026-08-24,4,1,0,0,0,luxury,1,1.12,3
2,1,2026-08-24,7,1,0,0,0,luxury,1,1.12,3
2,1,2026-08-24,11,1,0,0,0,normal,1,1.12,1
2,1,2026-08-24,8,1,0,0,0,semi_luxury,2,1.12,2
2,0,2026-08-24,5,1,0,0,0,normal,2,1.24,1
2,0,2026-08-24,6,1,0,0,0,luxury,1,1.24,3
2,0,2026-08-24,6,1,0,0,0,normal,2,1.24,1
2,0,2026-08-24,7,1,0,0,0,normal,1,1.24,1
2,0,2026-08-24,7,1,0,0,0,semi_luxury,2,1.24,2
2,0,2026-08-24,8,1,0,0,0,semi_luxury,1,1.24,2
2,0,2026-08-24,9,1,0,0,0,luxury,1,1.24,3
2,0,2026-08-24,9,1,0,0,0,normal,1,1.24,1
2,0,2026-08-24,9,1,0,0,0,semi_luxury,1,1.24,2
2,0,2026-08-24,13,1,0,0,0,normal,2,1.24,1
2,0,2026-08-24,20,1,0,0,0,semi_luxury,1,1.24,2
1,2,2026-08-24,17,1,0,0,0,normal,1,1.08,1
2,0,2026-08-24,4,1,0,0,0,semi_luxury,1,1.24,2
1,2,2026-08-24,11,1,0,0,0,semi_luxury,1,1.08,2
2,1,2026-08-24,17,1,0,0,0,luxury,1,1.12,3
1,2,2026-08-24,5,1,0,0,0,normal,1,1.08,1
1,0,2026-08-24,9,1,0,0,0,semi_luxury,1,1.36,2
1,0,2026-08-24,5,1,0,0,0,ac,1,1.36,4
1,0,2026-08-24,7,1,0,0,0,ac,1,1.36,4
1,0,2026-08-24,6,1,0,0,0,semi_luxury,1,1.36,2
1,0,2026-08-24,5,1,0,0,0,normal,1,1.36,1
15,3,2026-08-24,5,1,0,0,0,semi_luxury,1,1.12,2
1,0,2026-08-24,4,1,0,0,0,luxury,1,1.36,3
1,3,2026-08-24,6,1,0,0,0,ac,1,1.04,4
1,3,2026-08-24,5,1,0,0,0,normal,1,1.04,1
2,2,2026-08-24,8,1,0,0,0,normal,1,1.08,1
15,3,2026-08-24,9,1,0,0,0,semi_luxury,1,1.12,2
1,1,2026-08-24,5,1,0,0,0,luxury,1,1.07,3
1,1,2026-08-24,5,1,0,0,0,normal,1,1.07,1
1,0,2026-08-24,7,1,0,0,0,luxury,2,1.36,3
1,1,2026-08-24,7,1,0,0,0,ac,1,1.07,4
1,1,2026-08-24,8,1,0,0,0,luxury,1,1.07,3
15,0,2026-08-24,14,1,0,0,0,normal,1,1.19,1
15,0,2026-08-24,13,1,0,0,0,luxury,1,1.19,3
15,0,2026-08-24,12,1,0,0,0,semi_luxury,1,1.19,2
15,0,2026-08-24,11,1,0,0,0,normal,1,1.19,1
15,0,2026-08-24,10,1,0,0,0,ac,1,1.19,4
15,0,2026-08-24,9,1,0,0,0,semi_luxury,1,1.19,2
15,0,2026-08-24,8,1,0,0,0,ac,1,1.19,4
15,0,2026-08-24,7,1,0,0,0,normal,1,1.19,1
15,0,2026-08-24,7,1,0,0,0,luxury,1,1.19,3
15,0,2026-08-24,7,1,0,0,0,ac,1,1.19,4
1,1,2026-08-24,7,1,0,0,0,semi_luxury,1,1.07,2
1,0,2026-08-24,7,1,0,0,0,normal,1,1.36,1
1,1,2026-08-24,14,1,0,0,0,ac,1,1.07,4
1,0,2026-08-24,8,1,0,0,0,ac,1,1.36,4
1,0,2026-08-24,7,1,0,0,0,semi_luxury,2,1.36,2
1,0,2026-08-24,17,1,0,0,0,semi_luxury,1,1.36,2
1,0,2026-08-24,13,1,0,0,0,normal,1,1.36,1
1,3,2026-08-24,12,1,0,0,0,normal,1,1.04,1
1,3,2026-08-24,15,1,0,0,0,normal,1,1.04,1
1,3,2026-08-24,6,1,0,0,0,semi_luxury,1,1.04,2
1,0,2026-08-24,8,1,0,0,0,semi_luxury,2,1.36,2
1,0,2026-08-24,8,1,0,0,0,normal,1,1.36,1
1,0,2026-08-24,8,1,0,0,0,luxury,1,1.36,3
1,0,2026-08-24,9,1,0,0,0,luxury,1,1.36,3
1,3,2026-08-25,9,2,0,0,0,semi_luxury,1,1.05,2
1,3,2026-08-25,10,2,0,0,0,luxury,1,1.05,3
1,3,2026-08-25,13,2,0,0,0,normal,1,1.05,1
1,3,2026-08-25,15,2,0,0,0,luxury,1,1.05,3
1,3,2026-08-25,20,2,0,0,0,ac,1,1.05,4
1,3,2026-08-25,20,2,0,0,0,normal,1,1.05,1
15,2,2026-08-25,6,2,0,0,0,normal,1,1.0,1
15,0,2026-08-25,5,2,0,0,0,luxury,3,1.15,3
15,2,2026-08-25,6,2,0,0,0,semi_luxury,1,1.0,2
15,2,2026-08-25,13,2,0,0,0,normal,1,1.0,1
1,3,2026-08-25,18,2,0,0,0,normal,1,1.05,1
15,0,2026-08-25,9,2,0,0,0,ac,1,1.15,4
15,0,2026-08-25,18,2,0,0,0,luxury,1,1.15,3
15,0,2026-08-25,13,2,0,0,0,normal,1,1.15,1
15,0,2026-08-25,15,2,0,0,0,normal,2,1.15,1
15,0,2026-08-25,16,2,0,0,0,semi_luxury,1,1.15,2
15,0,2026-08-25,17,2,0,0,0,semi_luxury,1,1.15,2
15,0,2026-08-25,20,2,0,0,0,luxury,1,1.15,3
1,3,2026-08-25,9,2,0,0,0,luxury,1,1.05,3
1,3,2026-08-25,8,2,0,0,0,luxury,1,1.05,3
1,3,2026-08-25,7,2,0,0,0,luxury,1,1.05,3
1,3,2026-08-25,6,2,0,0,0,semi_luxury,1,1.05,2
1,3,2026-08-25,6,2,0,0,0,luxury,1,1.05,3
15,0,2026-08-25,21,2,0,0,0,normal,1,1.15,1
2,2,2026-08-25,20,2,0,0,0,ac,1,1.03,4
15,0,2026-08-25,12,2,0,0,0,semi_luxury,1,1.15,2
1,0,2026-08-25,14,2,0,0,0,normal,1,1.19,1
2,0,2026-08-25,18,2,0,0,0,ac,1,1.18,4
1,2,2026-08-25,7,2,0,0,0,ac,1,1.11,4
15,2,2026-08-25,5,2,0,0,0,semi_luxury,1,1.0,2
15,2,2026-08-25,16,2,0,0,0,luxury,1,1.0,3
1,0,2026-08-25,5,2,0,0,0,normal,1,1.19,1
1,0,2026-08-25,8,2,0,0,0,ac,1,1.19,4
1,0,2026-08-25,8,2,0,0,0,normal,1,1.19,1
1,0,2026-08-25,9,2,0,0,0,luxury,1,1.19,3
15,1,2026-08-25,20,2,0,0,0,normal,1,1.04,1
15,1,2026-08-25,9,2,0,0,0,normal,1,1.04,1
15,3,2026-08-25,21,2,0,0,0,luxury,1,1.0,3
15,1,2026-08-25,7,2,0,0,0,semi_luxury,1,1.04,2
1,0,2026-08-25,10,2,0,0,0,normal,1,1.19,1
1,0,2026-08-25,11,2,0,0,0,normal,2,1.19,1
1,0,2026-08-25,21,2,0,0,0,semi_luxury,2,1.19,2
1,0,2026-08-25,20,2,0,0,0,semi_luxury,1,1.19,2
1,0,2026-08-25,19,2,0,0,0,semi_luxury,1,1.19,2
1,0,2026-08-25,19,2,0,0,0,normal,1,1.19,1
1,0,2026-08-25,17,2,0,0,0,luxury,1,1.19,3
1,0,2026-08-25,16,2,0,0,0,normal,1,1.19,1
1,0,2026-08-25,9,2,0,0,0,normal,1,1.19,1
1,2,2026-08-25,5,2,0,0,0,normal,1,1.11,1
15,3,2026-08-25,19,2,0,0,0,ac,1,1.0,4
15,3,2026-08-25,13,2,0,0,0,normal,1,1.0,1
1,2,2026-08-25,12,2,0,0,0,semi_luxury,1,1.11,2
1,2,2026-08-25,13,2,0,0,0,normal,1,1.11,1
1,2,2026-08-25,13,2,0,0,0,semi_luxury,1,1.11,2
1,2,2026-08-25,15,2,0,0,0,luxury,1,1.11,3
1,1,2026-08-25,13,2,0,0,0,ac,1,1.11,4
2,0,2026-08-25,21,2,0,0,0,normal,1,1.18,1
2,0,2026-08-25,19,2,0,0,0,ac,1,1.18,4
1,0,2026-08-25,11,2,0,0,0,semi_luxury,1,1.19,2
15,3,2026-08-25,16,2,0,0,0,semi_luxury,1,1.0,2
2,0,2026-08-25,16,2,0,0,0,normal,1,1.18,1
2,0,2026-08-25,12,2,0,0,0,normal,2,1.18,1
2,0,2026-08-25,12,2,0,0,0,luxury,1,1.18,3
2,0,2026-08-25,11,2,0,0,0,luxury,2,1.18,3
2,0,2026-08-25,10,2,0,0,0,semi_luxury,1,1.18,2
2,0,2026-08-25,9,2,0,0,0,semi_luxury,1,1.18,2
2,0,2026-08-25,7,2,0,0,0,semi_luxury,1,1.18,2
2,0,2026-08-25,6,2,0,0,0,normal,2,1.18,1
15,3,2026-08-25,7,2,0,0,0,normal,1,1.0,1
2,0,2026-08-25,13,2,0,0,0,normal,1,1.18,1
15,2,2026-08-25,19,2,0,0,0,semi_luxury,1,1.0,2
1,1,2026-08-25,14,2,0,0,0,normal,1,1.11,1
2,1,2026-08-25,10,2,0,0,0,normal,1,1.04,1
1,1,2026-08-25,6,2,0,0,0,normal,1,1.11,1
2,1,2026-08-25,6,2,0,0,0,normal,1,1.04,1
2,1,2026-08-25,5,2,0,0,0,normal,1,1.04,1
2,3,2026-08-25,10,2,0,0,0,normal,1,1.04,1
2,3,2026-08-25,13,2,0,0,0,luxury,1,1.04,3
1,1,2026-08-25,12,2,0,0,0,luxury,1,1.11,3
2,1,2026-08-25,17,2,0,0,0,semi_luxury,1,1.04,2
1,1,2026-08-25,15,2,0,0,0,luxury,1,1.11,3
1,1,2026-08-25,21,2,0,0,0,luxury,1,1.11,3
2,0,2026-08-26,18,3,0,0,0,semi_luxury,2,1.11,2
2,0,2026-08-26,11,3,0,0,0,semi_luxury,1,1.11,2
2,1,2026-08-26,9,3,0,0,0,luxury,1,1.09,3
2,0,2026-08-26,12,3,0,0,0,semi_luxury,1,1.11,2
2,0,2026-08-26,14,3,0,0,0,semi_luxury,2,1.11,2
2,1,2026-08-26,10,3,0,0,0,semi_luxury,1,1.09,2
2,0,2026-08-26,17,3,0,0,0,ac,1,1.11,4
2,1,2026-08-26,13,3,0,0,0,normal,1,1.09,1
2,1,2026-08-26,20,3,0,0,0,ac,1,1.09,4
1,0,2026-08-26,7,3,0,0,0,normal,2,1.19,1
2,0,2026-08-26,15,3,0,0,0,ac,1,1.11,4
1,2,2026-08-26,15,3,0,0,0,semi_luxury,1,1.05,2
1,2,2026-08-26,17,3,0,0,0,ac,1,1.05,4
2,0,2026-08-26,20,3,0,0,0,semi_luxury,1,1.11,2
2,0,2026-08-26,20,3,0,0,0,normal,1,1.11,1
2,1,2026-08-26,16,3,0,0,0,normal,1,1.09,1
1,2,2026-08-26,8,3,0,0,0,luxury,1,1.05,3
1,2,2026-08-26,7,3,0,0,0,semi_luxury,1,1.05,2
2,0,2026-08-26,9,3,0,0,0,luxury,1,1.11,3
1,3,2026-08-26,12,3,0,0,0,normal,1,1.03,1
1,3,2026-08-26,9,3,0,0,0,normal,1,1.03,1
1,1,2026-08-26,6,3,0,0,0,semi_luxury,1,1.07,2
1,1,2026-08-26,11,3,0,0,0,ac,1,1.07,4
1,1,2026-08-26,13,3,0,0,0,semi_luxury,1,1.07,2
1,1,2026-08-26,16,3,0,0,0,normal,1,1.07,1
1,1,2026-08-26,17,3,0,0,0,normal,1,1.07,1
2,1,2026-08-26,8,3,0,0,0,semi_luxury,1,1.09,2
1,1,2026-08-26,18,3,0,0,0,luxury,1,1.07,3
1,1,2026-08-26,20,3,0,0,0,normal,1,1.07,1
15,2,2026-08-26,20,3,0,0,0,normal,1,1.09,1
15,2,2026-08-26,7,3,0,0,0,normal,1,1.09,1
2,3,2026-08-26,13,3,0,0,0,normal,1,1.04,1
2,3,2026-08-26,10,3,0,0,0,normal,1,1.04,1
2,3,2026-08-26,6,3,0,0,0,luxury,1,1.04,3
2,3,2026-08-26,5,3,0,0,0,normal,1,1.04,1
1,1,2026-08-26,19,3,0,0,0,normal,2,1.07,1
2,0,2026-08-26,8,3,0,0,0,normal,1,1.11,1
2,0,2026-08-26,7,3,0,0,0,semi_luxury,1,1.11,2
2,0,2026-08-26,7,3,0,0,0,normal,1,1.11,1
15,3,2026-08-26,21,3,0,0,0,normal,1,1.08,1
1,0,2026-08-26,5,3,0,0,0,semi_luxury,1,1.19,2
1,0,2026-08-26,6,3,0,0,0,ac,1,1.19,4
1,0,2026-08-26,6,3,0,0,0,luxury,1,1.19,3
1,0,2026-08-26,6,3,0,0,0,normal,1,1.19,1
1,0,2026-08-26,6,3,0,0,0,semi_luxury,1,1.19,2
1,0,2026-08-26,21,3,0,0,0,normal,1,1.19,1
1,0,2026-08-26,20,3,0,0,0,normal,2,1.19,1
1,0,2026-08-26,18,3,0,0,0,normal,2,1.19,1
1,0,2026-08-26,17,3,0,0,0,semi_luxury,1,1.19,2
1,0,2026-08-26,17,3,0,0,0,normal,1,1.19,1
1,0,2026-08-26,16,3,0,0,0,semi_luxury,1,1.19,2
1,0,2026-08-26,16,3,0,0,0,luxury,1,1.19,3
1,0,2026-08-26,15,3,0,0,0,luxury,1,1.19,3
1,0,2026-08-26,14,3,0,0,0,normal,1,1.19,1
1,0,2026-08-26,13,3,0,0,0,normal,1,1.19,1
1,0,2026-08-26,12,3,0,0,0,semi_luxury,1,1.19,2
1,0,2026-08-26,10,3,0,0,0,normal,2,1.19,1
1,0,2026-08-26,9,3,0,0,0,semi_luxury,1,1.19,2
15,3,2026-08-26,18,3,0,0,0,normal,2,1.08,1
1,3,2026-08-26,14,3,0,0,0,luxury,1,1.03,3
15,3,2026-08-26,18,3,0,0,0,ac,1,1.08,4
15,3,2026-08-26,16,3,0,0,0,ac,1,1.08,4
2,0,2026-08-26,6,3,0,0,0,semi_luxury,1,1.11,2
2,0,2026-08-26,5,3,0,0,0,normal,1,1.11,1
2,0,2026-08-26,5,3,0,0,0,luxury,1,1.11,3
2,0,2026-08-26,5,3,0,0,0,ac,2,1.11,4
15,0,2026-08-26,21,3,0,0,0,normal,1,1.13,1
15,0,2026-08-26,20,3,0,0,0,semi_luxury,1,1.13,2
15,0,2026-08-26,16,3,0,0,0,semi_luxury,1,1.13,2
15,0,2026-08-26,16,3,0,0,0,normal,2,1.13,1
15,0,2026-08-26,16,3,0,0,0,luxury,1,1.13,3
15,0,2026-08-26,15,3,0,0,0,semi_luxury,1,1.13,2
15,0,2026-08-26,11,3,0,0,0,normal,1,1.13,1
15,0,2026-08-26,11,3,0,0,0,ac,1,1.13,4
15,0,2026-08-26,8,3,0,0,0,luxury,1,1.13,3
15,0,2026-08-26,7,3,0,0,0,semi_luxury,1,1.13,2
15,0,2026-08-26,6,3,0,0,0,normal,1,1.13,1
2,2,2026-08-26,19,3,0,0,0,luxury,1,1.03,3
2,2,2026-08-26,20,3,0,0,0,normal,1,1.03,1
15,1,2026-08-26,18,3,0,0,0,semi_luxury,1,1.0,2
15,1,2026-08-26,7,3,0,0,0,semi_luxury,1,1.0,2
15,3,2026-08-26,16,3,0,0,0,normal,1,1.08,1
1,3,2026-08-26,16,3,0,0,0,normal,1,1.03,1
1,0,2026-08-26,7,3,0,0,0,ac,1,1.19,4
1,3,2026-08-27,12,4,0,0,0,semi_luxury,1,1.07,2
1,0,2026-08-27,9,4,0,0,0,normal,2,1.26,1
1,0,2026-08-27,9,4,0,0,0,semi_luxury,1,1.26,2
1,0,2026-08-27,10,4,0,0,0,ac,1,1.26,4
1,0,2026-08-27,10,4,0,0,0,semi_luxury,2,1.26,2
1,0,2026-08-27,12,4,0,0,0,normal,3,1.26,1
1,0,2026-08-27,12,4,0,0,0,semi_luxury,2,1.26,2
1,0,2026-08-27,14,4,0,0,0,luxury,1,1.26,3
1,0,2026-08-27,14,4,0,0,0,semi_luxury,1,1.26,2
1,0,2026-08-27,15,4,0,0,0,ac,1,1.26,4
1,0,2026-08-27,15,4,0,0,0,luxury,1,1.26,3
1,0,2026-08-27,17,4,0,0,0,normal,1,1.26,1
1,0,2026-08-27,18,4,0,0,0,luxury,1,1.26,3
1,0,2026-08-27,19,4,0,0,0,normal,1,1.26,1
1,0,2026-08-27,19,4,0,0,0,semi_luxury,1,1.26,2
1,0,2026-08-27,21,4,0,0,0,normal,1,1.26,1
2,0,2026-08-27,12,4,0,0,0,normal,1,1.14,1
2,0,2026-08-27,13,4,0,0,0,ac,1,1.14,4
2,0,2026-08-27,16,4,0,0,0,normal,1,1.14,1
2,0,2026-08-27,17,4,0,0,0,semi_luxury,1,1.14,2
2,0,2026-08-27,18,4,0,0,0,normal,1,1.14,1
2,0,2026-08-27,19,4,0,0,0,normal,1,1.14,1
1,2,2026-08-27,5,4,0,0,0,luxury,1,1.03,3
1,2,2026-08-27,5,4,0,0,0,semi_luxury,1,1.03,2
1,2,2026-08-27,7,4,0,0,0,luxury,1,1.03,3
2,2,2026-08-27,18,4,0,0,0,luxury,1,1.02,3
2,2,2026-08-27,19,4,0,0,0,luxury,1,1.02,3
1,2,2026-08-27,7,4,0,0,0,semi_luxury,1,1.03,2
1,0,2026-08-27,8,4,0,0,0,luxury,2,1.26,3
2,2,2026-08-27,17,4,0,0,0,luxury,1,1.02,3
2,2,2026-08-27,14,4,0,0,0,ac,1,1.02,4
2,2,2026-08-27,13,4,0,0,0,semi_luxury,1,1.02,2
15,2,2026-08-27,10,4,0,0,0,semi_luxury,1,1.02,2
15,2,2026-08-27,14,4,0,0,0,luxury,1,1.02,3
15,2,2026-08-27,15,4,0,0,0,semi_luxury,1,1.02,2
15,2,2026-08-27,18,4,0,0,0,ac,1,1.02,4
2,3,2026-08-27,18,4,0,0,0,semi_luxury,1,1.0,2
2,1,2026-08-27,14,4,0,0,0,normal,1,1.11,1
2,0,2026-08-27,7,4,0,0,0,normal,1,1.14,1
2,0,2026-08-27,8,4,0,0,0,ac,1,1.14,4
2,0,2026-08-27,8,4,0,0,0,luxury,1,1.14,3
2,3,2026-08-27,15,4,0,0,0,normal,1,1.0,1
15,0,2026-08-27,20,4,0,0,0,luxury,1,1.14,3
15,0,2026-08-27,18,4,0,0,0,luxury,1,1.14,3
15,0,2026-08-27,18,4,0,0,0,ac,1,1.14,4
1,2,2026-08-27,11,4,0,0,0,normal,1,1.03,1
15,0,2026-08-27,17,4,0,0,0,luxury,1,1.14,3
15,0,2026-08-27,14,4,0,0,0,normal,1,1.14,1
15,0,2026-08-27,13,4,0,0,0,ac,1,1.14,4
15,0,2026-08-27,10,4,0,0,0,normal,1,1.14,1
15,0,2026-08-27,10,4,0,0,0,luxury,1,1.14,3
15,0,2026-08-27,9,4,0,0,0,luxury,1,1.14,3
15,0,2026-08-27,8,4,0,0,0,normal,1,1.14,1
15,0,2026-08-27,5,4,0,0,0,luxury,1,1.14,3
2,0,2026-08-27,8,4,0,0,0,semi_luxury,1,1.14,2
2,0,2026-08-27,9,4,0,0,0,normal,2,1.14,1
2,0,2026-08-27,10,4,0,0,0,semi_luxury,1,1.14,2
2,0,2026-08-27,12,4,0,0,0,luxury,1,1.14,3
2,2,2026-08-27,5,4,0,0,0,luxury,1,1.02,3
2,2,2026-08-27,10,4,0,0,0,semi_luxury,1,1.02,2
15,0,2026-08-27,16,4,0,0,0,semi_luxury,1,1.14,2
1,2,2026-08-27,16,4,0,0,0,ac,1,1.03,4
2,0,2026-08-27,14,4,0,0,0,semi_luxury,1,1.14,2
1,0,2026-08-27,6,4,0,0,0,luxury,1,1.26,3
1,3,2026-08-27,14,4,0,0,0,semi_luxury,1,1.07,2
1,3,2026-08-27,19,4,0,0,0,luxury,1,1.07,3
1,0,2026-08-27,5,4,0,0,0,luxury,1,1.26,3
1,0,2026-08-27,5,4,0,0,0,normal,2,1.26,1
1,0,2026-08-27,6,4,0,0,0,semi_luxury,1,1.26,2
1,1,2026-08-27,20,4,0,0,0,semi_luxury,1,1.07,2
1,1,2026-08-27,18,4,0,0,0,luxury,1,1.07,3
1,1,2026-08-27,16,4,0,0,0,ac,1,1.07,4
1,1,2026-08-27,12,4,0,0,0,normal,1,1.07,1
1,1,2026-08-27,9,4,0,0,0,normal,1,1.07,1
15,3,2026-08-27,8,4,0,0,0,normal,1,1.0,1
1,3,2026-08-27,17,4,0,0,0,semi_luxury,1,1.07,2
15,3,2026-08-27,7,4,0,0,0,normal,1,1.0,1
1,3,2026-08-27,20,4,0,0,0,normal,1,1.07,1
15,1,2026-08-27,5,4,0,0,0,normal,1,1.05,1
1,1,2026-08-27,8,4,0,0,0,semi_luxury,1,1.07,2
1,1,2026-08-27,8,4,0,0,0,luxury,1,1.07,3
1,1,2026-08-27,6,4,0,0,0,normal,1,1.07,1
1,3,2026-08-27,15,4,0,0,0,normal,1,1.07,1
15,3,2026-08-27,9,4,0,0,0,luxury,1,1.0,3
15,3,2026-08-27,18,4,0,0,0,normal,1,1.0,1
1,3,2026-08-27,8,4,0,0,0,semi_luxury,1,1.07,2
1,3,2026-08-27,12,4,0,0,0,ac,1,1.07,4
1,3,2026-08-27,18,4,0,0,0,luxury,1,1.07,3
2,1,2026-08-27,8,4,0,0,0,luxury,1,1.11,3
15,1,2026-08-27,18,4,0,0,0,semi_luxury,1,1.05,2
1,3,2026-08-27,21,4,0,0,0,normal,1,1.07,1
15,3,2026-08-28,7,5,0,0,1,semi_luxury,1,1.06,2
15,3,2026-08-28,21,5,0,0,1,semi_luxury,1,1.06,2
2,1,2026-08-28,6,5,0,0,1,semi_luxury,1,1.06,2
2,1,2026-08-28,11,5,0,0,1,ac,1,1.06,4
1,1,2026-08-28,6,5,0,0,1,ac,1,1.13,4
1,1,2026-08-28,18,5,0,0,1,normal,1,1.13,1
1,1,2026-08-28,17,5,0,0,1,luxury,1,1.13,3
1,1,2026-08-28,16,5,0,0,1,normal,1,1.13,1
1,1,2026-08-28,16,5,0,0,1,luxury,1,1.13,3
1,1,2026-08-28,13,5,0,0,1,luxury,1,1.13,3
1,0,2026-08-28,6,5,0,0,1,semi_luxury,1,1.35,2
1,3,2026-08-28,13,5,0,0,1,luxury,1,1.07,3
15,0,2026-08-28,21,5,0,0,1,luxury,2,1.13,3
15,0,2026-08-28,20,5,0,0,1,normal,1,1.13,1
15,0,2026-08-28,19,5,0,0,1,semi_luxury,1,1.13,2
15,0,2026-08-28,18,5,0,0,1,normal,1,1.13,1
1,3,2026-08-28,18,5,0,0,1,luxury,1,1.07,3
1,3,2026-08-28,17,5,0,0,1,semi_luxury,1,1.07,2
15,0,2026-08-28,15,5,0,0,1,normal,1,1.13,1
1,3,2026-08-28,12,5,0,0,1,semi_luxury,1,1.07,2
1,0,2026-08-28,8,5,0,0,1,luxury,2,1.35,3
1,0,2026-08-28,9,5,0,0,1,luxury,1,1.35,3
1,0,2026-08-28,9,5,0,0,1,ac,1,1.35,4
2,0,2026-08-28,11,5,0,0,1,normal,1,1.15,1
2,0,2026-08-28,13,5,0,0,1,ac,1,1.15,4
2,0,2026-08-28,13,5,0,0,1,luxury,1,1.15,3
2,0,2026-08-28,17,5,0,0,1,semi_luxury,1,1.15,2
2,0,2026-08-28,18,5,0,0,1,normal,1,1.15,1
2,0,2026-08-28,19,5,0,0,1,normal,1,1.15,1
15,2,2026-08-28,10,5,0,0,1,ac,1,1.04,4
15,2,2026-08-28,19,5,0,0,1,luxury,1,1.04,3
2,2,2026-08-28,19,5,0,0,1,normal,1,1.05,1
15,1,2026-08-28,20,5,0,0,1,normal,1,1.07,1
1,2,2026-08-28,11,5,0,0,1,semi_luxury,1,1.09,2
1,2,2026-08-28,17,5,0,0,1,normal,1,1.09,1
1,2,2026-08-28,17,5,0,0,1,semi_luxury,1,1.09,2
1,2,2026-08-28,20,5,0,0,1,normal,2,1.09,1
2,3,2026-08-28,20,5,0,0,1,normal,1,1.0,1
2,0,2026-08-28,20,5,0,0,1,luxury,1,1.15,3
15,1,2026-08-28,10,5,0,0,1,ac,1,1.07,4
1,0,2026-08-28,8,5,0,0,1,semi_luxury,2,1.35,2
15,2,2026-08-28,20,5,0,0,1,semi_luxury,1,1.04,2
1,0,2026-08-28,16,5,0,0,1,semi_luxury,2,1.35,2
15,0,2026-08-28,17,5,0,0,1,semi_luxury,1,1.13,2
1,0,2026-08-28,9,5,0,0,1,semi_luxury,1,1.35,2
1,0,2026-08-28,10,5,0,0,1,semi_luxury,1,1.35,2
1,0,2026-08-28,13,5,0,0,1,ac,1,1.35,4
1,0,2026-08-28,13,5,0,0,1,normal,1,1.35,1
1,0,2026-08-28,13,5,0,0,1,semi_luxury,1,1.35,2
1,0,2026-08-28,15,5,0,0,1,normal,2,1.35,1
1,0,2026-08-28,16,5,0,0,1,normal,1,1.35,1
15,0,2026-08-28,18,5,0,0,1,luxury,1,1.13,3
1,0,2026-08-28,19,5,0,0,1,luxury,2,1.35,3
1,0,2026-08-28,19,5,0,0,1,normal,2,1.35,1
1,0,2026-08-28,19,5,0,0,1,semi_luxury,2,1.35,2
1,0,2026-08-28,20,5,0,0,1,ac,1,1.35,4
1,0,2026-08-28,21,5,0,0,1,luxury,1,1.35,3
2,1,2026-08-28,11,5,0,0,1,normal,2,1.06,1
2,1,2026-08-28,18,5,0,0,1,normal,1,1.06,1
1,0,2026-08-28,18,5,0,0,1,normal,1,1.35,1
1,3,2026-08-29,16,6,1,0,1,semi_luxury,1,1.05,2
2,1,2026-08-29,8,6,1,0,1,normal,1,1.05,1
2,1,2026-08-29,14,6,1,0,1,semi_luxury,1,1.05,2
2,1,2026-08-29,5,6,1,0,1,ac,1,1.05,4
2,1,2026-08-29,10,6,1,0,1,normal,1,1.05,1
2,0,2026-08-29,6,6,1,0,1,ac,1,1.18,4
15,0,2026-08-29,17,6,1,0,1,luxury,1,1.17,3
1,2,2026-08-29,20,6,1,0,1,normal,2,1.12,1
1,2,2026-08-29,9,6,1,0,1,normal,1,1.12,1
1,2,2026-08-29,7,6,1,0,1,normal,1,1.12,1
1,2,2026-08-29,5,6,1,0,1,ac,1,1.12,4
2,0,2026-08-29,6,6,1,0,1,semi_luxury,2,1.18,2
2,0,2026-08-29,7,6,1,0,1,semi_luxury,1,1.18,2
2,0,2026-08-29,8,6,1,0,1,ac,1,1.18,4
2,0,2026-08-29,8,6,1,0,1,normal,1,1.18,1
2,0,2026-08-29,8,6,1,0,1,semi_luxury,1,1.18,2
2,0,2026-08-29,16,6,1,0,1,luxury,1,1.18,3
2,0,2026-08-29,17,6,1,0,1,luxury,1,1.18,3
2,3,2026-08-29,5,6,1,0,1,semi_luxury,1,1.07,2
2,0,2026-08-29,19,6,1,0,1,ac,1,1.18,4
2,0,2026-08-29,20,6,1,0,1,semi_luxury,1,1.18,2
15,0,2026-08-29,7,6,1,0,1,semi_luxury,1,1.17,2
15,0,2026-08-29,8,6,1,0,1,semi_luxury,1,1.17,2
2,0,2026-08-29,6,6,1,0,1,luxury,1,1.18,3
15,0,2026-08-29,9,6,1,0,1,semi_luxury,1,1.17,2
15,0,2026-08-29,10,6,1,0,1,normal,1,1.17,1
15,0,2026-08-29,11,6,1,0,1,ac,1,1.17,4
15,0,2026-08-29,13,6,1,0,1,ac,1,1.17,4
1,3,2026-08-29,18,6,1,0,1,semi_luxury,1,1.05,2
1,3,2026-08-29,18,6,1,0,1,luxury,1,1.05,3
15,0,2026-08-29,14,6,1,0,1,ac,1,1.17,4
15,0,2026-08-29,15,6,1,0,1,normal,4,1.17,1
15,0,2026-08-29,17,6,1,0,1,normal,1,1.17,1
2,3,2026-08-29,7,6,1,0,1,ac,1,1.07,4
15,0,2026-08-29,20,6,1,0,1,normal,1,1.17,1
2,3,2026-08-29,10,6,1,0,1,normal,1,1.07,1
1,0,2026-08-29,8,6,1,0,1,semi_luxury,1,1.28,2
1,0,2026-08-29,9,6,1,0,1,luxury,1,1.28,3
1,0,2026-08-29,9,6,1,0,1,normal,1,1.28,1
1,0,2026-08-29,10,6,1,0,1,ac,2,1.28,4
1,0,2026-08-29,11,6,1,0,1,ac,1,1.28,4
1,0,2026-08-29,11,6,1,0,1,semi_luxury,1,1.28,2
1,0,2026-08-29,12,6,1,0,1,ac,1,1.28,4
1,0,2026-08-29,13,6,1,0,1,ac,1,1.28,4
1,0,2026-08-29,14,6,1,0,1,normal,1,1.28,1
1,0,2026-08-29,18,6,1,0,1,normal,1,1.28,1
1,0,2026-08-29,8,6,1,0,1,luxury,3,1.28,3
1,0,2026-08-29,20,6,1,0,1,ac,1,1.28,4
2,2,2026-08-29,6,6,1,0,1,normal,1,1.06,1
2,2,2026-08-29,8,6,1,0,1,luxury,1,1.06,3
2,2,2026-08-29,9,6,1,0,1,normal,1,1.06,1
15,3,2026-08-29,10,6,1,0,1,luxury,1,1.03,3
2,3,2026-08-29,8,6,1,0,1,ac,1,1.07,4
15,3,2026-08-29,11,6,1,0,1,normal,1,1.03,1
15,1,2026-08-29,16,6,1,0,1,luxury,1,1.02,3
15,1,2026-08-29,10,6,1,0,1,normal,2,1.02,1
15,1,2026-08-29,7,6,1,0,1,normal,1,1.02,1
15,1,2026-08-29,7,6,1,0,1,ac,1,1.02,4
1,0,2026-08-29,20,6,1,0,1,normal,1,1.28,1
1,0,2026-08-29,6,6,1,0,1,normal,2,1.28,1
1,0,2026-08-29,10,6,1,0,1,normal,1,1.28,1
15,3,2026-08-29,6,6,1,0,1,normal,1,1.03,1
2,3,2026-08-29,10,6,1,0,1,semi_luxury,1,1.07,2
1,3,2026-08-29,12,6,1,0,1,semi_luxury,1,1.05,2
1,3,2026-08-29,10,6,1,0,1,normal,1,1.05,1
15,2,2026-08-29,5,6,1,0,1,luxury,1,1.08,3
15,2,2026-08-29,7,6,1,0,1,semi_luxury,2,1.08,2
1,0,2026-08-29,5,6,1,0,1,ac,1,1.28,4
2,1,2026-08-29,16,6,1,0,1,luxury,1,1.05,3
2,1,2026-08-29,19,6,1,0,1,luxury,1,1.05,3
1,3,2026-08-29,5,6,1,0,1,normal,1,1.05,1
1,3,2026-08-29,6,6,1,0,1,semi_luxury,1,1.05,2
1,3,2026-08-29,7,6,1,0,1,semi_luxury,1,1.05,2
15,2,2026-08-29,10,6,1,0,1,luxury,1,1.08,3
1,1,2026-08-29,5,6,1,0,1,semi_luxury,1,1.09,2
1,1,2026-08-29,11,6,1,0,1,semi_luxury,1,1.09,2
15,0,2026-08-29,18,6,1,0,1,semi_luxury,2,1.17,2
1,1,2026-08-29,10,6,1,0,1,normal,1,1.09,1
1,1,2026-08-29,18,6,1,0,1,normal,1,1.09,1
1,3,2026-08-29,10,6,1,0,1,luxury,2,1.05,3
15,3,2026-08-29,18,6,1,0,1,luxury,1,1.03,3
1,1,2026-08-29,6,6,1,0,1,luxury,1,1.09,3
1,1,2026-08-29,20,6,1,0,1,semi_luxury,1,1.09,2
15,0,2026-08-29,5,6,1,0,1,normal,1,1.17,1
15,0,2026-08-29,7,6,1,0,1,luxury,1,1.17,3
1,1,2026-08-29,7,6,1,0,1,ac,1,1.09,4
2,0,2026-08-30,6,7,1,1,1,semi_luxury,1,1.2,2
2,0,2026-08-30,7,7,1,1,1,luxury,1,1.2,3
2,0,2026-08-30,8,7,1,1,1,normal,2,1.2,1
2,0,2026-08-30,9,7,1,1,1,normal,1,1.2,1
2,0,2026-08-30,10,7,1,1,1,ac,1,1.2,4
2,0,2026-08-30,19,7,1,1,1,ac,1,1.2,4
2,0,2026-08-30,19,7,1,1,1,semi_luxury,1,1.2,2
2,0,2026-08-30,12,7,1,1,1,semi_luxury,2,1.2,2
2,0,2026-08-30,15,7,1,1,1,semi_luxury,1,1.2,2
2,0,2026-08-30,16,7,1,1,1,semi_luxury,1,1.2,2
2,0,2026-08-30,10,7,1,1,1,semi_luxury,1,1.2,2
2,0,2026-08-30,6,7,1,1,1,luxury,1,1.2,3
2,2,2026-08-30,8,7,1,1,1,normal,1,1.04,1
15,3,2026-08-30,5,7,1,1,1,normal,1,1.03,1
2,1,2026-08-30,5,7,1,1,1,luxury,1,1.03,3
2,1,2026-08-30,5,7,1,1,1,normal,1,1.03,1
2,1,2026-08-30,7,7,1,1,1,luxury,1,1.03,3
2,1,2026-08-30,7,7,1,1,1,semi_luxury,1,1.03,2
2,1,2026-08-30,11,7,1,1,1,luxury,1,1.03,3
2,1,2026-08-30,11,7,1,1,1,normal,1,1.03,1
2,1,2026-08-30,19,7,1,1,1,ac,1,1.03,4
1,1,2026-08-30,9,7,1,1,1,semi_luxury,1,1.07,2
1,1,2026-08-30,16,7,1,1,1,normal,1,1.07,1
2,3,2026-08-30,5,7,1,1,1,ac,1,1.06,4
2,2,2026-08-30,8,7,1,1,1,ac,1,1.04,4
2,2,2026-08-30,9,7,1,1,1,luxury,1,1.04,3
2,2,2026-08-30,10,7,1,1,1,luxury,1,1.04,3
2,2,2026-08-30,11,7,1,1,1,ac,1,1.04,4
15,1,2026-08-30,8,7,1,1,1,normal,1,1.05,1
15,1,2026-08-30,6,7,1,1,1,semi_luxury,1,1.05,2
15,1,2026-08-30,5,7,1,1,1,semi_luxury,1,1.05,2
15,3,2026-08-30,20,7,1,1,1,semi_luxury,1,1.03,2
15,3,2026-08-30,10,7,1,1,1,normal,1,1.03,1
15,3,2026-08-30,10,7,1,1,1,ac,1,1.03,4
15,3,2026-08-30,9,7,1,1,1,luxury,1,1.03,3
15,3,2026-08-30,6,7,1,1,1,luxury,1,1.03,3
15,3,2026-08-30,6,7,1,1,1,ac,1,1.03,4
2,0,2026-08-30,6,7,1,1,1,ac,2,1.2,4
1,1,2026-08-30,15,7,1,1,1,semi_luxury,1,1.07,2
15,0,2026-08-30,12,7,1,1,1,luxury,2,1.14,3
15,0,2026-08-30,7,7,1,1,1,ac,1,1.14,4
2,3,2026-08-30,9,7,1,1,1,normal,1,1.06,1
2,3,2026-08-30,10,7,1,1,1,semi_luxury,1,1.06,2
2,3,2026-08-30,13,7,1,1,1,luxury,1,1.06,3
2,3,2026-08-30,20,7,1,1,1,normal,1,1.06,1
15,0,2026-08-30,5,7,1,1,1,normal,2,1.14,1
1,1,2026-08-30,6,7,1,1,1,semi_luxury,1,1.07,2
2,3,2026-08-30,8,7,1,1,1,semi_luxury,2,1.06,2
15,2,2026-08-30,10,7,1,1,1,luxury,1,1.04,3
1,3,2026-08-30,7,7,1,1,1,normal,1,1.13,1
1,3,2026-08-30,9,7,1,1,1,luxury,1,1.13,3
1,3,2026-08-30,9,7,1,1,1,normal,2,1.13,1
1,3,2026-08-30,18,7,1,1,1,normal,1,1.13,1
1,2,2026-08-30,5,7,1,1,1,luxury,1,1.04,3
1,2,2026-08-30,6,7,1,1,1,luxury,1,1.04,3
15,2,2026-08-30,5,7,1,1,1,normal,1,1.04,1
2,3,2026-08-30,5,7,1,1,1,normal,1,1.06,1
1,0,2026-08-30,5,7,1,1,1,luxury,1,1.27,3
1,0,2026-08-30,5,7,1,1,1,normal,2,1.27,1
1,0,2026-08-30,19,7,1,1,1,normal,1,1.27,1
1,0,2026-08-30,18,7,1,1,1,semi_luxury,1,1.27,2
1,0,2026-08-30,16,7,1,1,1,semi_luxury,1,1.27,2
1,0,2026-08-30,15,7,1,1,1,normal,1,1.27,1
1,0,2026-08-30,14,7,1,1,1,semi_luxury,1,1.27,2
1,0,2026-08-30,13,7,1,1,1,normal,1,1.27,1
1,0,2026-08-30,10,7,1,1,1,semi_luxury,1,1.27,2
1,0,2026-08-30,10,7,1,1,1,luxury,1,1.27,3
1,0,2026-08-30,8,7,1,1,1,semi_luxury,1,1.27,2
1,0,2026-08-30,8,7,1,1,1,normal,1,1.27,1
1,0,2026-08-30,7,7,1,1,1,semi_luxury,2,1.27,2
1,0,2026-08-30,7,7,1,1,1,normal,1,1.27,1
1,0,2026-08-30,6,7,1,1,1,semi_luxury,1,1.27,2
1,0,2026-08-30,6,7,1,1,1,normal,1,1.27,1
1,0,2026-08-30,6,7,1,1,1,ac,1,1.27,4
1,2,2026-08-30,6,7,1,1,1,normal,1,1.04,1
1,2,2026-08-30,10,7,1,1,1,normal,1,1.04,1
2,0,2026-08-30,12,7,1,1,1,normal,1,1.2,1
1,2,2026-08-30,15,7,1,1,1,luxury,1,1.04,3
1,2,2026-08-30,13,7,1,1,1,normal,1,1.04,1
15,0,2026-08-30,7,7,1,1,1,normal,1,1.14,1
15,0,2026-08-30,9,7,1,1,1,normal,1,1.14,1
15,0,2026-08-30,10,7,1,1,1,luxury,3,1.14,3
15,0,2026-08-30,20,7,1,1,1,semi_luxury,1,1.14,2
15,0,2026-08-30,20,7,1,1,1,normal,1,1.14,1
15,0,2026-08-30,18,7,1,1,1,normal,1,1.14,1
15,0,2026-08-30,17,7,1,1,1,semi_luxury,1,1.14,2
15,0,2026-08-30,9,7,1,1,1,semi_luxury,1,1.14,2
15,0,2026-08-30,14,7,1,1,1,semi_luxury,2,1.14,2
15,0,2026-08-30,13,7,1,1,1,semi_luxury,1,1.14,2
15,0,2026-08-30,12,7,1,1,1,ac,1,1.14,4
15,0,2026-08-30,11,7,1,1,1,semi_luxury,1,1.14,2
15,0,2026-08-30,10,7,1,1,1,normal,1,1.14,1
15,0,2026-08-30,10,7,1,1,1,semi_luxury,2,1.14,2
15,0,2026-08-30,15,7,1,1,1,normal,1,1.14,1
2,0,2026-08-31,18,1,0,0,1,semi_luxury,1,1.24,2
2,3,2026-08-31,10,1,0,0,1,semi_luxury,1,1.06,2
2,3,2026-08-31,17,1,0,0,1,normal,1,1.06,1
15,3,2026-08-31,8,1,0,0,1,luxury,1,1.12,3
15,3,2026-08-31,7,1,0,0,1,luxury,1,1.12,3
15,3,2026-08-31,6,1,0,0,1,normal,1,1.12,1
15,3,2026-08-31,4,1,0,0,1,semi_luxury,1,1.12,2
15,3,2026-08-31,4,1,0,0,1,luxury,1,1.12,3
2,0,2026-08-31,11,1,0,0,1,normal,1,1.24,1
2,0,2026-08-31,8,1,0,0,1,semi_luxury,2,1.24,2
2,0,2026-08-31,10,1,0,0,1,ac,1,1.24,4
2,0,2026-08-31,12,1,0,0,1,semi_luxury,1,1.24,2
2,0,2026-08-31,14,1,0,0,1,luxury,1,1.24,3
15,3,2026-08-31,10,1,0,0,1,luxury,1,1.12,3
15,0,2026-08-31,19,1,0,0,1,normal,1,1.19,1
2,0,2026-08-31,17,1,0,0,1,normal,1,1.24,1
2,1,2026-08-31,9,1,0,0,1,semi_luxury,1,1.12,2
2,0,2026-08-31,8,1,0,0,1,normal,1,1.24,1
1,1,2026-08-31,8,1,0,0,1,normal,1,1.07,1
2,3,2026-08-31,5,1,0,0,1,luxury,1,1.06,3
15,1,2026-08-31,8,1,0,0,1,ac,1,1.09,4
2,2,2026-08-31,5,1,0,0,1,normal,1,1.08,1
2,0,2026-08-31,6,1,0,0,1,normal,1,1.24,1
2,0,2026-08-31,4,1,0,0,1,normal,2,1.24,1
2,0,2026-08-31,6,1,0,0,1,semi_luxury,1,1.24,2
2,0,2026-08-31,7,1,0,0,1,ac,1,1.24,4
2,0,2026-08-31,7,1,0,0,1,luxury,1,1.24,3
2,0,2026-08-31,7,1,0,0,1,normal,1,1.24,1
2,0,2026-08-31,8,1,0,0,1,ac,3,1.24,4
1,3,2026-08-31,20,1,0,0,1,normal,1,1.04,1
2,1,2026-08-31,6,1,0,0,1,normal,1,1.12,1
1,1,2026-08-31,7,1,0,0,1,semi_luxury,1,1.07,2
1,1,2026-08-31,6,1,0,0,1,ac,1,1.07,4
1,1,2026-08-31,5,1,0,0,1,normal,1,1.07,1
1,1,2026-08-31,5,1,0,0,1,ac,1,1.07,4
1,1,2026-08-31,4,1,0,0,1,semi_luxury,1,1.07,2
2,3,2026-08-31,4,1,0,0,1,normal,1,1.06,1
2,3,2026-08-31,9,1,0,0,1,ac,1,1.06,4
2,1,2026-08-31,5,1,0,0,1,ac,1,1.12,4
2,0,2026-08-31,15,1,0,0,1,semi_luxury,1,1.24,2
15,2,2026-08-31,7,1,0,0,1,semi_luxury,1,1.16,2
1,2,2026-08-31,14,1,0,0,1,normal,1,1.08,1
15,0,2026-08-31,4,1,0,0,1,ac,1,1.19,4
15,0,2026-08-31,6,1,0,0,1,luxury,1,1.19,3
15,0,2026-08-31,6,1,0,0,1,normal,1,1.19,1
1,0,2026-08-31,5,1,0,0,1,semi_luxury,1,1.36,2
1,0,2026-08-31,6,1,0,0,1,luxury,1,1.36,3
1,2,2026-08-31,9,1,0,0,1,semi_luxury,1,1.08,2
1,0,2026-08-31,7,1,0,0,1,ac,3,1.36,4
1,0,2026-08-31,8,1,0,0,1,semi_luxury,1,1.36,2
1,0,2026-08-31,9,1,0,0,1,ac,1,1.36,4
1,0,2026-08-31,9,1,0,0,1,luxury,1,1.36,3
15,0,2026-08-31,16,1,0,0,1,semi_luxury,2,1.19,2
1,0,2026-08-31,9,1,0,0,1,semi_luxury,3,1.36,2
1,0,2026-08-31,12,1,0,0,1,semi_luxury,1,1.36,2
1,0,2026-08-31,8,1,0,0,1,luxury,2,1.36,3
1,0,2026-08-31,13,1,0,0,1,luxury,1,1.36,3
1,2,2026-08-31,8,1,0,0,1,ac,1,1.08,4
1,3,2026-08-31,4,1,0,0,1,semi_luxury,1,1.04,2
1,2,2026-08-31,4,1,0,0,1,normal,1,1.08,1
1,2,2026-08-31,5,1,0,0,1,ac,1,1.08,4
1,0,2026-08-31,5,1,0,0,1,normal,1,1.36,1
1,0,2026-08-31,5,1,0,0,1,ac,1,1.36,4
1,0,2026-08-31,4,1,0,0,1,normal,1,1.36,1
1,0,2026-08-31,4,1,0,0,1,luxury,1,1.36,3
1,2,2026-08-31,6,1,0,0,1,normal,1,1.08,1
1,3,2026-08-31,9,1,0,0,1,semi_luxury,2,1.04,2
1,3,2026-08-31,8,1,0,0,1,semi_luxury,1,1.04,2
1,3,2026-08-31,8,1,0,0,1,luxury,1,1.04,3
1,3,2026-08-31,7,1,0,0,1,luxury,1,1.04,3
1,3,2026-08-31,6,1,0,0,1,normal,1,1.04,1
1,3,2026-08-31,5,1,0,0,1,semi_luxury,1,1.04,2
1,3,2026-08-31,5,1,0,0,1,normal,1,1.04,1
1,3,2026-08-31,9,1,0,0,1,luxury,1,1.04,3
1,0,2026-08-31,14,1,0,0,1,ac,1,1.36,4
1,0,2026-08-31,9,1,0,0,1,normal,1,1.36,1
15,0,2026-08-31,7,1,0,0,1,normal,1,1.19,1
15,0,2026-08-31,6,1,0,0,1,semi_luxury,1,1.19,2
15,0,2026-08-31,8,1,0,0,1,ac,1,1.19,4
15,0,2026-08-31,9,1,0,0,1,normal,1,1.19,1
15,0,2026-08-31,9,1,0,0,1,semi_luxury,2,1.19,2
15,0,2026-08-31,16,1,0,0,1,ac,1,1.19,4
1,2,2026-08-31,19,1,0,0,1,semi_luxury,1,1.08,2
15,2,2026-08-31,5,1,0,0,1,luxury,1,1.16,3
15,0,2026-08-31,7,1,0,0,1,ac,2,1.19,4
15,2,2026-08-31,5,1,0,0,1,semi_luxury,2,1.16,2
15,2,2026-08-31,6,1,0,0,1,normal,1,1.16,1
15,2,2026-08-31,7,1,0,0,1,ac,1,1.16,4
15,2,2026-08-31,7,1,0,0,1,normal,2,1.16,1
15,0,2026-08-31,7,1,0,0,1,semi_luxury,2,1.19,2
2,0,2026-09-01,5,2,0,0,0,semi_luxury,1,1.18,2
2,0,2026-09-01,5,2,0,0,0,normal,1,1.18,1
2,0,2026-09-01,9,2,0,0,0,semi_luxury,1,1.18,2
2,0,2026-09-01,11,2,0,0,0,luxury,2,1.18,3
15,1,2026-09-01,11,2,0,0,0,normal,1,1.04,1
2,0,2026-09-01,14,2,0,0,0,normal,1,1.18,1
2,0,2026-09-01,16,2,0,0,0,luxury,1,1.18,3
2,0,2026-09-01,13,2,0,0,0,ac,1,1.18,4
2,0,2026-09-01,13,2,0,0,0,semi_luxury,1,1.18,2
15,1,2026-09-01,6,2,0,0,0,ac,1,1.04,4
2,0,2026-09-01,9,2,0,0,0,normal,1,1.18,1
2,0,2026-09-01,21,2,0,0,0,normal,2,1.18,1
1,0,2026-09-01,18,2,0,0,0,ac,1,1.19,4
1,3,2026-09-01,20,2,0,0,0,semi_luxury,1,1.05,2
1,3,2026-09-01,13,2,0,0,0,normal,1,1.05,1
1,3,2026-09-01,14,2,0,0,0,normal,1,1.05,1
1,3,2026-09-01,19,2,0,0,0,semi_luxury,1,1.05,2
1,3,2026-09-01,20,2,0,0,0,normal,1,1.05,1
15,3,2026-09-01,21,2,0,0,0,luxury,1,1.0,3
15,3,2026-09-01,9,2,0,0,0,luxury,1,1.0,3
15,3,2026-09-01,6,2,0,0,0,ac,1,1.0,4
15,3,2026-09-01,5,2,0,0,0,semi_luxury,1,1.0,2
1,3,2026-09-01,13,2,0,0,0,ac,1,1.05,4
1,3,2026-09-01,8,2,0,0,0,normal,1,1.05,1
1,3,2026-09-01,6,2,0,0,0,normal,1,1.05,1
1,3,2026-09-01,5,2,0,0,0,ac,1,1.05,4
2,0,2026-09-01,19,2,0,0,0,semi_luxury,1,1.18,2
15,2,2026-09-01,9,2,0,0,0,normal,1,1.0,1
2,0,2026-09-01,18,2,0,0,0,normal,1,1.18,1
1,0,2026-09-01,20,2,0,0,0,semi_luxury,1,1.19,2
1,0,2026-09-01,19,2,0,0,0,luxury,1,1.19,3
15,2,2026-09-01,9,2,0,0,0,semi_luxury,1,1.0,2
1,0,2026-09-01,18,2,0,0,0,luxury,1,1.19,3
1,3,2026-09-01,8,2,0,0,0,luxury,1,1.05,3
15,2,2026-09-01,10,2,0,0,0,luxury,1,1.0,3
1,0,2026-09-01,12,2,0,0,0,semi_luxury,1,1.19,2
1,2,2026-09-01,10,2,0,0,0,semi_luxury,1,1.11,2
1,0,2026-09-01,11,2,0,0,0,semi_luxury,1,1.19,2
1,0,2026-09-01,11,2,0,0,0,normal,1,1.19,1
1,0,2026-09-01,11,2,0,0,0,luxury,1,1.19,3
1,0,2026-09-01,10,2,0,0,0,semi_luxury,1,1.19,2
1,0,2026-09-01,10,2,0,0,0,normal,1,1.19,1
1,0,2026-09-01,10,2,0,0,0,ac,1,1.19,4
1,0,2026-09-01,9,2,0,0,0,normal,1,1.19,1
2,3,2026-09-01,19,2,0,0,0,normal,1,1.04,1
15,2,2026-09-01,10,2,0,0,0,semi_luxury,1,1.0,2
1,0,2026-09-01,5,2,0,0,0,luxury,1,1.19,3
1,0,2026-09-01,6,2,0,0,0,luxury,2,1.19,3
1,0,2026-09-01,12,2,0,0,0,luxury,1,1.19,3
1,0,2026-09-01,7,2,0,0,0,semi_luxury,2,1.19,2
15,2,2026-09-01,20,2,0,0,0,semi_luxury,1,1.0,2
15,0,2026-09-01,20,2,0,0,0,normal,1,1.15,1
15,0,2026-09-01,18,2,0,0,0,ac,1,1.15,4
15,0,2026-09-01,17,2,0,0,0,semi_luxury,1,1.15,2
15,0,2026-09-01,16,2,0,0,0,normal,1,1.15,1
15,0,2026-09-01,15,2,0,0,0,semi_luxury,1,1.15,2
15,0,2026-09-01,9,2,0,0,0,ac,1,1.15,4
15,0,2026-09-01,8,2,0,0,0,normal,1,1.15,1
15,0,2026-09-01,6,2,0,0,0,semi_luxury,1,1.15,2
15,0,2026-09-01,5,2,0,0,0,luxury,1,1.15,3
2,1,2026-09-01,21,2,0,0,0,semi_luxury,1,1.04,2
1,0,2026-09-01,8,2,0,0,0,semi_luxury,1,1.19,2
2,1,2026-09-01,5,2,0,0,0,normal,1,1.04,1
1,2,2026-09-01,11,2,0,0,0,ac,1,1.11,4
1,0,2026-09-01,13,2,0,0,0,normal,1,1.19,1
2,2,2026-09-01,15,2,0,0,0,normal,1,1.03,1
2,2,2026-09-01,6,2,0,0,0,normal,1,1.03,1
1,2,2026-09-01,19,2,0,0,0,ac,1,1.11,4
1,2,2026-09-01,18,2,0,0,0,semi_luxury,1,1.11,2
1,2,2026-09-01,18,2,0,0,0,normal,1,1.11,1
1,2,2026-09-01,16,2,0,0,0,semi_luxury,1,1.11,2
1,2,2026-09-01,15,2,0,0,0,normal,2,1.11,1
1,0,2026-09-01,14,2,0,0,0,normal,1,1.19,1
1,0,2026-09-01,14,2,0,0,0,ac,1,1.19,4
1,0,2026-09-01,13,2,0,0,0,luxury,1,1.19,3
1,2,2026-09-01,5,2,0,0,0,normal,1,1.11,1
1,1,2026-09-01,16,2,0,0,0,semi_luxury,2,1.11,2
1,2,2026-09-01,15,2,0,0,0,ac,1,1.11,4
1,1,2026-09-01,7,2,0,0,0,semi_luxury,1,1.11,2
1,1,2026-09-01,9,2,0,0,0,normal,1,1.11,1
1,1,2026-09-01,18,2,0,0,0,semi_luxury,2,1.11,2
1,1,2026-09-01,13,2,0,0,0,semi_luxury,1,1.11,2
15,0,2026-09-02,20,3,0,0,0,semi_luxury,1,1.13,2
15,0,2026-09-02,20,3,0,0,0,normal,1,1.13,1
15,0,2026-09-02,20,3,0,0,0,luxury,1,1.13,3
1,3,2026-09-02,9,3,0,0,0,normal,1,1.03,1
1,3,2026-09-02,14,3,0,0,0,semi_luxury,1,1.03,2
1,3,2026-09-02,17,3,0,0,0,semi_luxury,1,1.03,2
1,3,2026-09-02,18,3,0,0,0,normal,1,1.03,1
15,0,2026-09-02,17,3,0,0,0,semi_luxury,1,1.13,2
1,3,2026-09-02,20,3,0,0,0,luxury,1,1.03,3
15,0,2026-09-02,17,3,0,0,0,ac,1,1.13,4
1,3,2026-09-02,9,3,0,0,0,semi_luxury,1,1.03,2
15,0,2026-09-02,17,3,0,0,0,luxury,1,1.13,3
2,2,2026-09-02,21,3,0,0,0,ac,1,1.03,4
15,0,2026-09-02,6,3,0,0,0,semi_luxury,1,1.13,2
2,2,2026-09-02,19,3,0,0,0,normal,1,1.03,1
2,2,2026-09-02,18,3,0,0,0,normal,1,1.03,1
2,2,2026-09-02,6,3,0,0,0,luxury,1,1.03,3
1,1,2026-09-02,21,3,0,0,0,semi_luxury,1,1.07,2
1,1,2026-09-02,20,3,0,0,0,semi_luxury,1,1.07,2
1,1,2026-09-02,19,3,0,0,0,normal,1,1.07,1
1,1,2026-09-02,16,3,0,0,0,semi_luxury,1,1.07,2
1,1,2026-09-02,14,3,0,0,0,semi_luxury,1,1.07,2
1,1,2026-09-02,12,3,0,0,0,normal,1,1.07,1
1,1,2026-09-02,10,3,0,0,0,semi_luxury,1,1.07,2
15,0,2026-09-02,15,3,0,0,0,semi_luxury,1,1.13,2
15,0,2026-09-02,13,3,0,0,0,luxury,2,1.13,3
15,0,2026-09-02,10,3,0,0,0,normal,1,1.13,1
15,0,2026-09-02,9,3,0,0,0,semi_luxury,1,1.13,2
15,0,2026-09-02,9,3,0,0,0,normal,1,1.13,1
15,0,2026-09-02,5,3,0,0,0,semi_luxury,1,1.13,2
1,1,2026-09-02,8,3,0,0,0,normal,1,1.07,1
1,0,2026-09-02,21,3,0,0,0,normal,1,1.19,1
15,3,2026-09-02,8,3,0,0,0,normal,1,1.08,1
2,0,2026-09-02,13,3,0,0,0,normal,1,1.11,1
2,0,2026-09-02,12,3,0,0,0,ac,1,1.11,4
2,0,2026-09-02,8,3,0,0,0,semi_luxury,2,1.11,2
2,0,2026-09-02,8,3,0,0,0,luxury,1,1.11,3
2,0,2026-09-02,6,3,0,0,0,semi_luxury,2,1.11,2
2,0,2026-09-02,6,3,0,0,0,luxury,1,1.11,3
2,0,2026-09-02,5,3,0,0,0,semi_luxury,1,1.11,2
2,0,2026-09-02,5,3,0,0,0,normal,1,1.11,1
2,3,2026-09-02,7,3,0,0,0,ac,1,1.04,4
2,3,2026-09-02,17,3,0,0,0,ac,1,1.04,4
2,3,2026-09-02,18,3,0,0,0,normal,1,1.04,1
15,2,2026-09-02,8,3,0,0,0,semi_luxury,1,1.09,2
15,2,2026-09-02,10,3,0,0,0,semi_luxury,1,1.09,2
15,2,2026-09-02,16,3,0,0,0,normal,1,1.09,1
15,2,2026-09-02,21,3,0,0,0,normal,1,1.09,1
1,2,2026-09-02,6,3,0,0,0,luxury,1,1.05,3
1,2,2026-09-02,6,3,0,0,0,normal,1,1.05,1
1,2,2026-09-02,9,3,0,0,0,semi_luxury,1,1.05,2
1,2,2026-09-02,10,3,0,0,0,normal,1,1.05,1
1,2,2026-09-02,17,3,0,0,0,normal,1,1.05,1
15,3,2026-09-02,8,3,0,0,0,luxury,1,1.08,3
2,1,2026-09-02,10,3,0,0,0,luxury,1,1.09,3
2,1,2026-09-02,11,3,0,0,0,semi_luxury,1,1.09,2
2,1,2026-09-02,15,3,0,0,0,ac,1,1.09,4
2,1,2026-09-02,15,3,0,0,0,normal,1,1.09,1
2,1,2026-09-02,16,3,0,0,0,normal,1,1.09,1
2,1,2026-09-02,21,3,0,0,0,luxury,1,1.09,3
2,0,2026-09-02,16,3,0,0,0,normal,1,1.11,1
2,1,2026-09-02,21,3,0,0,0,semi_luxury,1,1.09,2
2,0,2026-09-02,16,3,0,0,0,semi_luxury,1,1.11,2
2,0,2026-09-02,17,3,0,0,0,luxury,1,1.11,3
1,0,2026-09-02,20,3,0,0,0,semi_luxury,1,1.19,2
1,0,2026-09-02,20,3,0,0,0,normal,1,1.19,1
1,0,2026-09-02,19,3,0,0,0,normal,1,1.19,1
1,0,2026-09-02,18,3,0,0,0,semi_luxury,1,1.19,2
1,0,2026-09-02,18,3,0,0,0,ac,1,1.19,4
1,0,2026-09-02,17,3,0,0,0,normal,1,1.19,1
1,0,2026-09-02,17,3,0,0,0,ac,1,1.19,4
1,0,2026-09-02,16,3,0,0,0,semi_luxury,2,1.19,2
1,0,2026-09-02,16,3,0,0,0,normal,1,1.19,1
1,0,2026-09-02,16,3,0,0,0,ac,1,1.19,4
1,0,2026-09-02,14,3,0,0,0,ac,1,1.19,4
1,0,2026-09-02,13,3,0,0,0,semi_luxury,1,1.19,2
1,0,2026-09-02,10,3,0,0,0,normal,2,1.19,1
1,0,2026-09-02,9,3,0,0,0,normal,1,1.19,1
1,0,2026-09-02,8,3,0,0,0,semi_luxury,1,1.19,2
1,0,2026-09-02,8,3,0,0,0,normal,1,1.19,1
1,0,2026-09-02,7,3,0,0,0,semi_luxury,1,1.19,2
1,0,2026-09-02,7,3,0,0,0,normal,3,1.19,1
1,0,2026-09-02,7,3,0,0,0,ac,1,1.19,4
1,0,2026-09-02,6,3,0,0,0,semi_luxury,1,1.19,2
1,0,2026-09-02,6,3,0,0,0,normal,2,1.19,1
1,0,2026-09-02,6,3,0,0,0,luxury,1,1.19,3
1,0,2026-09-02,5,3,0,0,0,luxury,1,1.19,3
2,0,2026-09-02,20,3,0,0,0,luxury,1,1.11,3
2,0,2026-09-02,19,3,0,0,0,normal,1,1.11,1
2,0,2026-09-02,18,3,0,0,0,semi_luxury,1,1.11,2
2,0,2026-09-02,17,3,0,0,0,normal,1,1.11,1
2,0,2026-09-02,17,3,0,0,0,ac,1,1.11,4
15,1,2026-09-02,5,3,0,0,0,normal,1,1.0,1
1,2,2026-09-02,17,3,0,0,0,semi_luxury,1,1.05,2
1,0,2026-09-03,20,4,0,0,0,normal,2,1.26,1
1,0,2026-09-03,19,4,0,0,0,luxury,1,1.26,3
1,0,2026-09-03,18,4,0,0,0,normal,1,1.26,1
1,0,2026-09-03,14,4,0,0,0,normal,1,1.26,1
1,0,2026-09-03,13,4,0,0,0,semi_luxury,1,1.26,2
1,0,2026-09-03,12,4,0,0,0,semi_luxury,1,1.26,2
2,2,2026-09-03,20,4,0,0,0,normal,1,1.02,1
1,0,2026-09-03,12,4,0,0,0,ac,1,1.26,4
1,0,2026-09-03,11,4,0,0,0,semi_luxury,1,1.26,2
1,0,2026-09-03,11,4,0,0,0,normal,1,1.26,1
1,0,2026-09-03,10,4,0,0,0,ac,1,1.26,4
1,0,2026-09-03,9,4,0,0,0,semi_luxury,1,1.26,2
1,0,2026-09-03,9,4,0,0,0,ac,2,1.26,4
1,3,2026-09-03,6,4,0,0,0,semi_luxury,2,1.07,2
1,3,2026-09-03,11,4,0,0,0,semi_luxury,1,1.07,2
1,3,2026-09-03,12,4,0,0,0,luxury,1,1.07,3
1,3,2026-09-03,15,4,0,0,0,luxury,1,1.07,3
2,0,2026-09-03,5,4,0,0,0,ac,1,1.14,4
1,1,2026-09-03,11,4,0,0,0,semi_luxury,1,1.07,2
1,1,2026-09-03,12,4,0,0,0,normal,1,1.07,1
1,1,2026-09-03,14,4,0,0,0,ac,1,1.07,4
1,1,2026-09-03,21,4,0,0,0,normal,1,1.07,1
1,0,2026-09-03,19,4,0,0,0,normal,1,1.26,1
1,0,2026-09-03,20,4,0,0,0,ac,1,1.26,4
1,2,2026-09-03,17,4,0,0,0,semi_luxury,1,1.03,2
1,0,2026-09-03,21,4,0,0,0,normal,1,1.26,1
15,3,2026-09-03,19,4,0,0,0,normal,1,1.0,1
2,0,2026-09-03,5,4,0,0,0,luxury,1,1.14,3
2,0,2026-09-03,5,4,0,0,0,normal,3,1.14,1
2,0,2026-09-03,7,4,0,0,0,luxury,1,1.14,3
1,0,2026-09-03,7,4,0,0,0,normal,2,1.26,1
1,0,2026-09-03,7,4,0,0,0,luxury,1,1.26,3
2,0,2026-09-03,8,4,0,0,0,semi_luxury,1,1.14,2
2,1,2026-09-03,6,4,0,0,0,normal,3,1.11,1
2,1,2026-09-03,6,4,0,0,0,semi_luxury,1,1.11,2
2,1,2026-09-03,17,4,0,0,0,semi_luxury,1,1.11,2
1,3,2026-09-03,16,4,0,0,0,luxury,1,1.07,3
2,0,2026-09-03,9,4,0,0,0,luxury,1,1.14,3
15,2,2026-09-03,19,4,0,0,0,ac,1,1.02,4
15,2,2026-09-03,21,4,0,0,0,ac,1,1.02,4
2,0,2026-09-03,13,4,0,0,0,ac,1,1.14,4
2,0,2026-09-03,13,4,0,0,0,normal,1,1.14,1
2,0,2026-09-03,14,4,0,0,0,semi_luxury,1,1.14,2
2,0,2026-09-03,15,4,0,0,0,semi_luxury,1,1.14,2
2,0,2026-09-03,18,4,0,0,0,ac,1,1.14,4
2,0,2026-09-03,21,4,0,0,0,luxury,1,1.14,3
1,2,2026-09-03,20,4,0,0,0,luxury,1,1.03,3
1,2,2026-09-03,19,4,0,0,0,ac,1,1.03,4
2,0,2026-09-03,10,4,0,0,0,normal,2,1.14,1
1,3,2026-09-03,16,4,0,0,0,normal,2,1.07,1
1,1,2026-09-03,5,4,0,0,0,normal,2,1.07,1
1,2,2026-09-03,15,4,0,0,0,normal,1,1.03,1
1,0,2026-09-03,5,4,0,0,0,normal,2,1.26,1
1,0,2026-09-03,5,4,0,0,0,luxury,1,1.26,3
15,1,2026-09-03,19,4,0,0,0,normal,1,1.05,1
2,2,2026-09-03,5,4,0,0,0,ac,1,1.02,4
1,0,2026-09-03,5,4,0,0,0,ac,1,1.26,4
15,2,2026-09-03,5,4,0,0,0,luxury,1,1.02,3
1,3,2026-09-03,19,4,0,0,0,luxury,1,1.07,3
15,1,2026-09-03,7,4,0,0,0,semi_luxury,1,1.05,2
1,0,2026-09-03,6,4,0,0,0,semi_luxury,3,1.26,2
15,2,2026-09-03,6,4,0,0,0,normal,1,1.02,1
15,2,2026-09-03,7,4,0,0,0,normal,1,1.02,1
15,2,2026-09-03,9,4,0,0,0,luxury,1,1.02,3
15,2,2026-09-03,11,4,0,0,0,normal,1,1.02,1
2,3,2026-09-03,6,4,0,0,0,luxury,1,1.0,3
2,2,2026-09-03,20,4,0,0,0,luxury,1,1.02,3
2,2,2026-09-03,18,4,0,0,0,normal,1,1.02,1
2,2,2026-09-03,8,4,0,0,0,semi_luxury,1,1.02,2
2,2,2026-09-03,9,4,0,0,0,semi_luxury,1,1.02,2
15,2,2026-09-03,7,4,0,0,0,luxury,1,1.02,3
15,2,2026-09-03,5,4,0,0,0,ac,1,1.02,4
2,2,2026-09-03,12,4,0,0,0,normal,1,1.02,1
1,2,2026-09-03,6,4,0,0,0,normal,1,1.03,1
1,2,2026-09-03,14,4,0,0,0,semi_luxury,1,1.03,2
1,2,2026-09-03,13,4,0,0,0,semi_luxury,1,1.03,2
1,2,2026-09-03,10,4,0,0,0,semi_luxury,1,1.03,2
1,0,2026-09-03,8,4,0,0,0,semi_luxury,2,1.26,2
1,0,2026-09-03,8,4,0,0,0,normal,1,1.26,1
1,0,2026-09-03,7,4,0,0,0,semi_luxury,1,1.26,2
15,3,2026-09-03,10,4,0,0,0,luxury,1,1.0,3
15,3,2026-09-03,9,4,0,0,0,normal,1,1.0,1
15,3,2026-09-03,7,4,0,0,0,semi_luxury,1,1.0,2
15,0,2026-09-03,5,4,0,0,0,semi_luxury,1,1.14,2
15,0,2026-09-03,7,4,0,0,0,normal,1,1.14,1
15,0,2026-09-03,9,4,0,0,0,luxury,1,1.14,3
15,0,2026-09-03,11,4,0,0,0,normal,1,1.14,1
15,0,2026-09-03,14,4,0,0,0,luxury,3,1.14,3
15,0,2026-09-03,14,4,0,0,0,normal,2,1.14,1
15,0,2026-09-03,16,4,0,0,0,semi_luxury,1,1.14,2
15,0,2026-09-03,17,4,0,0,0,normal,1,1.14,1
15,0,2026-09-03,19,4,0,0,0,semi_luxury,2,1.14,2
1,2,2026-09-03,9,4,0,0,0,semi_luxury,1,1.03,2
2,2,2026-09-03,11,4,0,0,0,normal,1,1.02,1
2,3,2026-09-04,15,5,0,0,0,semi_luxury,1,1.0,2
1,0,2026-09-04,17,5,0,0,0,semi_luxury,1,1.35,2
1,0,2026-09-04,11,5,0,0,0,luxury,1,1.35,3
1,0,2026-09-04,18,5,0,0,0,semi_luxury,1,1.35,2
1,0,2026-09-04,19,5,0,0,0,luxury,1,1.35,3
1,0,2026-09-04,19,5,0,0,0,normal,3,1.35,1
1,0,2026-09-04,20,5,0,0,0,semi_luxury,1,1.35,2
1,0,2026-09-04,21,5,0,0,0,luxury,1,1.35,3
1,0,2026-09-04,18,5,0,0,0,normal,1,1.35,1
1,0,2026-09-04,11,5,0,0,0,ac,1,1.35,4
1,0,2026-09-04,18,5,0,0,0,luxury,1,1.35,3
1,0,2026-09-04,17,5,0,0,0,luxury,1,1.35,3
1,0,2026-09-04,17,5,0,0,0,ac,1,1.35,4
1,0,2026-09-04,16,5,0,0,0,normal,2,1.35,1
1,0,2026-09-04,15,5,0,0,0,semi_luxury,1,1.35,2
1,0,2026-09-04,13,5,0,0,0,semi_luxury,1,1.35,2
1,0,2026-09-04,12,5,0,0,0,normal,1,1.35,1
1,0,2026-09-04,17,5,0,0,0,normal,2,1.35,1
1,0,2026-09-04,10,5,0,0,0,normal,1,1.35,1
2,3,2026-09-04,19,5,0,0,0,normal,1,1.0,1
2,0,2026-09-04,8,5,0,0,0,ac,1,1.15,4
15,0,2026-09-04,10,5,0,0,0,luxury,1,1.13,3
15,0,2026-09-04,12,5,0,0,0,luxury,1,1.13,3
15,0,2026-09-04,13,5,0,0,0,normal,1,1.13,1
15,0,2026-09-04,14,5,0,0,0,semi_luxury,1,1.13,2
15,0,2026-09-04,15,5,0,0,0,normal,2,1.13,1
15,0,2026-09-04,16,5,0,0,0,luxury,1,1.13,3
15,0,2026-09-04,17,5,0,0,0,ac,1,1.13,4
15,0,2026-09-04,17,5,0,0,0,luxury,1,1.13,3
15,0,2026-09-04,18,5,0,0,0,ac,1,1.13,4
15,0,2026-09-04,18,5,0,0,0,luxury,1,1.13,3
15,0,2026-09-04,18,5,0,0,0,normal,2,1.13,1
15,0,2026-09-04,19,5,0,0,0,semi_luxury,1,1.13,2
15,0,2026-09-04,20,5,0,0,0,luxury,1,1.13,3
15,0,2026-09-04,21,5,0,0,0,normal,1,1.13,1
15,0,2026-09-04,21,5,0,0,0,semi_luxury,1,1.13,2
15,0,2026-09-04,6,5,0,0,0,semi_luxury,1,1.13,2
1,0,2026-09-04,9,5,0,0,0,semi_luxury,1,1.35,2
1,3,2026-09-04,21,5,0,0,0,normal,1,1.07,1
1,3,2026-09-04,17,5,0,0,0,luxury,1,1.07,3
2,0,2026-09-04,12,5,0,0,0,normal,1,1.15,1
2,0,2026-09-04,12,5,0,0,0,semi_luxury,1,1.15,2
2,0,2026-09-04,15,5,0,0,0,luxury,1,1.15,3
2,0,2026-09-04,15,5,0,0,0,normal,1,1.15,1
2,0,2026-09-04,15,5,0,0,0,semi_luxury,2,1.15,2
2,0,2026-09-04,16,5,0,0,0,normal,1,1.15,1
2,0,2026-09-04,19,5,0,0,0,ac,1,1.15,4
2,0,2026-09-04,19,5,0,0,0,semi_luxury,2,1.15,2
2,0,2026-09-04,20,5,0,0,0,semi_luxury,1,1.15,2
2,0,2026-09-04,21,5,0,0,0,ac,1,1.15,4
2,0,2026-09-04,21,5,0,0,0,normal,1,1.15,1
1,0,2026-09-04,8,5,0,0,0,ac,1,1.35,4
1,0,2026-09-04,7,5,0,0,0,normal,1,1.35,1
2,3,2026-09-04,16,5,0,0,0,ac,1,1.0,4
1,3,2026-09-04,15,5,0,0,0,normal,4,1.07,1
1,3,2026-09-04,18,5,0,0,0,normal,1,1.07,1
2,3,2026-09-04,19,5,0,0,0,semi_luxury,1,1.0,2
2,2,2026-09-04,17,5,0,0,0,luxury,1,1.05,3
15,3,2026-09-04,8,5,0,0,0,luxury,1,1.06,3
15,1,2026-09-04,19,5,0,0,0,normal,1,1.07,1
15,1,2026-09-04,20,5,0,0,0,luxury,1,1.07,3
15,1,2026-09-04,21,5,0,0,0,normal,1,1.07,1
15,3,2026-09-04,20,5,0,0,0,semi_luxury,1,1.06,2
15,3,2026-09-04,9,5,0,0,0,normal,1,1.06,1
15,3,2026-09-04,10,5,0,0,0,normal,1,1.06,1
2,1,2026-09-04,6,5,0,0,0,luxury,1,1.06,3
2,1,2026-09-04,11,5,0,0,0,semi_luxury,1,1.06,2
15,2,2026-09-04,10,5,0,0,0,semi_luxury,1,1.04,2
15,2,2026-09-04,13,5,0,0,0,normal,1,1.04,1
15,2,2026-09-04,17,5,0,0,0,luxury,1,1.04,3
1,1,2026-09-04,16,5,0,0,0,normal,1,1.13,1
1,1,2026-09-04,16,5,0,0,0,luxury,1,1.13,3
1,1,2026-09-04,15,5,0,0,0,semi_luxury,1,1.13,2
1,1,2026-09-04,15,5,0,0,0,normal,1,1.13,1
1,1,2026-09-04,10,5,0,0,0,normal,2,1.13,1
2,1,2026-09-04,15,5,0,0,0,ac,1,1.06,4
2,1,2026-09-04,13,5,0,0,0,normal,1,1.06,1
2,1,2026-09-04,12,5,0,0,0,semi_luxury,1,1.06,2
2,2,2026-09-04,11,5,0,0,0,normal,1,1.05,1
2,2,2026-09-04,14,5,0,0,0,normal,1,1.05,1
2,2,2026-09-04,17,5,0,0,0,semi_luxury,1,1.05,2
2,2,2026-09-04,18,5,0,0,0,semi_luxury,1,1.05,2
1,2,2026-09-04,21,5,0,0,0,semi_luxury,1,1.09,2
1,2,2026-09-04,21,5,0,0,0,normal,1,1.09,1
1,0,2026-09-04,21,5,0,0,0,normal,3,1.35,1
1,2,2026-09-04,17,5,0,0,0,luxury,1,1.09,3
1,2,2026-09-04,15,5,0,0,0,normal,1,1.09,1
1,2,2026-09-04,12,5,0,0,0,normal,1,1.09,1
15,1,2026-09-04,17,5,0,0,0,semi_luxury,1,1.07,2
15,1,2026-09-04,6,5,0,0,0,luxury,1,1.07,3
1,2,2026-09-04,20,5,0,0,0,normal,2,1.09,1
1,1,2026-09-04,16,5,0,0,0,semi_luxury,1,1.13,2
1,1,2026-09-04,21,5,0,0,0,luxury,1,1.13,3
15,0,2026-09-05,8,6,1,0,0,normal,2,1.17,1
15,0,2026-09-05,8,6,1,0,0,semi_luxury,2,1.17,2
2,1,2026-09-05,10,6,1,0,0,ac,1,1.05,4
2,1,2026-09-05,7,6,1,0,0,luxury,1,1.05,3
15,0,2026-09-05,9,6,1,0,0,semi_luxury,1,1.17,2
15,0,2026-09-05,10,6,1,0,0,ac,1,1.17,4
15,0,2026-09-05,10,6,1,0,0,luxury,1,1.17,3
1,0,2026-09-05,19,6,1,0,0,semi_luxury,1,1.28,2
15,0,2026-09-05,15,6,1,0,0,ac,2,1.17,4
15,0,2026-09-05,10,6,1,0,0,normal,2,1.17,1
15,0,2026-09-05,10,6,1,0,0,semi_luxury,1,1.17,2
15,0,2026-09-05,8,6,1,0,0,ac,1,1.17,4
15,0,2026-09-05,18,6,1,0,0,luxury,1,1.17,3
2,2,2026-09-05,7,6,1,0,0,luxury,1,1.06,3
2,2,2026-09-05,8,6,1,0,0,luxury,1,1.06,3
2,2,2026-09-05,9,6,1,0,0,normal,1,1.06,1
2,2,2026-09-05,11,6,1,0,0,normal,1,1.06,1
2,2,2026-09-05,13,6,1,0,0,normal,2,1.06,1
1,0,2026-09-05,18,6,1,0,0,normal,1,1.28,1
15,0,2026-09-05,5,6,1,0,0,normal,1,1.17,1
1,3,2026-09-05,7,6,1,0,0,semi_luxury,1,1.05,2
1,3,2026-09-05,5,6,1,0,0,luxury,2,1.05,3
15,1,2026-09-05,5,6,1,0,0,ac,1,1.02,4
15,1,2026-09-05,5,6,1,0,0,luxury,1,1.02,3
15,1,2026-09-05,10,6,1,0,0,luxury,1,1.02,3
15,1,2026-09-05,11,6,1,0,0,semi_luxury,1,1.02,2
15,1,2026-09-05,19,6,1,0,0,luxury,1,1.02,3
2,2,2026-09-05,16,6,1,0,0,semi_luxury,1,1.06,2
1,1,2026-09-05,9,6,1,0,0,normal,1,1.09,1
15,3,2026-09-05,13,6,1,0,0,semi_luxury,1,1.03,2
1,1,2026-09-05,11,6,1,0,0,ac,1,1.09,4
1,1,2026-09-05,12,6,1,0,0,ac,1,1.09,4
1,1,2026-09-05,17,6,1,0,0,normal,2,1.09,1
1,0,2026-09-05,13,6,1,0,0,normal,1,1.28,1
1,0,2026-09-05,17,6,1,0,0,ac,1,1.28,4
15,3,2026-09-05,15,6,1,0,0,ac,1,1.03,4
1,3,2026-09-05,14,6,1,0,0,semi_luxury,1,1.05,2
1,3,2026-09-05,10,6,1,0,0,ac,1,1.05,4
1,3,2026-09-05,9,6,1,0,0,normal,1,1.05,1
1,3,2026-09-05,8,6,1,0,0,normal,1,1.05,1
1,3,2026-09-05,5,6,1,0,0,semi_luxury,1,1.05,2
1,0,2026-09-05,16,6,1,0,0,normal,1,1.28,1
2,2,2026-09-05,19,6,1,0,0,ac,1,1.06,4
1,0,2026-09-05,15,6,1,0,0,normal,1,1.28,1
1,2,2026-09-05,5,6,1,0,0,normal,2,1.12,1
2,0,2026-09-05,6,6,1,0,0,ac,1,1.18,4
2,0,2026-09-05,5,6,1,0,0,semi_luxury,1,1.18,2
2,0,2026-09-05,5,6,1,0,0,luxury,2,1.18,3
2,2,2026-09-05,20,6,1,0,0,semi_luxury,1,1.06,2
1,0,2026-09-05,9,6,1,0,0,normal,2,1.28,1
1,0,2026-09-05,8,6,1,0,0,semi_luxury,4,1.28,2
1,0,2026-09-05,8,6,1,0,0,normal,2,1.28,1
1,0,2026-09-05,7,6,1,0,0,semi_luxury,2,1.28,2
1,2,2026-09-05,5,6,1,0,0,semi_luxury,1,1.12,2
1,0,2026-09-05,7,6,1,0,0,ac,1,1.28,4
1,0,2026-09-05,6,6,1,0,0,normal,2,1.28,1
15,2,2026-09-05,14,6,1,0,0,semi_luxury,1,1.08,2
2,3,2026-09-05,20,6,1,0,0,normal,2,1.07,1
2,3,2026-09-05,16,6,1,0,0,luxury,1,1.07,3
2,3,2026-09-05,8,6,1,0,0,semi_luxury,1,1.07,2
2,3,2026-09-05,7,6,1,0,0,normal,1,1.07,1
2,3,2026-09-05,5,6,1,0,0,semi_luxury,1,1.07,2
1,0,2026-09-05,5,6,1,0,0,normal,2,1.28,1
1,0,2026-09-05,14,6,1,0,0,ac,1,1.28,4
2,0,2026-09-05,6,6,1,0,0,normal,1,1.18,1
15,2,2026-09-05,16,6,1,0,0,normal,2,1.08,1
2,0,2026-09-05,9,6,1,0,0,normal,1,1.18,1
2,0,2026-09-05,10,6,1,0,0,ac,1,1.18,4
1,2,2026-09-05,6,6,1,0,0,normal,1,1.12,1
1,2,2026-09-05,9,6,1,0,0,luxury,2,1.12,3
1,2,2026-09-05,9,6,1,0,0,normal,1,1.12,1
1,2,2026-09-05,10,6,1,0,0,normal,1,1.12,1
1,2,2026-09-05,15,6,1,0,0,normal,1,1.12,1
1,2,2026-09-05,5,6,1,0,0,ac,1,1.12,4
1,0,2026-09-05,10,6,1,0,0,luxury,2,1.28,3
1,2,2026-09-05,17,6,1,0,0,normal,1,1.12,1
1,0,2026-09-05,12,6,1,0,0,normal,1,1.28,1
15,2,2026-09-05,5,6,1,0,0,semi_luxury,1,1.08,2
1,0,2026-09-05,9,6,1,0,0,semi_luxury,2,1.28,2
2,0,2026-09-05,20,6,1,0,0,normal,1,1.18,1
2,0,2026-09-05,18,6,1,0,0,semi_luxury,1,1.18,2
2,0,2026-09-05,18,6,1,0,0,normal,1,1.18,1
2,0,2026-09-05,16,6,1,0,0,semi_luxury,1,1.18,2
2,0,2026-09-05,15,6,1,0,0,luxury,1,1.18,3
2,0,2026-09-05,14,6,1,0,0,semi_luxury,1,1.18,2
2,0,2026-09-05,11,6,1,0,0,semi_luxury,2,1.18,2
2,0,2026-09-05,10,6,1,0,0,normal,3,1.18,1
2,0,2026-09-05,9,6,1,0,0,semi_luxury,1,1.18,2
15,2,2026-09-05,16,6,1,0,0,luxury,1,1.08,3
2,0,2026-09-06,8,7,1,0,0,ac,1,1.2,4
2,3,2026-09-06,7,7,1,0,0,normal,1,1.06,1
15,0,2026-09-06,20,7,1,0,0,normal,1,1.14,1
15,0,2026-09-06,18,7,1,0,0,luxury,1,1.14,3
15,0,2026-09-06,13,7,1,0,0,semi_luxury,2,1.14,2
15,0,2026-09-06,12,7,1,0,0,luxury,1,1.14,3
15,0,2026-09-06,10,7,1,0,0,semi_luxury,1,1.14,2
15,0,2026-09-06,10,7,1,0,0,luxury,1,1.14,3
15,0,2026-09-06,8,7,1,0,0,semi_luxury,3,1.14,2
2,3,2026-09-06,7,7,1,0,0,luxury,1,1.06,3
15,0,2026-09-06,8,7,1,0,0,luxury,1,1.14,3
15,0,2026-09-06,7,7,1,0,0,ac,1,1.14,4
15,0,2026-09-06,6,7,1,0,0,ac,2,1.14,4
15,0,2026-09-06,5,7,1,0,0,normal,1,1.14,1
2,3,2026-09-06,16,7,1,0,0,normal,1,1.06,1
2,3,2026-09-06,10,7,1,0,0,luxury,1,1.06,3
2,3,2026-09-06,9,7,1,0,0,luxury,1,1.06,3
2,3,2026-09-06,8,7,1,0,0,normal,1,1.06,1
15,0,2026-09-06,7,7,1,0,0,normal,1,1.14,1
2,3,2026-09-06,9,7,1,0,0,ac,1,1.06,4
15,3,2026-09-06,8,7,1,0,0,normal,1,1.03,1
15,1,2026-09-06,10,7,1,0,0,normal,1,1.05,1
2,1,2026-09-06,9,7,1,0,0,normal,1,1.03,1
2,1,2026-09-06,8,7,1,0,0,luxury,1,1.03,3
2,2,2026-09-06,5,7,1,0,0,ac,1,1.04,4
2,0,2026-09-06,5,7,1,0,0,ac,1,1.2,4
2,0,2026-09-06,20,7,1,0,0,semi_luxury,1,1.2,2
2,0,2026-09-06,19,7,1,0,0,luxury,1,1.2,3
2,1,2026-09-06,11,7,1,0,0,luxury,1,1.03,3
2,0,2026-09-06,18,7,1,0,0,normal,1,1.2,1
2,0,2026-09-06,15,7,1,0,0,normal,1,1.2,1
2,0,2026-09-06,12,7,1,0,0,semi_luxury,1,1.2,2
2,0,2026-09-06,10,7,1,0,0,semi_luxury,2,1.2,2
2,0,2026-09-06,10,7,1,0,0,ac,1,1.2,4
2,0,2026-09-06,9,7,1,0,0,semi_luxury,2,1.2,2
2,0,2026-09-06,8,7,1,0,0,normal,2,1.2,1
2,0,2026-09-06,16,7,1,0,0,normal,1,1.2,1
2,2,2026-09-06,5,7,1,0,0,normal,1,1.04,1
2,2,2026-09-06,7,7,1,0,0,normal,1,1.04,1
2,2,2026-09-06,10,7,1,0,0,luxury,1,1.04,3
15,3,2026-09-06,5,7,1,0,0,normal,1,1.03,1
15,3,2026-09-06,6,7,1,0,0,normal,1,1.03,1
2,0,2026-09-06,7,7,1,0,0,luxury,1,1.2,3
15,3,2026-09-06,9,7,1,0,0,normal,1,1.03,1
15,3,2026-09-06,9,7,1,0,0,semi_luxury,1,1.03,2
15,3,2026-09-06,10,7,1,0,0,semi_luxury,1,1.03,2
15,3,2026-09-06,13,7,1,0,0,normal,1,1.03,1
15,2,2026-09-06,6,7,1,0,0,normal,1,1.04,1
15,2,2026-09-06,8,7,1,0,0,normal,1,1.04,1
15,2,2026-09-06,9,7,1,0,0,normal,1,1.04,1
15,2,2026-09-06,14,7,1,0,0,semi_luxury,1,1.04,2
15,3,2026-09-06,20,7,1,0,0,semi_luxury,1,1.03,2
2,1,2026-09-06,14,7,1,0,0,normal,1,1.03,1
2,2,2026-09-06,17,7,1,0,0,normal,1,1.04,1
2,2,2026-09-06,11,7,1,0,0,normal,1,1.04,1
15,1,2026-09-06,9,7,1,0,0,semi_luxury,1,1.05,2
2,3,2026-09-06,17,7,1,0,0,ac,1,1.06,4
2,0,2026-09-06,8,7,1,0,0,luxury,1,1.2,3
1,0,2026-09-06,19,7,1,0,0,semi_luxury,1,1.27,2
1,1,2026-09-06,9,7,1,0,0,normal,2,1.07,1
1,1,2026-09-06,13,7,1,0,0,luxury,1,1.07,3
1,1,2026-09-06,15,7,1,0,0,semi_luxury,1,1.07,2
1,3,2026-09-06,5,7,1,0,0,ac,1,1.13,4
1,3,2026-09-06,5,7,1,0,0,luxury,1,1.13,3
1,3,2026-09-06,5,7,1,0,0,semi_luxury,1,1.13,2
1,0,2026-09-06,18,7,1,0,0,normal,1,1.27,1
1,3,2026-09-06,8,7,1,0,0,luxury,1,1.13,3
1,3,2026-09-06,10,7,1,0,0,ac,1,1.13,4
1,3,2026-09-06,10,7,1,0,0,luxury,1,1.13,3
1,3,2026-09-06,12,7,1,0,0,luxury,1,1.13,3
1,3,2026-09-06,16,7,1,0,0,ac,1,1.13,4
1,1,2026-09-06,7,7,1,0,0,luxury,1,1.07,3
1,1,2026-09-06,18,7,1,0,0,ac,1,1.07,4
1,1,2026-09-06,19,7,1,0,0,normal,1,1.07,1
1,0,2026-09-06,6,7,1,0,0,normal,2,1.27,1
1,0,2026-09-06,7,7,1,0,0,semi_luxury,2,1.27,2
1,0,2026-09-06,8,7,1,0,0,normal,2,1.27,1
1,0,2026-09-06,9,7,1,0,0,semi_luxury,1,1.27,2
1,0,2026-09-06,10,7,1,0,0,luxury,1,1.27,3
1,0,2026-09-06,10,7,1,0,0,normal,1,1.27,1
1,0,2026-09-06,10,7,1,0,0,semi_luxury,1,1.27,2
1,0,2026-09-06,14,7,1,0,0,ac,1,1.27,4
1,0,2026-09-06,14,7,1,0,0,luxury,1,1.27,3
1,0,2026-09-06,14,7,1,0,0,semi_luxury,1,1.27,2
1,0,2026-09-06,15,7,1,0,0,normal,1,1.27,1
1,1,2026-09-06,18,7,1,0,0,semi_luxury,1,1.07,2
1,1,2026-09-06,7,7,1,0,0,ac,1,1.07,4
1,3,2026-09-06,7,7,1,0,0,ac,1,1.13,4
1,0,2026-09-06,19,7,1,0,0,normal,1,1.27,1
1,2,2026-09-06,13,7,1,0,0,ac,1,1.04,4
1,2,2026-09-06,10,7,1,0,0,normal,1,1.04,1
1,2,2026-09-06,9,7,1,0,0,normal,1,1.04,1
1,2,2026-09-06,9,7,1,0,0,ac,1,1.04,4
1,2,2026-09-06,8,7,1,0,0,luxury,1,1.04,3
1,1,2026-09-06,6,7,1,0,0,normal,1,1.07,1
1,0,2026-09-07,19,1,0,0,0,normal,2,1.36,1
2,3,2026-09-07,5,1,0,0,0,semi_luxury,1,1.06,2
2,3,2026-09-07,6,1,0,0,0,semi_luxury,1,1.06,2
2,3,2026-09-07,8,1,0,0,0,luxury,1,1.06,3
15,0,2026-09-07,20,1,0,0,0,semi_luxury,1,1.19,2
1,0,2026-09-07,15,1,0,0,0,semi_luxury,1,1.36,2
1,0,2026-09-07,14,1,0,0,0,normal,1,1.36,1
1,0,2026-09-07,12,1,0,0,0,semi_luxury,1,1.36,2
2,3,2026-09-07,18,1,0,0,0,ac,1,1.06,4
1,0,2026-09-07,11,1,0,0,0,semi_luxury,1,1.36,2
2,0,2026-09-07,5,1,0,0,0,luxury,1,1.24,3
2,0,2026-09-07,4,1,0,0,0,normal,1,1.24,1
15,0,2026-09-07,18,1,0,0,0,normal,1,1.19,1
2,3,2026-09-07,9,1,0,0,0,semi_luxury,2,1.06,2
1,0,2026-09-07,20,1,0,0,0,semi_luxury,1,1.36,2
1,0,2026-09-07,20,1,0,0,0,ac,1,1.36,4
15,3,2026-09-07,6,1,0,0,0,semi_luxury,1,1.12,2
1,0,2026-09-07,11,1,0,0,0,luxury,1,1.36,3
2,3,2026-09-07,8,1,0,0,0,semi_luxury,1,1.06,2
15,2,2026-09-07,6,1,0,0,0,semi_luxury,1,1.16,2
15,0,2026-09-07,9,1,0,0,0,semi_luxury,2,1.19,2
15,2,2026-09-07,6,1,0,0,0,ac,1,1.16,4
15,2,2026-09-07,4,1,0,0,0,luxury,1,1.16,3
2,1,2026-09-07,8,1,0,0,0,luxury,1,1.12,3
2,1,2026-09-07,8,1,0,0,0,normal,1,1.12,1
15,2,2026-09-07,8,1,0,0,0,luxury,1,1.16,3
15,2,2026-09-07,8,1,0,0,0,normal,1,1.16,1
15,2,2026-09-07,8,1,0,0,0,semi_luxury,2,1.16,2
2,1,2026-09-07,15,1,0,0,0,semi_luxury,1,1.12,2
15,1,2026-09-07,16,1,0,0,0,normal,1,1.09,1
2,0,2026-09-07,5,1,0,0,0,normal,1,1.24,1
2,0,2026-09-07,6,1,0,0,0,luxury,3,1.24,3
2,0,2026-09-07,6,1,0,0,0,normal,2,1.24,1
2,0,2026-09-07,8,1,0,0,0,ac,1,1.24,4
2,0,2026-09-07,8,1,0,0,0,normal,3,1.24,1
2,0,2026-09-07,9,1,0,0,0,normal,1,1.24,1
2,0,2026-09-07,20,1,0,0,0,ac,1,1.24,4
15,2,2026-09-07,19,1,0,0,0,luxury,1,1.16,3
1,0,2026-09-07,18,1,0,0,0,normal,2,1.36,1
15,0,2026-09-07,4,1,0,0,0,normal,1,1.19,1
15,0,2026-09-07,7,1,0,0,0,normal,1,1.19,1
15,0,2026-09-07,8,1,0,0,0,normal,2,1.19,1
15,0,2026-09-07,9,1,0,0,0,luxury,1,1.19,3
15,0,2026-09-07,9,1,0,0,0,normal,1,1.19,1
15,0,2026-09-07,10,1,0,0,0,normal,1,1.19,1
15,0,2026-09-07,17,1,0,0,0,normal,1,1.19,1
15,3,2026-09-07,9,1,0,0,0,normal,1,1.12,1
1,0,2026-09-07,5,1,0,0,0,ac,2,1.36,4
1,3,2026-09-07,7,1,0,0,0,normal,1,1.04,1
1,3,2026-09-07,4,1,0,0,0,normal,1,1.04,1
1,0,2026-09-07,8,1,0,0,0,ac,1,1.36,4
1,0,2026-09-07,8,1,0,0,0,luxury,1,1.36,3
1,0,2026-09-07,8,1,0,0,0,normal,1,1.36,1
15,3,2026-09-07,8,1,0,0,0,ac,2,1.12,4
2,2,2026-09-07,7,1,0,0,0,semi_luxury,1,1.08,2
2,2,2026-09-07,8,1,0,0,0,normal,1,1.08,1
2,2,2026-09-07,8,1,0,0,0,semi_luxury,1,1.08,2
2,2,2026-09-07,9,1,0,0,0,luxury,1,1.08,3
1,3,2026-09-07,11,1,0,0,0,semi_luxury,1,1.04,2
2,2,2026-09-07,17,1,0,0,0,luxury,1,1.08,3
1,2,2026-09-07,9,1,0,0,0,normal,1,1.08,1
1,2,2026-09-07,8,1,0,0,0,normal,1,1.08,1
1,2,2026-09-07,8,1,0,0,0,luxury,1,1.08,3
1,2,2026-09-07,7,1,0,0,0,semi_luxury,2,1.08,2
1,2,2026-09-07,6,1,0,0,0,ac,1,1.08,4
1,2,2026-09-07,5,1,0,0,0,semi_luxury,1,1.08,2
1,2,2026-09-07,5,1,0,0,0,normal,1,1.08,1
1,2,2026-09-07,5,1,0,0,0,luxury,1,1.08,3
1,2,2026-09-07,4,1,0,0,0,semi_luxury,1,1.08,2
1,2,2026-09-07,4,1,0,0,0,normal,1,1.08,1
1,2,2026-09-07,14,1,0,0,0,luxury,1,1.08,3
1,3,2026-09-07,15,1,0,0,0,normal,1,1.04,1
2,2,2026-09-07,5,1,0,0,0,normal,1,1.08,1
1,0,2026-09-07,9,1,0,0,0,luxury,1,1.36,3
1,0,2026-09-07,9,1,0,0,0,normal,1,1.36,1
1,0,2026-09-07,9,1,0,0,0,ac,1,1.36,4
1,0,2026-09-07,8,1,0,0,0,semi_luxury,1,1.36,2
1,0,2026-09-07,9,1,0,0,0,semi_luxury,1,1.36,2
1,0,2026-09-07,7,1,0,0,0,ac,2,1.36,4
1,0,2026-09-07,6,1,0,0,0,normal,2,1.36,1
1,0,2026-09-07,5,1,0,0,0,normal,1,1.36,1
1,1,2026-09-07,14,1,0,0,0,normal,1,1.07,1
1,0,2026-09-07,5,1,0,0,0,luxury,1,1.36,3
1,1,2026-09-07,12,1,0,0,0,normal,1,1.07,1
1,1,2026-09-07,9,1,0,0,0,semi_luxury,1,1.07,2
1,1,2026-09-07,7,1,0,0,0,normal,1,1.07,1
1,1,2026-09-07,10,1,0,0,0,ac,1,1.07,4
1,1,2026-09-07,4,1,0,0,0,semi_luxury,1,1.07,2
1,1,2026-09-07,4,1,0,0,0,normal,1,1.07,1
1,1,2026-09-07,5,1,0,0,0,normal,2,1.07,1
2,0,2026-09-08,14,2,0,0,0,semi_luxury,1,1.18,2
2,0,2026-09-08,16,2,0,0,0,semi_luxury,1,1.18,2
1,0,2026-09-08,6,2,0,0,0,normal,1,1.19,1
2,0,2026-09-08,17,2,0,0,0,luxury,1,1.18,3
1,0,2026-09-08,6,2,0,0,0,ac,1,1.19,4
1,0,2026-09-08,5,2,0,0,0,normal,1,1.19,1
2,0,2026-09-08,17,2,0,0,0,semi_luxury,1,1.18,2
2,2,2026-09-08,19,2,0,0,0,luxury,1,1.03,3
2,2,2026-09-08,15,2,0,0,0,ac,1,1.03,4
2,2,2026-09-08,14,2,0,0,0,normal,1,1.03,1
2,3,2026-09-08,21,2,0,0,0,semi_luxury,1,1.04,2
2,3,2026-09-08,19,2,0,0,0,luxury,1,1.04,3
2,3,2026-09-08,13,2,0,0,0,luxury,1,1.04,3
2,2,2026-09-08,6,2,0,0,0,semi_luxury,1,1.03,2
2,0,2026-09-08,9,2,0,0,0,normal,2,1.18,1
2,0,2026-09-08,18,2,0,0,0,semi_luxury,1,1.18,2
2,0,2026-09-08,9,2,0,0,0,ac,1,1.18,4
1,3,2026-09-08,6,2,0,0,0,semi_luxury,1,1.05,2
2,0,2026-09-08,8,2,0,0,0,ac,1,1.18,4
1,3,2026-09-08,6,2,0,0,0,luxury,1,1.05,3
1,3,2026-09-08,6,2,0,0,0,ac,1,1.05,4
1,3,2026-09-08,9,2,0,0,0,luxury,1,1.05,3
1,3,2026-09-08,14,2,0,0,0,semi_luxury,1,1.05,2
1,3,2026-09-08,15,2,0,0,0,normal,2,1.05,1
15,1,2026-09-08,20,2,0,0,0,normal,1,1.04,1
15,2,2026-09-08,11,2,0,0,0,luxury,1,1.0,3
15,2,2026-09-08,10,2,0,0,0,normal,1,1.0,1
15,2,2026-09-08,9,2,0,0,0,semi_luxury,1,1.0,2
2,0,2026-09-08,8,2,0,0,0,normal,1,1.18,1
15,2,2026-09-08,5,2,0,0,0,normal,1,1.0,1
1,1,2026-09-08,5,2,0,0,0,semi_luxury,1,1.11,2
1,1,2026-09-08,8,2,0,0,0,luxury,1,1.11,3
2,2,2026-09-08,5,2,0,0,0,semi_luxury,1,1.03,2
1,0,2026-09-08,20,2,0,0,0,normal,1,1.19,1
1,1,2026-09-08,9,2,0,0,0,ac,1,1.11,4
1,1,2026-09-08,18,2,0,0,0,luxury,1,1.11,3
1,3,2026-09-08,7,2,0,0,0,ac,1,1.05,4
2,0,2026-09-08,5,2,0,0,0,luxury,1,1.18,3
2,0,2026-09-08,5,2,0,0,0,normal,1,1.18,1
15,1,2026-09-08,15,2,0,0,0,normal,1,1.04,1
1,0,2026-09-08,20,2,0,0,0,luxury,2,1.19,3
1,0,2026-09-08,5,2,0,0,0,ac,1,1.19,4
2,0,2026-09-08,20,2,0,0,0,normal,1,1.18,1
1,0,2026-09-08,18,2,0,0,0,ac,2,1.19,4
1,0,2026-09-08,16,2,0,0,0,semi_luxury,1,1.19,2
1,0,2026-09-08,15,2,0,0,0,semi_luxury,1,1.19,2
1,0,2026-09-08,15,2,0,0,0,normal,2,1.19,1
1,0,2026-09-08,14,2,0,0,0,ac,1,1.19,4
1,0,2026-09-08,12,2,0,0,0,ac,2,1.19,4
15,3,2026-09-08,12,2,0,0,0,normal,1,1.0,1
15,3,2026-09-08,12,2,0,0,0,semi_luxury,1,1.0,2
15,3,2026-09-08,13,2,0,0,0,luxury,1,1.0,3
15,3,2026-09-08,14,2,0,0,0,luxury,1,1.0,3
15,3,2026-09-08,17,2,0,0,0,semi_luxury,1,1.0,2
1,0,2026-09-08,11,2,0,0,0,ac,1,1.19,4
1,0,2026-09-08,10,2,0,0,0,normal,2,1.19,1
1,0,2026-09-08,9,2,0,0,0,semi_luxury,1,1.19,2
1,0,2026-09-08,9,2,0,0,0,luxury,1,1.19,3
1,0,2026-09-08,8,2,0,0,0,luxury,1,1.19,3
15,0,2026-09-08,8,2,0,0,0,semi_luxury,1,1.15,2
15,0,2026-09-08,6,2,0,0,0,semi_luxury,2,1.15,2
2,1,2026-09-08,13,2,0,0,0,semi_luxury,1,1.04,2
1,0,2026-09-08,18,2,0,0,0,normal,1,1.19,1
1,0,2026-09-08,19,2,0,0,0,normal,1,1.19,1
1,0,2026-09-08,14,2,0,0,0,normal,1,1.19,1
15,0,2026-09-08,11,2,0,0,0,normal,1,1.15,1
15,3,2026-09-08,6,2,0,0,0,semi_luxury,1,1.0,2
1,0,2026-09-08,19,2,0,0,0,semi_luxury,1,1.19,2
1,0,2026-09-08,20,2,0,0,0,semi_luxury,1,1.19,2
1,0,2026-09-08,21,2,0,0,0,normal,2,1.19,1
15,0,2026-09-08,20,2,0,0,0,semi_luxury,1,1.15,2
15,0,2026-09-08,20,2,0,0,0,luxury,1,1.15,3
2,0,2026-09-08,20,2,0,0,0,semi_luxury,1,1.18,2
1,2,2026-09-08,9,2,0,0,0,normal,1,1.11,1
1,2,2026-09-08,14,2,0,0,0,normal,1,1.11,1
1,2,2026-09-08,6,2,0,0,0,semi_luxury,2,1.11,2
1,2,2026-09-08,20,2,0,0,0,semi_luxury,1,1.11,2
15,0,2026-09-08,19,2,0,0,0,semi_luxury,2,1.15,2
15,0,2026-09-08,19,2,0,0,0,normal,1,1.15,1
15,0,2026-09-08,18,2,0,0,0,luxury,1,1.15,3
15,0,2026-09-08,17,2,0,0,0,normal,1,1.15,1
15,0,2026-09-08,15,2,0,0,0,luxury,2,1.15,3
15,0,2026-09-08,13,2,0,0,0,normal,1,1.15,1
1,2,2026-09-08,18,2,0,0,0,ac,1,1.11,4
1,0,2026-09-09,13,3,0,0,0,ac,1,1.19,4
1,0,2026-09-09,13,3,0,0,0,luxury,1,1.19,3
1,0,2026-09-09,13,3,0,0,0,semi_luxury,1,1.19,2
1,0,2026-09-09,14,3,0,0,0,ac,1,1.19,4
1,0,2026-09-09,17,3,0,0,0,luxury,1,1.19,3
1,0,2026-09-09,18,3,0,0,0,semi_luxury,1,1.19,2
1,1,2026-09-09,6,3,0,0,0,semi_luxury,1,1.07,2
15,0,2026-09-09,12,3,0,0,0,luxury,1,1.13,3
1,1,2026-09-09,8,3,0,0,0,luxury,1,1.07,3
15,0,2026-09-09,15,3,0,0,0,normal,1,1.13,1
15,0,2026-09-09,15,3,0,0,0,ac,1,1.13,4
15,0,2026-09-09,14,3,0,0,0,ac,1,1.13,4
15,0,2026-09-09,13,3,0,0,0,luxury,1,1.13,3
15,0,2026-09-09,11,3,0,0,0,luxury,1,1.13,3
15,0,2026-09-09,12,3,0,0,0,normal,2,1.13,1
1,0,2026-09-09,12,3,0,0,0,luxury,1,1.19,3
1,1,2026-09-09,7,3,0,0,0,normal,1,1.07,1
1,0,2026-09-09,11,3,0,0,0,semi_luxury,1,1.19,2
1,0,2026-09-09,8,3,0,0,0,ac,1,1.19,4
1,0,2026-09-09,10,3,0,0,0,luxury,1,1.19,3
2,2,2026-09-09,13,3,0,0,0,normal,1,1.03,1
2,2,2026-09-09,18,3,0,0,0,normal,1,1.03,1
2,2,2026-09-09,20,3,0,0,0,normal,1,1.03,1
2,2,2026-09-09,6,3,0,0,0,normal,2,1.03,1
1,0,2026-09-09,6,3,0,0,0,ac,1,1.19,4
1,0,2026-09-09,6,3,0,0,0,normal,2,1.19,1
1,2,2026-09-09,5,3,0,0,0,normal,1,1.05,1
1,2,2026-09-09,8,3,0,0,0,normal,1,1.05,1
1,2,2026-09-09,12,3,0,0,0,ac,1,1.05,4
1,2,2026-09-09,14,3,0,0,0,ac,1,1.05,4
1,2,2026-09-09,14,3,0,0,0,luxury,1,1.05,3
1,2,2026-09-09,18,3,0,0,0,normal,2,1.05,1
1,2,2026-09-09,21,3,0,0,0,normal,1,1.05,1
1,0,2026-09-09,11,3,0,0,0,normal,1,1.19,1
1,0,2026-09-09,6,3,0,0,0,semi_luxury,2,1.19,2
1,0,2026-09-09,7,3,0,0,0,normal,1,1.19,1
15,0,2026-09-09,10,3,0,0,0,semi_luxury,1,1.13,2
1,3,2026-09-09,7,3,0,0,0,ac,1,1.03,4
1,3,2026-09-09,7,3,0,0,0,luxury,1,1.03,3
1,3,2026-09-09,10,3,0,0,0,normal,1,1.03,1
1,3,2026-09-09,13,3,0,0,0,luxury,1,1.03,3
1,3,2026-09-09,17,3,0,0,0,ac,1,1.03,4
1,3,2026-09-09,17,3,0,0,0,normal,1,1.03,1
1,3,2026-09-09,19,3,0,0,0,normal,1,1.03,1
1,3,2026-09-09,20,3,0,0,0,semi_luxury,1,1.03,2
1,0,2026-09-09,8,3,0,0,0,semi_luxury,1,1.19,2
1,0,2026-09-09,9,3,0,0,0,luxury,1,1.19,3
1,0,2026-09-09,9,3,0,0,0,normal,2,1.19,1
1,0,2026-09-09,7,3,0,0,0,ac,1,1.19,4
15,0,2026-09-09,9,3,0,0,0,normal,1,1.13,1
15,0,2026-09-09,6,3,0,0,0,semi_luxury,1,1.13,2
15,0,2026-09-09,8,3,0,0,0,luxury,2,1.13,3
2,1,2026-09-09,16,3,0,0,0,normal,1,1.09,1
2,1,2026-09-09,17,3,0,0,0,normal,1,1.09,1
15,0,2026-09-09,8,3,0,0,0,normal,1,1.13,1
15,3,2026-09-09,17,3,0,0,0,ac,1,1.08,4
15,3,2026-09-09,12,3,0,0,0,ac,1,1.08,4
15,3,2026-09-09,10,3,0,0,0,semi_luxury,1,1.08,2
15,3,2026-09-09,10,3,0,0,0,luxury,1,1.08,3
15,3,2026-09-09,8,3,0,0,0,normal,2,1.08,1
2,0,2026-09-09,20,3,0,0,0,normal,1,1.11,1
2,0,2026-09-09,19,3,0,0,0,semi_luxury,1,1.11,2
2,0,2026-09-09,17,3,0,0,0,semi_luxury,1,1.11,2
2,0,2026-09-09,17,3,0,0,0,ac,1,1.11,4
2,0,2026-09-09,16,3,0,0,0,luxury,1,1.11,3
2,0,2026-09-09,15,3,0,0,0,luxury,1,1.11,3
2,1,2026-09-09,9,3,0,0,0,luxury,1,1.09,3
2,0,2026-09-09,11,3,0,0,0,semi_luxury,1,1.11,2
2,0,2026-09-09,10,3,0,0,0,luxury,1,1.11,3
2,3,2026-09-09,9,3,0,0,0,normal,1,1.04,1
2,3,2026-09-09,14,3,0,0,0,semi_luxury,1,1.04,2
2,3,2026-09-09,16,3,0,0,0,luxury,1,1.04,3
2,3,2026-09-09,18,3,0,0,0,ac,1,1.04,4
2,3,2026-09-09,19,3,0,0,0,normal,1,1.04,1
1,1,2026-09-09,19,3,0,0,0,luxury,1,1.07,3
2,0,2026-09-09,9,3,0,0,0,luxury,2,1.11,3
2,0,2026-09-09,8,3,0,0,0,normal,1,1.11,1
2,0,2026-09-09,7,3,0,0,0,normal,2,1.11,1
2,2,2026-09-09,8,3,0,0,0,normal,1,1.03,1
2,0,2026-09-09,7,3,0,0,0,luxury,1,1.11,3
2,0,2026-09-09,6,3,0,0,0,normal,1,1.11,1
2,0,2026-09-09,5,3,0,0,0,luxury,1,1.11,3
2,0,2026-09-09,10,3,0,0,0,semi_luxury,2,1.11,2
1,1,2026-09-09,13,3,0,0,0,luxury,1,1.07,3
15,3,2026-09-09,17,3,0,0,0,luxury,1,1.08,3
2,2,2026-09-09,7,3,0,0,0,luxury,1,1.03,3
15,1,2026-09-09,6,3,0,0,0,normal,1,1.0,1
15,1,2026-09-09,7,3,0,0,0,luxury,1,1.0,3
15,1,2026-09-09,8,3,0,0,0,semi_luxury,1,1.0,2
15,2,2026-09-09,6,3,0,0,0,semi_luxury,2,1.09,2
15,1,2026-09-09,16,3,0,0,0,semi_luxury,1,1.0,2
15,1,2026-09-09,11,3,0,0,0,normal,1,1.0,1
15,0,2026-09-09,5,3,0,0,0,normal,2,1.13,1
15,0,2026-09-09,6,3,0,0,0,luxury,1,1.13,3
15,0,2026-09-09,6,3,0,0,0,normal,1,1.13,1
15,2,2026-09-09,9,3,0,0,0,semi_luxury,1,1.09,2
1,0,2026-09-10,9,4,0,0,0,luxury,1,1.26,3
1,0,2026-09-10,8,4,0,0,0,normal,2,1.26,1
1,0,2026-09-10,10,4,0,0,0,luxury,1,1.26,3
1,0,2026-09-10,10,4,0,0,0,normal,1,1.26,1
1,1,2026-09-10,5,4,0,0,0,luxury,1,1.07,3
1,0,2026-09-10,9,4,0,0,0,semi_luxury,2,1.26,2
1,1,2026-09-10,5,4,0,0,0,normal,1,1.07,1
1,1,2026-09-10,8,4,0,0,0,normal,1,1.07,1
1,1,2026-09-10,9,4,0,0,0,semi_luxury,1,1.07,2
1,1,2026-09-10,15,4,0,0,0,luxury,1,1.07,3
1,1,2026-09-10,18,4,0,0,0,luxury,1,1.07,3
1,1,2026-09-10,19,4,0,0,0,normal,1,1.07,1
1,1,2026-09-10,20,4,0,0,0,luxury,1,1.07,3
15,1,2026-09-10,11,4,0,0,0,normal,1,1.05,1
15,1,2026-09-10,21,4,0,0,0,ac,1,1.05,4
1,0,2026-09-10,10,4,0,0,0,semi_luxury,2,1.26,2
1,2,2026-09-10,7,4,0,0,0,ac,1,1.03,4
1,2,2026-09-10,8,4,0,0,0,luxury,1,1.03,3
1,0,2026-09-10,21,4,0,0,0,semi_luxury,1,1.26,2
1,2,2026-09-10,16,4,0,0,0,normal,1,1.03,1
1,0,2026-09-10,20,4,0,0,0,luxury,1,1.26,3
1,0,2026-09-10,19,4,0,0,0,normal,1,1.26,1
1,0,2026-09-10,18,4,0,0,0,semi_luxury,1,1.26,2
1,0,2026-09-10,18,4,0,0,0,luxury,2,1.26,3
2,1,2026-09-10,5,4,0,0,0,semi_luxury,1,1.11,2
2,1,2026-09-10,7,4,0,0,0,ac,1,1.11,4
2,1,2026-09-10,8,4,0,0,0,ac,1,1.11,4
2,1,2026-09-10,16,4,0,0,0,semi_luxury,1,1.11,2
1,0,2026-09-10,18,4,0,0,0,ac,1,1.26,4
1,2,2026-09-10,15,4,0,0,0,semi_luxury,1,1.03,2
1,0,2026-09-10,17,4,0,0,0,luxury,1,1.26,3
1,0,2026-09-10,14,4,0,0,0,normal,1,1.26,1
1,0,2026-09-10,13,4,0,0,0,ac,1,1.26,4
1,0,2026-09-10,12,4,0,0,0,normal,1,1.26,1
1,0,2026-09-10,11,4,0,0,0,semi_luxury,1,1.26,2
1,0,2026-09-10,5,4,0,0,0,normal,3,1.26,1
1,0,2026-09-10,6,4,0,0,0,semi_luxury,1,1.26,2
1,0,2026-09-10,7,4,0,0,0,luxury,1,1.26,3
1,2,2026-09-10,21,4,0,0,0,normal,1,1.03,1
1,0,2026-09-10,21,4,0,0,0,luxury,1,1.26,3
1,0,2026-09-10,16,4,0,0,0,semi_luxury,2,1.26,2
1,2,2026-09-10,18,4,0,0,0,semi_luxury,1,1.03,2
2,2,2026-09-10,19,4,0,0,0,luxury,1,1.02,3
2,2,2026-09-10,9,4,0,0,0,semi_luxury,1,1.02,2
2,0,2026-09-10,15,4,0,0,0,luxury,2,1.14,3
2,0,2026-09-10,12,4,0,0,0,ac,1,1.14,4
2,0,2026-09-10,8,4,0,0,0,ac,1,1.14,4
2,0,2026-09-10,6,4,0,0,0,normal,1,1.14,1
2,0,2026-09-10,6,4,0,0,0,ac,1,1.14,4
2,0,2026-09-10,5,4,0,0,0,semi_luxury,2,1.14,2
2,0,2026-09-10,5,4,0,0,0,normal,1,1.14,1
2,3,2026-09-10,21,4,0,0,0,semi_luxury,1,1.0,2
2,3,2026-09-10,18,4,0,0,0,normal,1,1.0,1
2,3,2026-09-10,18,4,0,0,0,luxury,1,1.0,3
2,3,2026-09-10,17,4,0,0,0,normal,1,1.0,1
2,3,2026-09-10,17,4,0,0,0,luxury,1,1.0,3
2,3,2026-09-10,15,4,0,0,0,semi_luxury,1,1.0,2
2,3,2026-09-10,11,4,0,0,0,normal,1,1.0,1
2,3,2026-09-10,9,4,0,0,0,normal,1,1.0,1
2,0,2026-09-10,15,4,0,0,0,normal,1,1.14,1
15,2,2026-09-10,12,4,0,0,0,semi_luxury,1,1.02,2
2,2,2026-09-10,6,4,0,0,0,ac,1,1.02,4
2,0,2026-09-10,18,4,0,0,0,ac,2,1.14,4
15,0,2026-09-10,21,4,0,0,0,normal,1,1.14,1
15,0,2026-09-10,18,4,0,0,0,luxury,1,1.14,3
15,0,2026-09-10,17,4,0,0,0,normal,1,1.14,1
15,0,2026-09-10,14,4,0,0,0,normal,1,1.14,1
15,0,2026-09-10,13,4,0,0,0,semi_luxury,2,1.14,2
15,0,2026-09-10,12,4,0,0,0,normal,1,1.14,1
15,0,2026-09-10,10,4,0,0,0,normal,2,1.14,1
15,0,2026-09-10,9,4,0,0,0,semi_luxury,1,1.14,2
15,0,2026-09-10,9,4,0,0,0,luxury,1,1.14,3
15,0,2026-09-10,7,4,0,0,0,normal,1,1.14,1
15,0,2026-09-10,7,4,0,0,0,luxury,1,1.14,3
15,0,2026-09-10,6,4,0,0,0,semi_luxury,1,1.14,2
2,0,2026-09-10,20,4,0,0,0,semi_luxury,3,1.14,2
2,0,2026-09-10,20,4,0,0,0,luxury,1,1.14,3
2,0,2026-09-10,19,4,0,0,0,ac,1,1.14,4
2,0,2026-09-10,17,4,0,0,0,normal,1,1.14,1
15,2,2026-09-10,19,4,0,0,0,luxury,1,1.02,3
2,0,2026-09-10,17,4,0,0,0,ac,1,1.14,4
1,3,2026-09-10,9,4,0,0,0,normal,1,1.07,1
2,2,2026-09-10,14,4,0,0,0,semi_luxury,1,1.02,2
1,3,2026-09-10,5,4,0,0,0,semi_luxury,1,1.07,2
1,3,2026-09-10,8,4,0,0,0,normal,1,1.07,1
1,3,2026-09-10,16,4,0,0,0,normal,1,1.07,1
1,3,2026-09-10,20,4,0,0,0,semi_luxury,1,1.07,2
2,2,2026-09-10,10,4,0,0,0,normal,1,1.02,1
2,2,2026-09-10,12,4,0,0,0,normal,1,1.02,1
1,3,2026-09-11,7,5,0,0,0,normal,1,1.07,1
1,3,2026-09-11,10,5,0,0,0,ac,1,1.07,4
1,3,2026-09-11,12,5,0,0,0,semi_luxury,1,1.07,2
2,0,2026-09-11,6,5,0,0,0,semi_luxury,1,1.15,2
2,0,2026-09-11,7,5,0,0,0,luxury,1,1.15,3
2,0,2026-09-11,8,5,0,0,0,semi_luxury,1,1.15,2
2,0,2026-09-11,14,5,0,0,0,luxury,1,1.15,3
1,0,2026-09-11,11,5,0,0,0,ac,1,1.35,4
2,0,2026-09-11,17,5,0,0,0,normal,2,1.15,1
2,0,2026-09-11,17,5,0,0,0,semi_luxury,1,1.15,2
1,0,2026-09-11,14,5,0,0,0,luxury,2,1.35,3
2,3,2026-09-11,18,5,0,0,0,normal,1,1.0,1
15,3,2026-09-11,15,5,0,0,0,normal,1,1.06,1
1,0,2026-09-11,8,5,0,0,0,normal,1,1.35,1
2,0,2026-09-11,19,5,0,0,0,normal,1,1.15,1
2,0,2026-09-11,20,5,0,0,0,ac,1,1.15,4
2,0,2026-09-11,20,5,0,0,0,luxury,2,1.15,3
2,0,2026-09-11,20,5,0,0,0,normal,1,1.15,1
2,0,2026-09-11,15,5,0,0,0,semi_luxury,1,1.15,2
2,0,2026-09-11,16,5,0,0,0,normal,2,1.15,1
2,1,2026-09-11,11,5,0,0,0,luxury,1,1.06,3
2,0,2026-09-11,21,5,0,0,0,luxury,2,1.15,3
1,2,2026-09-11,21,5,0,0,0,normal,1,1.09,1
1,0,2026-09-11,15,5,0,0,0,ac,1,1.35,4
1,0,2026-09-11,15,5,0,0,0,luxury,1,1.35,3
1,0,2026-09-11,15,5,0,0,0,semi_luxury,2,1.35,2
1,0,2026-09-11,16,5,0,0,0,luxury,1,1.35,3
1,0,2026-09-11,17,5,0,0,0,ac,1,1.35,4
1,0,2026-09-11,17,5,0,0,0,normal,1,1.35,1
1,0,2026-09-11,18,5,0,0,0,semi_luxury,1,1.35,2
1,0,2026-09-11,19,5,0,0,0,semi_luxury,2,1.35,2
1,0,2026-09-11,20,5,0,0,0,luxury,1,1.35,3
1,0,2026-09-11,20,5,0,0,0,normal,1,1.35,1
1,0,2026-09-11,20,5,0,0,0,semi_luxury,1,1.35,2
15,3,2026-09-11,20,5,0,0,0,normal,1,1.06,1
2,1,2026-09-11,20,5,0,0,0,normal,1,1.06,1
2,1,2026-09-11,18,5,0,0,0,normal,1,1.06,1
2,1,2026-09-11,14,5,0,0,0,semi_luxury,1,1.06,2
1,2,2026-09-11,21,5,0,0,0,luxury,1,1.09,3
1,2,2026-09-11,21,5,0,0,0,ac,1,1.09,4
1,2,2026-09-11,20,5,0,0,0,semi_luxury,1,1.09,2
1,2,2026-09-11,18,5,0,0,0,ac,1,1.09,4
1,2,2026-09-11,14,5,0,0,0,normal,1,1.09,1
1,2,2026-09-11,12,5,0,0,0,normal,1,1.09,1
1,2,2026-09-11,10,5,0,0,0,luxury,1,1.09,3
2,1,2026-09-11,10,5,0,0,0,normal,1,1.06,1
2,0,2026-09-11,21,5,0,0,0,semi_luxury,1,1.15,2
15,3,2026-09-11,10,5,0,0,0,ac,1,1.06,4
15,1,2026-09-11,21,5,0,0,0,luxury,1,1.07,3
15,0,2026-09-11,19,5,0,0,0,luxury,1,1.13,3
2,2,2026-09-11,19,5,0,0,0,normal,2,1.05,1
2,2,2026-09-11,15,5,0,0,0,normal,1,1.05,1
15,2,2026-09-11,12,5,0,0,0,ac,1,1.04,4
15,0,2026-09-11,17,5,0,0,0,semi_luxury,1,1.13,2
15,2,2026-09-11,15,5,0,0,0,semi_luxury,1,1.04,2
15,2,2026-09-11,17,5,0,0,0,normal,1,1.04,1
15,2,2026-09-11,18,5,0,0,0,luxury,1,1.04,3
15,2,2026-09-11,19,5,0,0,0,normal,1,1.04,1
15,2,2026-09-11,19,5,0,0,0,semi_luxury,1,1.04,2
15,1,2026-09-11,18,5,0,0,0,ac,2,1.07,4
15,1,2026-09-11,18,5,0,0,0,normal,2,1.07,1
15,0,2026-09-11,16,5,0,0,0,ac,1,1.13,4
15,0,2026-09-11,8,5,0,0,0,semi_luxury,1,1.13,2
15,0,2026-09-11,9,5,0,0,0,ac,1,1.13,4
15,0,2026-09-11,12,5,0,0,0,normal,1,1.13,1
15,0,2026-09-11,13,5,0,0,0,ac,1,1.13,4
15,0,2026-09-11,21,5,0,0,0,luxury,1,1.13,3
15,0,2026-09-11,21,5,0,0,0,normal,1,1.13,1
2,2,2026-09-11,21,5,0,0,0,semi_luxury,1,1.05,2
1,1,2026-09-11,21,5,0,0,0,semi_luxury,1,1.13,2
1,3,2026-09-11,21,5,0,0,0,luxury,1,1.07,3
1,3,2026-09-11,20,5,0,0,0,luxury,1,1.07,3
1,3,2026-09-11,17,5,0,0,0,semi_luxury,1,1.07,2
1,3,2026-09-11,16,5,0,0,0,normal,1,1.07,1
2,3,2026-09-11,14,5,0,0,0,semi_luxury,1,1.0,2
1,1,2026-09-11,8,5,0,0,0,luxury,1,1.13,3
1,1,2026-09-11,11,5,0,0,0,semi_luxury,1,1.13,2
1,1,2026-09-11,21,5,0,0,0,luxury,1,1.13,3
1,2,2026-09-12,6,6,1,0,0,luxury,1,1.12,3
15,3,2026-09-12,20,6,1,0,0,semi_luxury,1,1.03,2
15,3,2026-09-12,19,6,1,0,0,semi_luxury,1,1.03,2
15,3,2026-09-12,7,6,1,0,0,ac,1,1.03,4
15,3,2026-09-12,6,6,1,0,0,normal,1,1.03,1
15,0,2026-09-12,20,6,1,0,0,luxury,1,1.17,3
15,0,2026-09-12,15,6,1,0,0,normal,1,1.17,1
15,0,2026-09-12,6,6,1,0,0,normal,1,1.17,1
15,0,2026-09-12,14,6,1,0,0,normal,1,1.17,1
15,0,2026-09-12,11,6,1,0,0,semi_luxury,1,1.17,2
15,0,2026-09-12,10,6,1,0,0,semi_luxury,1,1.17,2
15,0,2026-09-12,5,6,1,0,0,ac,1,1.17,4
15,0,2026-09-12,8,6,1,0,0,normal,1,1.17,1
1,2,2026-09-12,6,6,1,0,0,normal,1,1.12,1
15,0,2026-09-12,8,6,1,0,0,luxury,2,1.17,3
15,0,2026-09-12,15,6,1,0,0,ac,2,1.17,4
1,2,2026-09-12,7,6,1,0,0,ac,1,1.12,4
2,0,2026-09-12,5,6,1,0,0,semi_luxury,1,1.18,2
1,2,2026-09-12,8,6,1,0,0,ac,1,1.12,4
2,0,2026-09-12,6,6,1,0,0,semi_luxury,1,1.18,2
2,0,2026-09-12,8,6,1,0,0,ac,1,1.18,4
2,0,2026-09-12,8,6,1,0,0,semi_luxury,1,1.18,2
2,0,2026-09-12,9,6,1,0,0,semi_luxury,2,1.18,2
2,0,2026-09-12,10,6,1,0,0,luxury,1,1.18,3
2,0,2026-09-12,10,6,1,0,0,semi_luxury,1,1.18,2
1,2,2026-09-12,15,6,1,0,0,semi_luxury,1,1.12,2
2,2,2026-09-12,9,6,1,0,0,normal,1,1.06,1
2,2,2026-09-12,9,6,1,0,0,luxury,1,1.06,3
2,2,2026-09-12,9,6,1,0,0,semi_luxury,1,1.06,2
2,2,2026-09-12,15,6,1,0,0,luxury,1,1.06,3
2,2,2026-09-12,6,6,1,0,0,ac,1,1.06,4
2,2,2026-09-12,5,6,1,0,0,luxury,1,1.06,3
2,2,2026-09-12,16,6,1,0,0,normal,1,1.06,1
2,0,2026-09-12,5,6,1,0,0,luxury,2,1.18,3
2,1,2026-09-12,8,6,1,0,0,normal,1,1.05,1
1,2,2026-09-12,15,6,1,0,0,ac,1,1.12,4
2,1,2026-09-12,16,6,1,0,0,semi_luxury,1,1.05,2
1,2,2026-09-12,14,6,1,0,0,luxury,1,1.12,3
1,2,2026-09-12,14,6,1,0,0,ac,1,1.12,4
1,2,2026-09-12,8,6,1,0,0,luxury,1,1.12,3
1,2,2026-09-12,7,6,1,0,0,luxury,1,1.12,3
2,1,2026-09-12,8,6,1,0,0,semi_luxury,1,1.05,2
1,0,2026-09-12,5,6,1,0,0,normal,1,1.28,1
1,2,2026-09-12,5,6,1,0,0,ac,1,1.12,4
2,0,2026-09-12,18,6,1,0,0,semi_luxury,2,1.18,2
2,0,2026-09-12,19,6,1,0,0,normal,1,1.18,1
2,0,2026-09-12,19,6,1,0,0,semi_luxury,2,1.18,2
2,0,2026-09-12,20,6,1,0,0,luxury,1,1.18,3
1,1,2026-09-12,20,6,1,0,0,semi_luxury,1,1.09,2
2,2,2026-09-12,19,6,1,0,0,luxury,1,1.06,3
1,1,2026-09-12,16,6,1,0,0,normal,1,1.09,1
1,1,2026-09-12,15,6,1,0,0,semi_luxury,1,1.09,2
1,1,2026-09-12,15,6,1,0,0,normal,1,1.09,1
1,1,2026-09-12,11,6,1,0,0,ac,1,1.09,4
1,1,2026-09-12,8,6,1,0,0,normal,1,1.09,1
1,1,2026-09-12,6,6,1,0,0,luxury,1,1.09,3
1,1,2026-09-12,5,6,1,0,0,normal,1,1.09,1
1,3,2026-09-12,6,6,1,0,0,ac,1,1.05,4
1,3,2026-09-12,7,6,1,0,0,ac,1,1.05,4
1,3,2026-09-12,9,6,1,0,0,semi_luxury,1,1.05,2
1,3,2026-09-12,12,6,1,0,0,semi_luxury,1,1.05,2
1,3,2026-09-12,15,6,1,0,0,normal,1,1.05,1
1,3,2026-09-12,20,6,1,0,0,semi_luxury,1,1.05,2
15,1,2026-09-12,9,6,1,0,0,normal,1,1.02,1
15,1,2026-09-12,10,6,1,0,0,semi_luxury,1,1.02,2
15,1,2026-09-12,11,6,1,0,0,semi_luxury,1,1.02,2
15,1,2026-09-12,13,6,1,0,0,luxury,1,1.02,3
15,1,2026-09-12,17,6,1,0,0,normal,1,1.02,1
15,2,2026-09-12,5,6,1,0,0,luxury,1,1.08,3
15,2,2026-09-12,7,6,1,0,0,ac,1,1.08,4
15,2,2026-09-12,7,6,1,0,0,semi_luxury,1,1.08,2
15,2,2026-09-12,9,6,1,0,0,luxury,1,1.08,3
15,2,2026-09-12,9,6,1,0,0,normal,2,1.08,1
2,0,2026-09-12,17,6,1,0,0,luxury,1,1.18,3
2,0,2026-09-12,17,6,1,0,0,ac,1,1.18,4
1,1,2026-09-12,20,6,1,0,0,ac,2,1.09,4
2,3,2026-09-12,7,6,1,0,0,luxury,2,1.07,3
1,0,2026-09-12,17,6,1,0,0,ac,1,1.28,4
1,0,2026-09-12,12,6,1,0,0,semi_luxury,1,1.28,2
1,0,2026-09-12,10,6,1,0,0,semi_luxury,1,1.28,2
1,0,2026-09-12,10,6,1,0,0,normal,2,1.28,1
2,3,2026-09-12,6,6,1,0,0,ac,1,1.07,4
1,0,2026-09-12,10,6,1,0,0,luxury,2,1.28,3
1,0,2026-09-12,5,6,1,0,0,luxury,2,1.28,3
1,0,2026-09-12,9,6,1,0,0,semi_luxury,2,1.28,2
1,0,2026-09-12,8,6,1,0,0,normal,2,1.28,1
1,0,2026-09-12,7,6,1,0,0,normal,1,1.28,1
1,0,2026-09-12,7,6,1,0,0,luxury,1,1.28,3
1,0,2026-09-12,6,6,1,0,0,semi_luxury,1,1.28,2
1,0,2026-09-12,5,6,1,0,0,semi_luxury,3,1.28,2
1,0,2026-09-12,6,6,1,0,0,normal,2,1.28,1
1,0,2026-09-12,9,6,1,0,0,luxury,2,1.28,3
1,0,2026-09-12,18,6,1,0,0,semi_luxury,1,1.28,2
1,0,2026-09-12,17,6,1,0,0,normal,1,1.28,1
1,0,2026-09-12,5,6,1,0,0,ac,1,1.28,4
2,3,2026-09-12,8,6,1,0,0,normal,1,1.07,1
2,0,2026-09-12,12,6,1,0,0,normal,1,1.18,1
2,0,2026-09-12,13,6,1,0,0,normal,1,1.18,1
2,0,2026-09-12,13,6,1,0,0,semi_luxury,1,1.18,2
2,0,2026-09-12,14,6,1,0,0,semi_luxury,1,1.18,2
2,3,2026-09-12,10,6,1,0,0,normal,2,1.07,1
2,3,2026-09-12,16,6,1,0,0,semi_luxury,1,1.07,2
1,0,2026-09-12,19,6,1,0,0,normal,1,1.28,1
2,3,2026-09-12,19,6,1,0,0,luxury,1,1.07,3
15,0,2026-09-13,11,7,1,0,0,normal,1,1.14,1
15,0,2026-09-13,12,7,1,0,0,semi_luxury,1,1.14,2
1,2,2026-09-13,20,7,1,0,0,normal,1,1.04,1
2,0,2026-09-13,19,7,1,0,0,ac,1,1.2,4
2,0,2026-09-13,20,7,1,0,0,normal,1,1.2,1
15,0,2026-09-13,10,7,1,0,0,normal,2,1.14,1
1,2,2026-09-13,13,7,1,0,0,normal,1,1.04,1
1,2,2026-09-13,17,7,1,0,0,semi_luxury,1,1.04,2
2,0,2026-09-13,18,7,1,0,0,normal,1,1.2,1
2,0,2026-09-13,18,7,1,0,0,luxury,1,1.2,3
2,0,2026-09-13,20,7,1,0,0,semi_luxury,1,1.2,2
2,0,2026-09-13,13,7,1,0,0,ac,1,1.2,4
2,0,2026-09-13,9,7,1,0,0,semi_luxury,2,1.2,2
2,0,2026-09-13,10,7,1,0,0,semi_luxury,1,1.2,2
1,2,2026-09-13,8,7,1,0,0,semi_luxury,1,1.04,2
1,2,2026-09-13,10,7,1,0,0,luxury,1,1.04,3
2,0,2026-09-13,5,7,1,0,0,ac,2,1.2,4
2,0,2026-09-13,5,7,1,0,0,luxury,1,1.2,3
2,0,2026-09-13,5,7,1,0,0,semi_luxury,1,1.2,2
2,0,2026-09-13,6,7,1,0,0,luxury,1,1.2,3
2,0,2026-09-13,11,7,1,0,0,semi_luxury,1,1.2,2
15,0,2026-09-13,19,7,1,0,0,normal,1,1.14,1
1,2,2026-09-13,10,7,1,0,0,semi_luxury,1,1.04,2
1,2,2026-09-13,13,7,1,0,0,ac,1,1.04,4
2,0,2026-09-13,8,7,1,0,0,semi_luxury,1,1.2,2
2,0,2026-09-13,9,7,1,0,0,normal,1,1.2,1
2,0,2026-09-13,10,7,1,0,0,luxury,1,1.2,3
2,0,2026-09-13,10,7,1,0,0,normal,1,1.2,1
15,0,2026-09-13,13,7,1,0,0,semi_luxury,1,1.14,2
15,0,2026-09-13,8,7,1,0,0,semi_luxury,1,1.14,2
1,3,2026-09-13,5,7,1,0,0,normal,1,1.13,1
15,0,2026-09-13,6,7,1,0,0,semi_luxury,1,1.14,2
2,3,2026-09-13,20,7,1,0,0,normal,1,1.06,1
2,3,2026-09-13,16,7,1,0,0,normal,1,1.06,1
15,0,2026-09-13,7,7,1,0,0,luxury,1,1.14,3
1,1,2026-09-13,18,7,1,0,0,normal,1,1.07,1
1,1,2026-09-13,14,7,1,0,0,luxury,1,1.07,3
1,1,2026-09-13,12,7,1,0,0,normal,1,1.07,1
1,1,2026-09-13,8,7,1,0,0,ac,1,1.07,4
1,1,2026-09-13,7,7,1,0,0,semi_luxury,1,1.07,2
1,1,2026-09-13,7,7,1,0,0,normal,1,1.07,1
1,1,2026-09-13,6,7,1,0,0,ac,1,1.07,4
1,1,2026-09-13,5,7,1,0,0,semi_luxury,1,1.07,2
1,1,2026-09-13,5,7,1,0,0,luxury,1,1.07,3
1,0,2026-09-13,13,7,1,0,0,semi_luxury,1,1.27,2
1,1,2026-09-13,5,7,1,0,0,ac,1,1.07,4
1,0,2026-09-13,18,7,1,0,0,normal,1,1.27,1
1,0,2026-09-13,16,7,1,0,0,normal,1,1.27,1
15,1,2026-09-13,7,7,1,0,0,semi_luxury,1,1.05,2
15,1,2026-09-13,8,7,1,0,0,luxury,1,1.05,3
15,1,2026-09-13,8,7,1,0,0,normal,2,1.05,1
15,1,2026-09-13,15,7,1,0,0,ac,1,1.05,4
15,1,2026-09-13,15,7,1,0,0,normal,1,1.05,1
15,1,2026-09-13,20,7,1,0,0,semi_luxury,1,1.05,2
15,2,2026-09-13,7,7,1,0,0,normal,1,1.04,1
1,3,2026-09-13,18,7,1,0,0,luxury,1,1.13,3
1,3,2026-09-13,8,7,1,0,0,luxury,1,1.13,3
1,3,2026-09-13,6,7,1,0,0,normal,1,1.13,1
1,0,2026-09-13,19,7,1,0,0,semi_luxury,1,1.27,2
1,0,2026-09-13,10,7,1,0,0,semi_luxury,1,1.27,2
2,3,2026-09-13,10,7,1,0,0,ac,1,1.06,4
1,0,2026-09-13,9,7,1,0,0,semi_luxury,1,1.27,2
15,0,2026-09-13,6,7,1,0,0,normal,1,1.14,1
15,0,2026-09-13,6,7,1,0,0,luxury,1,1.14,3
15,0,2026-09-13,5,7,1,0,0,normal,1,1.14,1
1,0,2026-09-13,14,7,1,0,0,semi_luxury,1,1.27,2
1,0,2026-09-13,14,7,1,0,0,normal,1,1.27,1
1,0,2026-09-13,10,7,1,0,0,normal,1,1.27,1
15,3,2026-09-13,9,7,1,0,0,normal,1,1.03,1
1,3,2026-09-13,5,7,1,0,0,ac,1,1.13,4
2,1,2026-09-13,6,7,1,0,0,luxury,1,1.03,3
2,1,2026-09-13,6,7,1,0,0,normal,1,1.03,1
2,1,2026-09-13,7,7,1,0,0,semi_luxury,1,1.03,2
2,1,2026-09-13,9,7,1,0,0,normal,1,1.03,1
15,3,2026-09-13,20,7,1,0,0,luxury,1,1.03,3
2,1,2026-09-13,12,7,1,0,0,semi_luxury,1,1.03,2
1,0,2026-09-13,8,7,1,0,0,ac,1,1.27,4
2,1,2026-09-13,11,7,1,0,0,normal,1,1.03,1
1,0,2026-09-13,7,7,1,0,0,normal,2,1.27,1
1,0,2026-09-13,6,7,1,0,0,semi_luxury,5,1.27,2
1,0,2026-09-13,6,7,1,0,0,normal,1,1.27,1
1,0,2026-09-13,7,7,1,0,0,semi_luxury,2,1.27,2
1,0,2026-09-13,6,7,1,0,0,luxury,1,1.27,3
15,3,2026-09-13,7,7,1,0,0,normal,1,1.03,1
15,3,2026-09-13,6,7,1,0,0,normal,1,1.03,1
2,2,2026-09-13,7,7,1,0,0,normal,1,1.04,1
1,1,2026-09-13,10,7,1,0,0,ac,1,1.07,4
2,2,2026-09-13,8,7,1,0,0,semi_luxury,1,1.04,2
15,3,2026-09-14,8,1,0,0,0,ac,2,1.12,4
2,0,2026-09-14,4,1,0,0,0,luxury,1,1.24,3
15,3,2026-09-14,5,1,0,0,0,luxury,1,1.12,3
2,0,2026-09-14,6,1,0,0,0,ac,1,1.24,4
2,0,2026-09-14,7,1,0,0,0,normal,1,1.24,1
2,0,2026-09-14,8,1,0,0,0,normal,1,1.24,1
2,0,2026-09-14,9,1,0,0,0,luxury,1,1.24,3
2,0,2026-09-14,9,1,0,0,0,normal,2,1.24,1
2,0,2026-09-14,11,1,0,0,0,luxury,1,1.24,3
2,0,2026-09-14,12,1,0,0,0,luxury,1,1.24,3
15,3,2026-09-14,9,1,0,0,0,ac,1,1.12,4
2,0,2026-09-14,5,1,0,0,0,normal,1,1.24,1
1,3,2026-09-14,12,1,0,0,0,normal,1,1.04,1
1,2,2026-09-14,5,1,0,0,0,semi_luxury,1,1.08,2
15,0,2026-09-14,5,1,0,0,0,semi_luxury,1,1.19,2
15,0,2026-09-14,6,1,0,0,0,normal,2,1.19,1
15,0,2026-09-14,7,1,0,0,0,normal,1,1.19,1
15,0,2026-09-14,7,1,0,0,0,semi_luxury,1,1.19,2
15,0,2026-09-14,8,1,0,0,0,semi_luxury,1,1.19,2
15,0,2026-09-14,9,1,0,0,0,ac,1,1.19,4
1,3,2026-09-14,8,1,0,0,0,normal,1,1.04,1
1,3,2026-09-14,7,1,0,0,0,ac,1,1.04,4
1,3,2026-09-14,6,1,0,0,0,semi_luxury,1,1.04,2
1,3,2026-09-14,5,1,0,0,0,normal,1,1.04,1
1,3,2026-09-14,4,1,0,0,0,normal,1,1.04,1
15,0,2026-09-14,15,1,0,0,0,luxury,1,1.19,3
15,0,2026-09-14,19,1,0,0,0,luxury,1,1.19,3
2,2,2026-09-14,12,1,0,0,0,ac,1,1.08,4
15,0,2026-09-14,20,1,0,0,0,semi_luxury,1,1.19,2
15,1,2026-09-14,11,1,0,0,0,normal,1,1.09,1
15,1,2026-09-14,9,1,0,0,0,semi_luxury,1,1.09,2
15,1,2026-09-14,6,1,0,0,0,semi_luxury,1,1.09,2
15,1,2026-09-14,4,1,0,0,0,normal,1,1.09,1
1,1,2026-09-14,5,1,0,0,0,ac,1,1.07,4
1,1,2026-09-14,5,1,0,0,0,normal,1,1.07,1
15,0,2026-09-14,5,1,0,0,0,normal,1,1.19,1
1,1,2026-09-14,6,1,0,0,0,luxury,1,1.07,3
15,0,2026-09-14,4,1,0,0,0,normal,2,1.19,1
15,2,2026-09-14,8,1,0,0,0,luxury,1,1.16,3
1,2,2026-09-14,4,1,0,0,0,normal,1,1.08,1
2,3,2026-09-14,20,1,0,0,0,normal,1,1.06,1
2,3,2026-09-14,6,1,0,0,0,normal,1,1.06,1
2,3,2026-09-14,4,1,0,0,0,luxury,1,1.06,3
1,0,2026-09-14,19,1,0,0,0,normal,1,1.36,1
1,0,2026-09-14,11,1,0,0,0,semi_luxury,1,1.36,2
1,0,2026-09-14,11,1,0,0,0,normal,1,1.36,1
1,0,2026-09-14,9,1,0,0,0,normal,2,1.36,1
1,0,2026-09-14,9,1,0,0,0,luxury,2,1.36,3
1,0,2026-09-14,8,1,0,0,0,semi_luxury,2,1.36,2
1,0,2026-09-14,8,1,0,0,0,normal,4,1.36,1
1,0,2026-09-14,8,1,0,0,0,luxury,1,1.36,3
1,0,2026-09-14,6,1,0,0,0,semi_luxury,1,1.36,2
1,3,2026-09-14,9,1,0,0,0,ac,1,1.04,4
1,0,2026-09-14,6,1,0,0,0,normal,2,1.36,1
1,0,2026-09-14,6,1,0,0,0,luxury,2,1.36,3
1,0,2026-09-14,6,1,0,0,0,ac,1,1.36,4
1,0,2026-09-14,5,1,0,0,0,normal,2,1.36,1
1,0,2026-09-14,4,1,0,0,0,semi_luxury,3,1.36,2
1,0,2026-09-14,4,1,0,0,0,normal,2,1.36,1
1,0,2026-09-14,4,1,0,0,0,luxury,1,1.36,3
15,0,2026-09-14,4,1,0,0,0,luxury,1,1.19,3
1,1,2026-09-14,6,1,0,0,0,semi_luxury,2,1.07,2
15,1,2026-09-14,20,1,0,0,0,normal,1,1.09,1
1,1,2026-09-14,9,1,0,0,0,normal,1,1.07,1
1,1,2026-09-14,8,1,0,0,0,semi_luxury,1,1.07,2
2,1,2026-09-14,9,1,0,0,0,semi_luxury,2,1.12,2
2,1,2026-09-14,8,1,0,0,0,normal,1,1.12,1
1,2,2026-09-14,16,1,0,0,0,luxury,1,1.08,3
1,2,2026-09-14,14,1,0,0,0,semi_luxury,1,1.08,2
1,2,2026-09-14,8,1,0,0,0,semi_luxury,1,1.08,2
2,1,2026-09-14,7,1,0,0,0,luxury,1,1.12,3
1,2,2026-09-14,14,1,0,0,0,normal,1,1.08,1
1,2,2026-09-14,7,1,0,0,0,normal,1,1.08,1
1,2,2026-09-14,6,1,0,0,0,semi_luxury,1,1.08,2
1,2,2026-09-14,6,1,0,0,0,normal,1,1.08,1
1,1,2026-09-14,9,1,0,0,0,semi_luxury,1,1.07,2
1,2,2026-09-14,8,1,0,0,0,ac,1,1.08,4
2,0,2026-09-15,13,2,0,0,0,ac,1,1.18,4
1,0,2026-09-15,11,2,0,0,0,luxury,1,1.19,3
1,0,2026-09-15,12,2,0,0,0,semi_luxury,1,1.19,2
1,0,2026-09-15,10,2,0,0,0,normal,1,1.19,1
2,0,2026-09-15,10,2,0,0,0,ac,1,1.18,4
2,0,2026-09-15,12,2,0,0,0,ac,1,1.18,4
2,0,2026-09-15,12,2,0,0,0,normal,1,1.18,1
2,0,2026-09-15,13,2,0,0,0,normal,1,1.18,1
2,0,2026-09-15,19,2,0,0,0,semi_luxury,1,1.18,2
2,0,2026-09-15,15,2,0,0,0,semi_luxury,1,1.18,2
2,0,2026-09-15,17,2,0,0,0,ac,2,1.18,4
2,0,2026-09-15,17,2,0,0,0,semi_luxury,1,1.18,2
2,0,2026-09-15,20,2,0,0,0,semi_luxury,1,1.18,2
2,0,2026-09-15,21,2,0,0,0,ac,1,1.18,4
2,0,2026-09-15,21,2,0,0,0,normal,1,1.18,1
2,0,2026-09-15,21,2,0,0,0,semi_luxury,1,1.18,2
1,0,2026-09-15,9,2,0,0,0,normal,1,1.19,1
1,0,2026-09-15,8,2,0,0,0,normal,1,1.19,1
1,0,2026-09-15,7,2,0,0,0,normal,1,1.19,1
2,0,2026-09-15,14,2,0,0,0,normal,2,1.18,1
1,0,2026-09-15,13,2,0,0,0,semi_luxury,2,1.19,2
1,0,2026-09-15,20,2,0,0,0,ac,1,1.19,4
1,0,2026-09-15,19,2,0,0,0,normal,1,1.19,1
15,0,2026-09-15,11,2,0,0,0,normal,1,1.15,1
15,0,2026-09-15,9,2,0,0,0,semi_luxury,1,1.15,2
15,0,2026-09-15,14,2,0,0,0,ac,1,1.15,4
15,0,2026-09-15,15,2,0,0,0,luxury,1,1.15,3
15,0,2026-09-15,16,2,0,0,0,semi_luxury,1,1.15,2
15,0,2026-09-15,17,2,0,0,0,ac,1,1.15,4
1,0,2026-09-15,6,2,0,0,0,semi_luxury,1,1.19,2
15,0,2026-09-15,9,2,0,0,0,normal,2,1.15,1
15,0,2026-09-15,9,2,0,0,0,luxury,1,1.15,3
15,0,2026-09-15,9,2,0,0,0,ac,1,1.15,4
15,0,2026-09-15,8,2,0,0,0,semi_luxury,1,1.15,2
15,0,2026-09-15,5,2,0,0,0,luxury,1,1.15,3
15,0,2026-09-15,19,2,0,0,0,luxury,1,1.15,3
1,0,2026-09-15,17,2,0,0,0,semi_luxury,1,1.19,2
15,0,2026-09-15,19,2,0,0,0,normal,1,1.15,1
15,0,2026-09-15,21,2,0,0,0,normal,1,1.15,1
1,3,2026-09-15,17,2,0,0,0,luxury,1,1.05,3
1,3,2026-09-15,14,2,0,0,0,semi_luxury,1,1.05,2
1,3,2026-09-15,10,2,0,0,0,normal,1,1.05,1
1,3,2026-09-15,7,2,0,0,0,normal,1,1.05,1
2,0,2026-09-15,5,2,0,0,0,ac,1,1.18,4
2,0,2026-09-15,5,2,0,0,0,normal,2,1.18,1
2,0,2026-09-15,5,2,0,0,0,semi_luxury,1,1.18,2
2,0,2026-09-15,6,2,0,0,0,ac,1,1.18,4
2,0,2026-09-15,8,2,0,0,0,semi_luxury,3,1.18,2
2,0,2026-09-15,9,2,0,0,0,luxury,1,1.18,3
2,0,2026-09-15,9,2,0,0,0,semi_luxury,1,1.18,2
1,0,2026-09-15,21,2,0,0,0,semi_luxury,1,1.19,2
15,0,2026-09-15,21,2,0,0,0,luxury,1,1.15,3
1,0,2026-09-15,5,2,0,0,0,semi_luxury,1,1.19,2
2,3,2026-09-15,8,2,0,0,0,semi_luxury,1,1.04,2
2,2,2026-09-15,10,2,0,0,0,normal,1,1.03,1
2,1,2026-09-15,10,2,0,0,0,semi_luxury,1,1.04,2
2,1,2026-09-15,11,2,0,0,0,normal,1,1.04,1
2,1,2026-09-15,14,2,0,0,0,semi_luxury,1,1.04,2
2,1,2026-09-15,15,2,0,0,0,ac,1,1.04,4
1,1,2026-09-15,9,2,0,0,0,normal,1,1.11,1
1,1,2026-09-15,18,2,0,0,0,semi_luxury,1,1.11,2
2,2,2026-09-15,18,2,0,0,0,semi_luxury,1,1.03,2
2,2,2026-09-15,18,2,0,0,0,normal,1,1.03,1
2,2,2026-09-15,18,2,0,0,0,luxury,1,1.03,3
2,2,2026-09-15,14,2,0,0,0,semi_luxury,1,1.03,2
2,2,2026-09-15,14,2,0,0,0,normal,1,1.03,1
1,1,2026-09-15,13,2,0,0,0,semi_luxury,1,1.11,2
2,2,2026-09-15,9,2,0,0,0,ac,1,1.03,4
15,1,2026-09-15,17,2,0,0,0,ac,1,1.04,4
15,1,2026-09-15,15,2,0,0,0,semi_luxury,1,1.04,2
15,1,2026-09-15,14,2,0,0,0,semi_luxury,1,1.04,2
15,1,2026-09-15,13,2,0,0,0,semi_luxury,1,1.04,2
15,1,2026-09-15,10,2,0,0,0,normal,1,1.04,1
15,1,2026-09-15,9,2,0,0,0,luxury,1,1.04,3
1,2,2026-09-15,19,2,0,0,0,semi_luxury,1,1.11,2
1,2,2026-09-15,18,2,0,0,0,semi_luxury,1,1.11,2
2,1,2026-09-15,20,2,0,0,0,normal,1,1.04,1
15,3,2026-09-15,9,2,0,0,0,luxury,1,1.0,3
2,3,2026-09-15,20,2,0,0,0,ac,1,1.04,4
1,0,2026-09-15,5,2,0,0,0,luxury,2,1.19,3
15,2,2026-09-15,5,2,0,0,0,semi_luxury,1,1.0,2
15,2,2026-09-15,9,2,0,0,0,normal,1,1.0,1
15,2,2026-09-15,12,2,0,0,0,semi_luxury,1,1.0,2
15,2,2026-09-15,16,2,0,0,0,normal,1,1.0,1
1,2,2026-09-15,6,2,0,0,0,semi_luxury,1,1.11,2
1,2,2026-09-15,7,2,0,0,0,luxury,2,1.11,3
1,2,2026-09-15,8,2,0,0,0,semi_luxury,1,1.11,2
15,3,2026-09-15,5,2,0,0,0,semi_luxury,1,1.0,2
1,1,2026-09-15,7,2,0,0,0,ac,1,1.11,4
1,2,2026-09-15,9,2,0,0,0,normal,2,1.11,1
15,3,2026-09-15,11,2,0,0,0,semi_luxury,1,1.0,2
15,3,2026-09-15,15,2,0,0,0,semi_luxury,1,1.0,2
15,3,2026-09-15,18,2,0,0,0,luxury,1,1.0,3
1,2,2026-09-15,15,2,0,0,0,semi_luxury,1,1.11,2
2,0,2026-09-16,16,3,0,0,0,ac,1,1.11,4
2,0,2026-09-16,16,3,0,0,0,luxury,1,1.11,3
15,0,2026-09-16,9,3,0,0,0,normal,1,1.13,1
1,1,2026-09-16,19,3,0,0,0,normal,1,1.07,1
1,1,2026-09-16,19,3,0,0,0,ac,1,1.07,4
2,0,2026-09-16,16,3,0,0,0,normal,1,1.11,1
2,0,2026-09-16,16,3,0,0,0,semi_luxury,1,1.11,2
2,0,2026-09-16,20,3,0,0,0,luxury,1,1.11,3
2,1,2026-09-16,19,3,0,0,0,luxury,1,1.09,3
2,1,2026-09-16,6,3,0,0,0,ac,2,1.09,4
1,1,2026-09-16,6,3,0,0,0,semi_luxury,1,1.07,2
1,1,2026-09-16,8,3,0,0,0,ac,1,1.07,4
1,1,2026-09-16,8,3,0,0,0,semi_luxury,1,1.07,2
1,1,2026-09-16,9,3,0,0,0,normal,1,1.07,1
2,1,2026-09-16,7,3,0,0,0,ac,1,1.09,4
15,0,2026-09-16,6,3,0,0,0,semi_luxury,2,1.13,2
15,0,2026-09-16,7,3,0,0,0,luxury,1,1.13,3
15,0,2026-09-16,7,3,0,0,0,semi_luxury,1,1.13,2
15,0,2026-09-16,8,3,0,0,0,ac,1,1.13,4
15,0,2026-09-16,8,3,0,0,0,normal,1,1.13,1
2,1,2026-09-16,20,3,0,0,0,semi_luxury,1,1.09,2
2,1,2026-09-16,12,3,0,0,0,ac,1,1.09,4
2,1,2026-09-16,21,3,0,0,0,semi_luxury,2,1.09,2
2,3,2026-09-16,19,3,0,0,0,luxury,1,1.04,3
2,3,2026-09-16,21,3,0,0,0,semi_luxury,1,1.04,2
1,0,2026-09-16,13,3,0,0,0,semi_luxury,1,1.19,2
1,0,2026-09-16,13,3,0,0,0,normal,1,1.19,1
1,0,2026-09-16,12,3,0,0,0,normal,1,1.19,1
1,0,2026-09-16,11,3,0,0,0,normal,1,1.19,1
1,0,2026-09-16,11,3,0,0,0,luxury,1,1.19,3
1,0,2026-09-16,9,3,0,0,0,semi_luxury,1,1.19,2
1,0,2026-09-16,9,3,0,0,0,ac,1,1.19,4
1,0,2026-09-16,8,3,0,0,0,normal,1,1.19,1
1,0,2026-09-16,14,3,0,0,0,luxury,1,1.19,3
1,0,2026-09-16,8,3,0,0,0,luxury,1,1.19,3
1,0,2026-09-16,5,3,0,0,0,semi_luxury,1,1.19,2
1,0,2026-09-16,5,3,0,0,0,ac,1,1.19,4
15,2,2026-09-16,14,3,0,0,0,normal,1,1.09,1
15,2,2026-09-16,13,3,0,0,0,luxury,1,1.09,3
15,2,2026-09-16,10,3,0,0,0,ac,1,1.09,4
2,0,2026-09-16,21,3,0,0,0,semi_luxury,1,1.11,2
2,3,2026-09-16,8,3,0,0,0,normal,1,1.04,1
2,3,2026-09-16,18,3,0,0,0,normal,1,1.04,1
1,0,2026-09-16,6,3,0,0,0,semi_luxury,1,1.19,2
1,0,2026-09-16,14,3,0,0,0,semi_luxury,1,1.19,2
1,0,2026-09-16,15,3,0,0,0,ac,1,1.19,4
1,0,2026-09-16,15,3,0,0,0,normal,1,1.19,1
2,2,2026-09-16,6,3,0,0,0,ac,1,1.03,4
2,2,2026-09-16,7,3,0,0,0,luxury,1,1.03,3
2,2,2026-09-16,7,3,0,0,0,normal,1,1.03,1
2,2,2026-09-16,7,3,0,0,0,semi_luxury,1,1.03,2
15,0,2026-09-16,11,3,0,0,0,normal,1,1.13,1
15,0,2026-09-16,12,3,0,0,0,ac,1,1.13,4
15,0,2026-09-16,18,3,0,0,0,normal,1,1.13,1
15,0,2026-09-16,18,3,0,0,0,semi_luxury,1,1.13,2
15,0,2026-09-16,19,3,0,0,0,semi_luxury,1,1.13,2
15,0,2026-09-16,20,3,0,0,0,luxury,1,1.13,3
1,0,2026-09-16,21,3,0,0,0,semi_luxury,1,1.19,2
1,0,2026-09-16,21,3,0,0,0,luxury,1,1.19,3
1,0,2026-09-16,20,3,0,0,0,semi_luxury,1,1.19,2
1,0,2026-09-16,19,3,0,0,0,semi_luxury,1,1.19,2
1,0,2026-09-16,18,3,0,0,0,normal,1,1.19,1
1,0,2026-09-16,17,3,0,0,0,semi_luxury,1,1.19,2
1,0,2026-09-16,17,3,0,0,0,luxury,1,1.19,3
1,0,2026-09-16,16,3,0,0,0,semi_luxury,3,1.19,2
1,0,2026-09-16,16,3,0,0,0,luxury,1,1.19,3
2,0,2026-09-16,15,3,0,0,0,normal,1,1.11,1
2,0,2026-09-16,14,3,0,0,0,normal,1,1.11,1
15,0,2026-09-16,9,3,0,0,0,semi_luxury,1,1.13,2
2,0,2026-09-16,12,3,0,0,0,luxury,1,1.11,3
1,3,2026-09-16,9,3,0,0,0,semi_luxury,1,1.03,2
1,3,2026-09-16,17,3,0,0,0,luxury,1,1.03,3
1,3,2026-09-16,20,3,0,0,0,normal,1,1.03,1
15,3,2026-09-16,6,3,0,0,0,ac,1,1.08,4
15,3,2026-09-16,16,3,0,0,0,semi_luxury,1,1.08,2
1,2,2026-09-16,5,3,0,0,0,normal,1,1.05,1
1,2,2026-09-16,7,3,0,0,0,normal,1,1.05,1
1,2,2026-09-16,7,3,0,0,0,semi_luxury,1,1.05,2
1,2,2026-09-16,8,3,0,0,0,normal,1,1.05,1
1,2,2026-09-16,20,3,0,0,0,normal,1,1.05,1
1,3,2026-09-16,8,3,0,0,0,semi_luxury,1,1.03,2
2,0,2026-09-16,14,3,0,0,0,ac,1,1.11,4
15,1,2026-09-16,15,3,0,0,0,semi_luxury,1,1.0,2
15,1,2026-09-16,6,3,0,0,0,ac,1,1.0,4
1,3,2026-09-16,7,3,0,0,0,semi_luxury,1,1.03,2
2,0,2026-09-16,5,3,0,0,0,semi_luxury,1,1.11,2
2,0,2026-09-16,9,3,0,0,0,normal,1,1.11,1
2,0,2026-09-16,8,3,0,0,0,semi_luxury,1,1.11,2
2,0,2026-09-16,6,3,0,0,0,semi_luxury,1,1.11,2
2,0,2026-09-16,5,3,0,0,0,normal,1,1.11,1
2,3,2026-09-17,6,4,0,0,0,semi_luxury,1,1.0,2
15,2,2026-09-17,5,4,0,0,0,normal,1,1.02,1
15,2,2026-09-17,9,4,0,0,0,luxury,1,1.02,3
15,2,2026-09-17,12,4,0,0,0,ac,1,1.02,4
2,1,2026-09-17,11,4,0,0,0,luxury,1,1.11,3
1,0,2026-09-17,20,4,0,0,0,ac,1,1.26,4
1,0,2026-09-17,19,4,0,0,0,semi_luxury,1,1.26,2
1,0,2026-09-17,9,4,0,0,0,semi_luxury,2,1.26,2
2,3,2026-09-17,12,4,0,0,0,semi_luxury,1,1.0,2
15,3,2026-09-17,5,4,0,0,0,semi_luxury,1,1.0,2
2,1,2026-09-17,11,4,0,0,0,normal,1,1.11,1
2,1,2026-09-17,18,4,0,0,0,semi_luxury,1,1.11,2
2,1,2026-09-17,19,4,0,0,0,normal,1,1.11,1
1,1,2026-09-17,9,4,0,0,0,normal,1,1.07,1
1,0,2026-09-17,19,4,0,0,0,normal,1,1.26,1
2,3,2026-09-17,13,4,0,0,0,normal,1,1.0,1
2,3,2026-09-17,19,4,0,0,0,semi_luxury,1,1.0,2
1,1,2026-09-17,12,4,0,0,0,luxury,1,1.07,3
1,3,2026-09-17,6,4,0,0,0,ac,1,1.07,4
1,3,2026-09-17,8,4,0,0,0,normal,1,1.07,1
1,3,2026-09-17,9,4,0,0,0,ac,2,1.07,4
1,3,2026-09-17,9,4,0,0,0,normal,1,1.07,1
1,3,2026-09-17,13,4,0,0,0,normal,1,1.07,1
1,3,2026-09-17,18,4,0,0,0,ac,1,1.07,4
1,3,2026-09-17,21,4,0,0,0,luxury,1,1.07,3
15,0,2026-09-17,5,4,0,0,0,ac,1,1.14,4
15,0,2026-09-17,7,4,0,0,0,normal,2,1.14,1
15,0,2026-09-17,8,4,0,0,0,semi_luxury,1,1.14,2
15,0,2026-09-17,12,4,0,0,0,normal,1,1.14,1
15,0,2026-09-17,14,4,0,0,0,semi_luxury,2,1.14,2
15,0,2026-09-17,15,4,0,0,0,luxury,1,1.14,3
15,0,2026-09-17,16,4,0,0,0,luxury,1,1.14,3
15,0,2026-09-17,18,4,0,0,0,luxury,1,1.14,3
2,3,2026-09-17,14,4,0,0,0,normal,1,1.0,1
1,0,2026-09-17,10,4,0,0,0,luxury,1,1.26,3
1,2,2026-09-17,6,4,0,0,0,semi_luxury,2,1.03,2
1,2,2026-09-17,7,4,0,0,0,semi_luxury,1,1.03,2
15,1,2026-09-17,13,4,0,0,0,semi_luxury,1,1.05,2
15,1,2026-09-17,13,4,0,0,0,luxury,2,1.05,3
15,1,2026-09-17,11,4,0,0,0,normal,1,1.05,1
1,1,2026-09-17,20,4,0,0,0,normal,2,1.07,1
1,0,2026-09-17,11,4,0,0,0,ac,1,1.26,4
1,0,2026-09-17,5,4,0,0,0,luxury,1,1.26,3
1,0,2026-09-17,5,4,0,0,0,normal,1,1.26,1
15,1,2026-09-17,17,4,0,0,0,ac,1,1.05,4
1,0,2026-09-17,6,4,0,0,0,ac,1,1.26,4
1,0,2026-09-17,6,4,0,0,0,semi_luxury,1,1.26,2
1,0,2026-09-17,7,4,0,0,0,luxury,1,1.26,3
1,0,2026-09-17,7,4,0,0,0,semi_luxury,1,1.26,2
1,0,2026-09-17,8,4,0,0,0,luxury,1,1.26,3
1,0,2026-09-17,8,4,0,0,0,normal,2,1.26,1
1,0,2026-09-17,8,4,0,0,0,semi_luxury,3,1.26,2
1,0,2026-09-17,9,4,0,0,0,normal,1,1.26,1
1,0,2026-09-17,6,4,0,0,0,normal,3,1.26,1
15,1,2026-09-17,18,4,0,0,0,semi_luxury,1,1.05,2
15,1,2026-09-17,19,4,0,0,0,normal,1,1.05,1
15,1,2026-09-17,20,4,0,0,0,normal,1,1.05,1
1,2,2026-09-17,8,4,0,0,0,normal,1,1.03,1
1,2,2026-09-17,8,4,0,0,0,semi_luxury,1,1.03,2
1,2,2026-09-17,9,4,0,0,0,normal,1,1.03,1
1,2,2026-09-17,9,4,0,0,0,semi_luxury,1,1.03,2
1,2,2026-09-17,10,4,0,0,0,luxury,1,1.03,3
1,1,2026-09-17,16,4,0,0,0,normal,1,1.07,1
1,2,2026-09-17,13,4,0,0,0,normal,1,1.03,1
1,2,2026-09-17,21,4,0,0,0,semi_luxury,1,1.03,2
1,0,2026-09-17,14,4,0,0,0,semi_luxury,1,1.26,2
1,0,2026-09-17,14,4,0,0,0,luxury,1,1.26,3
1,0,2026-09-17,13,4,0,0,0,semi_luxury,2,1.26,2
1,0,2026-09-17,12,4,0,0,0,semi_luxury,1,1.26,2
1,0,2026-09-17,12,4,0,0,0,normal,2,1.26,1
1,0,2026-09-17,11,4,0,0,0,normal,1,1.26,1
2,2,2026-09-17,21,4,0,0,0,luxury,1,1.02,3
2,2,2026-09-17,17,4,0,0,0,normal,1,1.02,1
1,1,2026-09-17,18,4,0,0,0,semi_luxury,2,1.07,2
1,2,2026-09-17,7,4,0,0,0,luxury,1,1.03,3
1,2,2026-09-17,10,4,0,0,0,semi_luxury,1,1.03,2
2,1,2026-09-17,6,4,0,0,0,normal,1,1.11,1
2,0,2026-09-17,11,4,0,0,0,normal,1,1.14,1
2,0,2026-09-17,9,4,0,0,0,ac,1,1.14,4
2,0,2026-09-17,8,4,0,0,0,semi_luxury,1,1.14,2
2,0,2026-09-17,7,4,0,0,0,normal,1,1.14,1
2,0,2026-09-17,13,4,0,0,0,luxury,1,1.14,3
2,0,2026-09-17,13,4,0,0,0,semi_luxury,2,1.14,2
2,0,2026-09-17,15,4,0,0,0,normal,1,1.14,1
2,0,2026-09-17,17,4,0,0,0,luxury,1,1.14,3
2,0,2026-09-17,18,4,0,0,0,semi_luxury,1,1.14,2
2,0,2026-09-17,9,4,0,0,0,semi_luxury,1,1.14,2
2,0,2026-09-17,19,4,0,0,0,semi_luxury,1,1.14,2
2,0,2026-09-17,19,4,0,0,0,luxury,1,1.14,3
2,0,2026-09-17,20,4,0,0,0,luxury,1,1.14,3
2,0,2026-09-17,6,4,0,0,0,semi_luxury,1,1.14,2
2,0,2026-09-17,6,4,0,0,0,normal,1,1.14,1
2,0,2026-09-17,20,4,0,0,0,ac,1,1.14,4
2,0,2026-09-17,10,4,0,0,0,ac,1,1.14,4
2,2,2026-09-18,20,5,0,0,0,normal,1,1.05,1
1,0,2026-09-18,17,5,0,0,0,luxury,1,1.35,3
1,0,2026-09-18,16,5,0,0,0,semi_luxury,1,1.35,2
1,0,2026-09-18,16,5,0,0,0,normal,1,1.35,1
1,0,2026-09-18,15,5,0,0,0,semi_luxury,1,1.35,2
2,2,2026-09-18,20,5,0,0,0,luxury,1,1.05,3
2,2,2026-09-18,17,5,0,0,0,ac,1,1.05,4
2,2,2026-09-18,16,5,0,0,0,semi_luxury,1,1.05,2
1,0,2026-09-18,15,5,0,0,0,normal,2,1.35,1
2,3,2026-09-18,19,5,0,0,0,ac,1,1.0,4
2,2,2026-09-18,10,5,0,0,0,normal,1,1.05,1
2,0,2026-09-18,21,5,0,0,0,luxury,1,1.15,3
1,0,2026-09-18,15,5,0,0,0,ac,3,1.35,4
2,0,2026-09-18,20,5,0,0,0,semi_luxury,1,1.15,2
2,0,2026-09-18,20,5,0,0,0,normal,1,1.15,1
15,1,2026-09-18,20,5,0,0,0,ac,1,1.07,4
15,1,2026-09-18,18,5,0,0,0,normal,1,1.07,1
2,0,2026-09-18,19,5,0,0,0,semi_luxury,1,1.15,2
2,0,2026-09-18,19,5,0,0,0,normal,1,1.15,1
2,2,2026-09-18,15,5,0,0,0,luxury,1,1.05,3
1,0,2026-09-18,12,5,0,0,0,semi_luxury,2,1.35,2
1,0,2026-09-18,9,5,0,0,0,semi_luxury,1,1.35,2
1,0,2026-09-18,10,5,0,0,0,semi_luxury,1,1.35,2
1,2,2026-09-18,20,5,0,0,0,luxury,1,1.09,3
1,2,2026-09-18,15,5,0,0,0,ac,1,1.09,4
15,2,2026-09-18,16,5,0,0,0,semi_luxury,1,1.04,2
2,0,2026-09-18,21,5,0,0,0,normal,1,1.15,1
15,3,2026-09-18,19,5,0,0,0,normal,1,1.06,1
15,3,2026-09-18,13,5,0,0,0,normal,1,1.06,1
15,3,2026-09-18,11,5,0,0,0,semi_luxury,1,1.06,2
15,3,2026-09-18,7,5,0,0,0,normal,1,1.06,1
2,3,2026-09-18,7,5,0,0,0,normal,1,1.0,1
2,3,2026-09-18,16,5,0,0,0,luxury,1,1.0,3
2,3,2026-09-18,18,5,0,0,0,normal,1,1.0,1
2,3,2026-09-18,21,5,0,0,0,luxury,1,1.0,3
1,0,2026-09-18,6,5,0,0,0,luxury,1,1.35,3
1,0,2026-09-18,6,5,0,0,0,normal,1,1.35,1
15,0,2026-09-18,21,5,0,0,0,semi_luxury,1,1.13,2
15,0,2026-09-18,20,5,0,0,0,luxury,1,1.13,3
15,0,2026-09-18,18,5,0,0,0,ac,1,1.13,4
15,0,2026-09-18,16,5,0,0,0,luxury,1,1.13,3
15,0,2026-09-18,15,5,0,0,0,semi_luxury,1,1.13,2
15,0,2026-09-18,15,5,0,0,0,ac,1,1.13,4
15,0,2026-09-18,14,5,0,0,0,ac,1,1.13,4
15,0,2026-09-18,13,5,0,0,0,semi_luxury,1,1.13,2
15,0,2026-09-18,12,5,0,0,0,semi_luxury,1,1.13,2
15,0,2026-09-18,11,5,0,0,0,normal,1,1.13,1
15,0,2026-09-18,11,5,0,0,0,ac,1,1.13,4
15,0,2026-09-18,10,5,0,0,0,normal,1,1.13,1
15,0,2026-09-18,8,5,0,0,0,luxury,1,1.13,3
2,0,2026-09-18,19,5,0,0,0,luxury,1,1.15,3
1,0,2026-09-18,10,5,0,0,0,normal,1,1.35,1
1,0,2026-09-18,11,5,0,0,0,luxury,1,1.35,3
1,2,2026-09-18,18,5,0,0,0,semi_luxury,1,1.09,2
2,0,2026-09-18,19,5,0,0,0,ac,1,1.15,4
2,0,2026-09-18,17,5,0,0,0,normal,1,1.15,1
2,1,2026-09-18,16,5,0,0,0,luxury,1,1.06,3
2,1,2026-09-18,17,5,0,0,0,normal,1,1.06,1
2,1,2026-09-18,20,5,0,0,0,ac,1,1.06,4
15,2,2026-09-18,17,5,0,0,0,luxury,1,1.04,3
2,0,2026-09-18,18,5,0,0,0,semi_luxury,2,1.15,2
1,1,2026-09-18,9,5,0,0,0,ac,1,1.13,4
1,1,2026-09-18,15,5,0,0,0,semi_luxury,1,1.13,2
1,1,2026-09-18,16,5,0,0,0,luxury,1,1.13,3
1,1,2026-09-18,16,5,0,0,0,normal,1,1.13,1
1,1,2026-09-18,19,5,0,0,0,ac,1,1.13,4
1,1,2026-09-18,20,5,0,0,0,semi_luxury,1,1.13,2
1,0,2026-09-18,21,5,0,0,0,normal,3,1.35,1
1,3,2026-09-18,8,5,0,0,0,normal,1,1.07,1
1,3,2026-09-18,10,5,0,0,0,normal,1,1.07,1
1,3,2026-09-18,14,5,0,0,0,semi_luxury,1,1.07,2
1,2,2026-09-18,18,5,0,0,0,normal,1,1.09,1
1,0,2026-09-18,20,5,0,0,0,semi_luxury,2,1.35,2
1,0,2026-09-18,21,5,0,0,0,ac,1,1.35,4
2,0,2026-09-18,15,5,0,0,0,normal,2,1.15,1
2,0,2026-09-18,16,5,0,0,0,luxury,2,1.15,3
2,0,2026-09-18,10,5,0,0,0,normal,1,1.15,1
2,0,2026-09-18,8,5,0,0,0,luxury,1,1.15,3
1,0,2026-09-18,17,5,0,0,0,semi_luxury,3,1.35,2
1,0,2026-09-18,18,5,0,0,0,ac,2,1.35,4
1,0,2026-09-18,18,5,0,0,0,normal,1,1.35,1
1,0,2026-09-18,19,5,0,0,0,ac,1,1.35,4
2,0,2026-09-18,7,5,0,0,0,semi_luxury,1,1.15,2
1,0,2026-09-18,20,5,0,0,0,normal,1,1.35,1
2,0,2026-09-18,16,5,0,0,0,normal,1,1.15,1
2,0,2026-09-18,17,5,0,0,0,ac,1,1.15,4
1,0,2026-09-18,19,5,0,0,0,normal,1,1.35,1
1,0,2026-09-18,19,5,0,0,0,semi_luxury,2,1.35,2
2,0,2026-09-19,10,6,1,0,0,semi_luxury,1,1.18,2
2,3,2026-09-19,7,6,1,0,0,normal,1,1.07,1
15,3,2026-09-19,10,6,1,0,0,luxury,1,1.03,3
15,3,2026-09-19,10,6,1,0,0,normal,1,1.03,1
2,0,2026-09-19,20,6,1,0,0,semi_luxury,1,1.18,2
2,0,2026-09-19,19,6,1,0,0,semi_luxury,1,1.18,2
2,0,2026-09-19,19,6,1,0,0,normal,1,1.18,1
2,0,2026-09-19,16,6,1,0,0,semi_luxury,1,1.18,2
2,0,2026-09-19,10,6,1,0,0,normal,1,1.18,1
2,0,2026-09-19,14,6,1,0,0,semi_luxury,1,1.18,2
2,0,2026-09-19,11,6,1,0,0,semi_luxury,1,1.18,2
15,3,2026-09-19,5,6,1,0,0,normal,2,1.03,1
2,0,2026-09-19,8,6,1,0,0,ac,1,1.18,4
2,0,2026-09-19,9,6,1,0,0,luxury,1,1.18,3
2,0,2026-09-19,9,6,1,0,0,semi_luxury,1,1.18,2
2,0,2026-09-19,10,6,1,0,0,ac,1,1.18,4
2,0,2026-09-19,18,6,1,0,0,normal,1,1.18,1
15,3,2026-09-19,5,6,1,0,0,luxury,1,1.03,3
1,0,2026-09-19,19,6,1,0,0,semi_luxury,1,1.28,2
2,3,2026-09-19,8,6,1,0,0,normal,1,1.07,1
1,0,2026-09-19,5,6,1,0,0,semi_luxury,1,1.28,2
1,0,2026-09-19,7,6,1,0,0,semi_luxury,2,1.28,2
1,0,2026-09-19,8,6,1,0,0,ac,1,1.28,4
1,0,2026-09-19,8,6,1,0,0,normal,2,1.28,1
1,0,2026-09-19,9,6,1,0,0,ac,1,1.28,4
1,0,2026-09-19,9,6,1,0,0,normal,2,1.28,1
1,0,2026-09-19,10,6,1,0,0,ac,1,1.28,4
1,0,2026-09-19,13,6,1,0,0,luxury,1,1.28,3
1,0,2026-09-19,13,6,1,0,0,normal,1,1.28,1
1,0,2026-09-19,14,6,1,0,0,semi_luxury,2,1.28,2
1,0,2026-09-19,15,6,1,0,0,luxury,1,1.28,3
1,0,2026-09-19,16,6,1,0,0,semi_luxury,1,1.28,2
1,0,2026-09-19,17,6,1,0,0,luxury,2,1.28,3
1,0,2026-09-19,19,6,1,0,0,luxury,1,1.28,3
1,0,2026-09-19,19,6,1,0,0,normal,2,1.28,1
2,3,2026-09-19,15,6,1,0,0,semi_luxury,1,1.07,2
1,0,2026-09-19,20,6,1,0,0,semi_luxury,1,1.28,2
2,3,2026-09-19,15,6,1,0,0,normal,1,1.07,1
2,3,2026-09-19,14,6,1,0,0,luxury,1,1.07,3
2,3,2026-09-19,8,6,1,0,0,ac,1,1.07,4
1,0,2026-09-19,13,6,1,0,0,semi_luxury,1,1.28,2
1,0,2026-09-19,20,6,1,0,0,ac,1,1.28,4
1,2,2026-09-19,8,6,1,0,0,ac,1,1.12,4
2,2,2026-09-19,15,6,1,0,0,ac,1,1.06,4
2,2,2026-09-19,12,6,1,0,0,luxury,1,1.06,3
2,2,2026-09-19,9,6,1,0,0,normal,1,1.06,1
2,2,2026-09-19,8,6,1,0,0,semi_luxury,1,1.06,2
2,2,2026-09-19,6,6,1,0,0,semi_luxury,1,1.06,2
2,2,2026-09-19,5,6,1,0,0,normal,1,1.06,1
1,3,2026-09-19,17,6,1,0,0,normal,2,1.05,1
1,3,2026-09-19,15,6,1,0,0,luxury,1,1.05,3
1,3,2026-09-19,10,6,1,0,0,semi_luxury,1,1.05,2
1,3,2026-09-19,8,6,1,0,0,luxury,1,1.05,3
1,3,2026-09-19,5,6,1,0,0,ac,1,1.05,4
15,1,2026-09-19,11,6,1,0,0,semi_luxury,1,1.02,2
15,1,2026-09-19,10,6,1,0,0,normal,1,1.02,1
1,1,2026-09-19,13,6,1,0,0,semi_luxury,1,1.09,2
1,1,2026-09-19,11,6,1,0,0,luxury,1,1.09,3
1,1,2026-09-19,8,6,1,0,0,semi_luxury,1,1.09,2
1,1,2026-09-19,7,6,1,0,0,normal,1,1.09,1
2,1,2026-09-19,6,6,1,0,0,normal,1,1.05,1
2,1,2026-09-19,7,6,1,0,0,normal,1,1.05,1
2,1,2026-09-19,9,6,1,0,0,semi_luxury,1,1.05,2
2,1,2026-09-19,12,6,1,0,0,semi_luxury,1,1.05,2
2,1,2026-09-19,16,6,1,0,0,ac,1,1.05,4
2,1,2026-09-19,16,6,1,0,0,normal,2,1.05,1
1,2,2026-09-19,7,6,1,0,0,semi_luxury,1,1.12,2
2,1,2026-09-19,17,6,1,0,0,luxury,1,1.05,3
15,2,2026-09-19,16,6,1,0,0,ac,1,1.08,4
15,2,2026-09-19,16,6,1,0,0,normal,1,1.08,1
15,2,2026-09-19,18,6,1,0,0,semi_luxury,1,1.08,2
15,1,2026-09-19,7,6,1,0,0,semi_luxury,1,1.02,2
1,1,2026-09-19,5,6,1,0,0,ac,1,1.09,4
1,1,2026-09-19,5,6,1,0,0,luxury,1,1.09,3
15,2,2026-09-19,15,6,1,0,0,semi_luxury,1,1.08,2
15,0,2026-09-19,5,6,1,0,0,ac,1,1.17,4
15,0,2026-09-19,6,6,1,0,0,normal,1,1.17,1
15,0,2026-09-19,7,6,1,0,0,normal,1,1.17,1
1,2,2026-09-19,13,6,1,0,0,semi_luxury,1,1.12,2
1,2,2026-09-19,14,6,1,0,0,luxury,2,1.12,3
1,2,2026-09-19,16,6,1,0,0,semi_luxury,1,1.12,2
1,2,2026-09-19,19,6,1,0,0,luxury,1,1.12,3
2,0,2026-09-19,7,6,1,0,0,semi_luxury,2,1.18,2
2,0,2026-09-19,7,6,1,0,0,ac,1,1.18,4
2,0,2026-09-19,6,6,1,0,0,semi_luxury,1,1.18,2
15,0,2026-09-19,5,6,1,0,0,semi_luxury,1,1.17,2
2,0,2026-09-19,5,6,1,0,0,normal,1,1.18,1
15,0,2026-09-19,20,6,1,0,0,luxury,1,1.17,3
15,0,2026-09-19,17,6,1,0,0,luxury,2,1.17,3
15,0,2026-09-19,15,6,1,0,0,ac,1,1.17,4
2,0,2026-09-19,5,6,1,0,0,semi_luxury,2,1.18,2
15,0,2026-09-19,10,6,1,0,0,semi_luxury,1,1.17,2
15,0,2026-09-19,8,6,1,0,0,luxury,1,1.17,3
15,0,2026-09-19,8,6,1,0,0,ac,1,1.17,4
15,0,2026-09-19,12,6,1,0,0,normal,1,1.17,1
15,0,2026-09-19,9,6,1,0,0,semi_luxury,1,1.17,2
15,0,2026-09-19,13,6,1,0,0,ac,1,1.17,4
1,0,2026-09-20,20,7,1,0,0,luxury,1,1.27,3
15,2,2026-09-20,19,7,1,0,0,semi_luxury,1,1.04,2
1,0,2026-09-20,9,7,1,0,0,ac,1,1.27,4
15,2,2026-09-20,5,7,1,0,0,ac,1,1.04,4
1,0,2026-09-20,9,7,1,0,0,luxury,4,1.27,3
1,0,2026-09-20,10,7,1,0,0,luxury,1,1.27,3
1,0,2026-09-20,10,7,1,0,0,normal,2,1.27,1
1,0,2026-09-20,11,7,1,0,0,ac,1,1.27,4
1,0,2026-09-20,15,7,1,0,0,luxury,1,1.27,3
1,0,2026-09-20,14,7,1,0,0,normal,1,1.27,1
15,2,2026-09-20,8,7,1,0,0,luxury,1,1.04,3
1,0,2026-09-20,7,7,1,0,0,semi_luxury,1,1.27,2
15,2,2026-09-20,10,7,1,0,0,luxury,1,1.04,3
1,0,2026-09-20,7,7,1,0,0,normal,2,1.27,1
1,0,2026-09-20,7,7,1,0,0,luxury,1,1.27,3
1,0,2026-09-20,6,7,1,0,0,normal,1,1.27,1
1,0,2026-09-20,6,7,1,0,0,luxury,1,1.27,3
1,0,2026-09-20,5,7,1,0,0,normal,3,1.27,1
1,0,2026-09-20,5,7,1,0,0,luxury,1,1.27,3
15,2,2026-09-20,6,7,1,0,0,semi_luxury,1,1.04,2
1,0,2026-09-20,5,7,1,0,0,ac,1,1.27,4
1,0,2026-09-20,12,7,1,0,0,luxury,1,1.27,3
15,2,2026-09-20,11,7,1,0,0,normal,1,1.04,1
2,0,2026-09-20,10,7,1,0,0,semi_luxury,1,1.2,2
15,2,2026-09-20,5,7,1,0,0,luxury,1,1.04,3
15,2,2026-09-20,11,7,1,0,0,semi_luxury,1,1.04,2
1,2,2026-09-20,16,7,1,0,0,normal,2,1.04,1
2,0,2026-09-20,9,7,1,0,0,normal,1,1.2,1
2,2,2026-09-20,5,7,1,0,0,normal,1,1.04,1
1,1,2026-09-20,17,7,1,0,0,semi_luxury,1,1.07,2
1,1,2026-09-20,17,7,1,0,0,normal,1,1.07,1
1,1,2026-09-20,15,7,1,0,0,normal,2,1.07,1
1,1,2026-09-20,12,7,1,0,0,luxury,1,1.07,3
1,1,2026-09-20,10,7,1,0,0,luxury,1,1.07,3
1,1,2026-09-20,9,7,1,0,0,normal,1,1.07,1
2,2,2026-09-20,5,7,1,0,0,semi_luxury,1,1.04,2
1,1,2026-09-20,6,7,1,0,0,luxury,1,1.07,3
2,1,2026-09-20,17,7,1,0,0,semi_luxury,1,1.03,2
2,1,2026-09-20,14,7,1,0,0,semi_luxury,1,1.03,2
2,1,2026-09-20,14,7,1,0,0,luxury,1,1.03,3
2,1,2026-09-20,13,7,1,0,0,luxury,1,1.03,3
2,1,2026-09-20,10,7,1,0,0,luxury,1,1.03,3
2,1,2026-09-20,7,7,1,0,0,semi_luxury,1,1.03,2
2,1,2026-09-20,5,7,1,0,0,normal,1,1.03,1
2,1,2026-09-20,18,7,1,0,0,normal,1,1.03,1
2,2,2026-09-20,6,7,1,0,0,normal,1,1.04,1
2,2,2026-09-20,7,7,1,0,0,luxury,1,1.04,3
2,2,2026-09-20,9,7,1,0,0,normal,1,1.04,1
2,0,2026-09-20,9,7,1,0,0,ac,1,1.2,4
2,0,2026-09-20,8,7,1,0,0,semi_luxury,1,1.2,2
2,0,2026-09-20,8,7,1,0,0,normal,2,1.2,1
2,0,2026-09-20,8,7,1,0,0,luxury,2,1.2,3
15,3,2026-09-20,5,7,1,0,0,semi_luxury,1,1.03,2
15,3,2026-09-20,6,7,1,0,0,semi_luxury,1,1.03,2
15,3,2026-09-20,8,7,1,0,0,semi_luxury,1,1.03,2
15,3,2026-09-20,9,7,1,0,0,semi_luxury,1,1.03,2
2,0,2026-09-20,7,7,1,0,0,normal,1,1.2,1
2,0,2026-09-20,6,7,1,0,0,luxury,1,1.2,3
2,0,2026-09-20,5,7,1,0,0,semi_luxury,1,1.2,2
1,2,2026-09-20,6,7,1,0,0,ac,1,1.04,4
1,2,2026-09-20,6,7,1,0,0,luxury,1,1.04,3
1,2,2026-09-20,17,7,1,0,0,semi_luxury,1,1.04,2
1,2,2026-09-20,19,7,1,0,0,luxury,1,1.04,3
1,2,2026-09-20,19,7,1,0,0,normal,1,1.04,1
2,2,2026-09-20,20,7,1,0,0,normal,1,1.04,1
2,0,2026-09-20,10,7,1,0,0,normal,1,1.2,1
2,0,2026-09-20,12,7,1,0,0,normal,1,1.2,1
15,2,2026-09-20,7,7,1,0,0,semi_luxury,1,1.04,2
15,0,2026-09-20,15,7,1,0,0,luxury,1,1.14,3
15,1,2026-09-20,9,7,1,0,0,semi_luxury,1,1.05,2
15,1,2026-09-20,12,7,1,0,0,semi_luxury,1,1.05,2
2,3,2026-09-20,12,7,1,0,0,normal,1,1.06,1
2,3,2026-09-20,9,7,1,0,0,luxury,1,1.06,3
2,3,2026-09-20,8,7,1,0,0,ac,1,1.06,4
2,3,2026-09-20,7,7,1,0,0,normal,1,1.06,1
2,3,2026-09-20,5,7,1,0,0,normal,1,1.06,1
15,1,2026-09-20,7,7,1,0,0,normal,1,1.05,1
1,3,2026-09-20,8,7,1,0,0,normal,1,1.13,1
1,3,2026-09-20,13,7,1,0,0,luxury,1,1.13,3
1,3,2026-09-20,18,7,1,0,0,normal,1,1.13,1
15,0,2026-09-20,5,7,1,0,0,luxury,1,1.14,3
1,3,2026-09-20,8,7,1,0,0,luxury,1,1.13,3
1,3,2026-09-20,7,7,1,0,0,luxury,1,1.13,3
1,3,2026-09-20,6,7,1,0,0,normal,3,1.13,1
1,3,2026-09-20,6,7,1,0,0,luxury,1,1.13,3
1,3,2026-09-20,9,7,1,0,0,ac,1,1.13,4
15,1,2026-09-20,7,7,1,0,0,luxury,1,1.05,3
2,3,2026-09-20,9,7,1,0,0,normal,2,1.06,1
2,0,2026-09-20,13,7,1,0,0,semi_luxury,2,1.2,2
15,0,2026-09-20,6,7,1,0,0,luxury,1,1.14,3
15,0,2026-09-20,7,7,1,0,0,normal,1,1.14,1
15,0,2026-09-20,9,7,1,0,0,normal,1,1.14,1
15,0,2026-09-20,9,7,1,0,0,semi_luxury,1,1.14,2
15,0,2026-09-20,10,7,1,0,0,normal,1,1.14,1
2,0,2026-09-20,18,7,1,0,0,semi_luxury,2,1.2,2
2,3,2026-09-20,15,7,1,0,0,semi_luxury,1,1.06,2
2,3,2026-09-20,14,7,1,0,0,semi_luxury,1,1.06,2
15,0,2026-09-20,11,7,1,0,0,luxury,1,1.14,3
15,0,2026-09-20,15,7,1,0,0,semi_luxury,1,1.14,2
2,3,2026-09-20,13,7,1,0,0,normal,1,1.06,1
2,3,2026-09-20,13,7,1,0,0,luxury,1,1.06,3
15,0,2026-09-20,12,7,1,0,0,semi_luxury,1,1.14,2
2,3,2026-09-20,13,7,1,0,0,semi_luxury,1,1.06,2
15,0,2026-09-20,17,7,1,0,0,normal,1,1.14,1
15,0,2026-09-20,19,7,1,0,0,normal,1,1.14,1
1,3,2026-09-21,20,1,0,0,0,semi_luxury,1,1.04,2
1,3,2026-09-21,20,1,0,0,0,luxury,1,1.04,3
1,3,2026-09-21,16,1,0,0,0,ac,1,1.04,4
1,3,2026-09-21,14,1,0,0,0,normal,1,1.04,1
1,3,2026-09-21,7,1,0,0,0,normal,1,1.04,1
1,3,2026-09-21,6,1,0,0,0,semi_luxury,1,1.04,2
2,1,2026-09-21,7,1,0,0,0,normal,1,1.12,1
1,3,2026-09-21,4,1,0,0,0,normal,1,1.04,1
1,3,2026-09-21,4,1,0,0,0,luxury,1,1.04,3
2,1,2026-09-21,5,1,0,0,0,normal,1,1.12,1
2,1,2026-09-21,6,1,0,0,0,normal,1,1.12,1
2,1,2026-09-21,16,1,0,0,0,ac,1,1.12,4
1,0,2026-09-21,19,1,0,0,0,semi_luxury,1,1.36,2
1,0,2026-09-21,17,1,0,0,0,normal,1,1.36,1
2,0,2026-09-21,12,1,0,0,0,luxury,1,1.24,3
1,0,2026-09-21,9,1,0,0,0,semi_luxury,2,1.36,2
15,0,2026-09-21,10,1,0,0,0,normal,1,1.19,1
15,0,2026-09-21,9,1,0,0,0,normal,2,1.19,1
15,0,2026-09-21,8,1,0,0,0,semi_luxury,3,1.19,2
15,0,2026-09-21,8,1,0,0,0,luxury,3,1.19,3
15,0,2026-09-21,7,1,0,0,0,normal,1,1.19,1
15,0,2026-09-21,5,1,0,0,0,semi_luxury,1,1.19,2
15,0,2026-09-21,11,1,0,0,0,ac,1,1.19,4
15,0,2026-09-21,4,1,0,0,0,normal,1,1.19,1
1,2,2026-09-21,6,1,0,0,0,normal,1,1.08,1
1,2,2026-09-21,7,1,0,0,0,normal,1,1.08,1
1,2,2026-09-21,7,1,0,0,0,semi_luxury,1,1.08,2
1,2,2026-09-21,12,1,0,0,0,semi_luxury,1,1.08,2
1,2,2026-09-21,16,1,0,0,0,luxury,1,1.08,3
1,2,2026-09-21,18,1,0,0,0,normal,1,1.08,1
1,2,2026-09-21,6,1,0,0,0,luxury,1,1.08,3
1,0,2026-09-21,10,1,0,0,0,luxury,1,1.36,3
15,0,2026-09-21,15,1,0,0,0,semi_luxury,1,1.19,2
2,2,2026-09-21,9,1,0,0,0,normal,1,1.08,1
1,0,2026-09-21,9,1,0,0,0,luxury,1,1.36,3
1,0,2026-09-21,9,1,0,0,0,ac,2,1.36,4
1,0,2026-09-21,8,1,0,0,0,semi_luxury,1,1.36,2
1,0,2026-09-21,7,1,0,0,0,semi_luxury,1,1.36,2
1,0,2026-09-21,7,1,0,0,0,luxury,1,1.36,3
2,0,2026-09-21,13,1,0,0,0,semi_luxury,1,1.24,2
15,0,2026-09-21,18,1,0,0,0,semi_luxury,1,1.19,2
1,1,2026-09-21,15,1,0,0,0,semi_luxury,1,1.07,2
2,0,2026-09-21,9,1,0,0,0,semi_luxury,1,1.24,2
2,0,2026-09-21,9,1,0,0,0,normal,2,1.24,1
2,0,2026-09-21,8,1,0,0,0,normal,1,1.24,1
15,3,2026-09-21,4,1,0,0,0,luxury,1,1.12,3
15,3,2026-09-21,16,1,0,0,0,luxury,1,1.12,3
2,2,2026-09-21,8,1,0,0,0,luxury,1,1.08,3
2,0,2026-09-21,10,1,0,0,0,luxury,1,1.24,3
1,1,2026-09-21,14,1,0,0,0,semi_luxury,1,1.07,2
1,3,2026-09-21,6,1,0,0,0,ac,1,1.04,4
2,0,2026-09-21,7,1,0,0,0,luxury,2,1.24,3
1,0,2026-09-21,6,1,0,0,0,normal,2,1.36,1
1,1,2026-09-21,5,1,0,0,0,luxury,1,1.07,3
1,1,2026-09-21,5,1,0,0,0,normal,2,1.07,1
2,0,2026-09-21,4,1,0,0,0,normal,1,1.24,1
2,0,2026-09-21,4,1,0,0,0,semi_luxury,2,1.24,2
2,0,2026-09-21,6,1,0,0,0,normal,1,1.24,1
1,0,2026-09-21,6,1,0,0,0,luxury,1,1.36,3
1,0,2026-09-21,5,1,0,0,0,luxury,1,1.36,3
1,0,2026-09-21,4,1,0,0,0,normal,1,1.36,1
1,0,2026-09-21,4,1,0,0,0,luxury,1,1.36,3
1,0,2026-09-21,7,1,0,0,0,ac,1,1.36,4
1,1,2026-09-21,8,1,0,0,0,luxury,1,1.07,3
2,3,2026-09-21,5,1,0,0,0,ac,1,1.06,4
2,3,2026-09-21,6,1,0,0,0,semi_luxury,1,1.06,2
15,2,2026-09-21,15,1,0,0,0,semi_luxury,2,1.16,2
15,2,2026-09-21,9,1,0,0,0,semi_luxury,1,1.16,2
15,2,2026-09-21,8,1,0,0,0,normal,1,1.16,1
15,2,2026-09-21,7,1,0,0,0,luxury,1,1.16,3
15,2,2026-09-21,5,1,0,0,0,normal,1,1.16,1
15,1,2026-09-21,18,1,0,0,0,semi_luxury,1,1.09,2
2,3,2026-09-21,8,1,0,0,0,ac,1,1.06,4
15,1,2026-09-21,6,1,0,0,0,semi_luxury,1,1.09,2
2,0,2026-09-21,7,1,0,0,0,normal,1,1.24,1
1,2,2026-09-22,21,2,0,0,0,normal,1,1.11,1
1,2,2026-09-22,19,2,0,0,0,semi_luxury,1,1.11,2
15,3,2026-09-22,7,2,0,0,0,normal,1,1.0,1
1,2,2026-09-22,18,2,0,0,0,semi_luxury,2,1.11,2
2,3,2026-09-22,17,2,0,0,0,ac,1,1.04,4
2,0,2026-09-22,21,2,0,0,0,semi_luxury,2,1.18,2
2,0,2026-09-22,5,2,0,0,0,normal,2,1.18,1
15,3,2026-09-22,14,2,0,0,0,semi_luxury,1,1.0,2
2,0,2026-09-22,5,2,0,0,0,semi_luxury,1,1.18,2
1,2,2026-09-22,6,2,0,0,0,ac,1,1.11,4
2,3,2026-09-22,7,2,0,0,0,ac,1,1.04,4
1,2,2026-09-22,7,2,0,0,0,normal,1,1.11,1
1,2,2026-09-22,11,2,0,0,0,ac,1,1.11,4
1,0,2026-09-22,14,2,0,0,0,semi_luxury,1,1.19,2
1,2,2026-09-22,14,2,0,0,0,semi_luxury,1,1.11,2
15,3,2026-09-22,20,2,0,0,0,normal,1,1.0,1
15,0,2026-09-22,18,2,0,0,0,normal,1,1.15,1
15,2,2026-09-22,20,2,0,0,0,ac,1,1.0,4
15,1,2026-09-22,5,2,0,0,0,normal,2,1.04,1
15,2,2026-09-22,6,2,0,0,0,ac,1,1.0,4
15,2,2026-09-22,14,2,0,0,0,semi_luxury,1,1.0,2
15,0,2026-09-22,5,2,0,0,0,normal,1,1.15,1
15,0,2026-09-22,7,2,0,0,0,luxury,1,1.15,3
15,0,2026-09-22,7,2,0,0,0,semi_luxury,1,1.15,2
15,0,2026-09-22,8,2,0,0,0,luxury,2,1.15,3
15,0,2026-09-22,9,2,0,0,0,normal,1,1.15,1
15,0,2026-09-22,10,2,0,0,0,semi_luxury,2,1.15,2
15,0,2026-09-22,11,2,0,0,0,semi_luxury,1,1.15,2
15,0,2026-09-22,13,2,0,0,0,luxury,1,1.15,3
15,0,2026-09-22,17,2,0,0,0,semi_luxury,1,1.15,2
1,0,2026-09-22,16,2,0,0,0,luxury,1,1.19,3
15,0,2026-09-22,19,2,0,0,0,normal,1,1.15,1
15,0,2026-09-22,20,2,0,0,0,luxury,1,1.15,3
15,0,2026-09-22,21,2,0,0,0,normal,1,1.15,1
2,2,2026-09-22,8,2,0,0,0,normal,1,1.03,1
2,2,2026-09-22,5,2,0,0,0,semi_luxury,1,1.03,2
15,2,2026-09-22,16,2,0,0,0,semi_luxury,1,1.0,2
15,3,2026-09-22,21,2,0,0,0,normal,1,1.0,1
1,0,2026-09-22,17,2,0,0,0,normal,1,1.19,1
1,0,2026-09-22,20,2,0,0,0,normal,1,1.19,1
1,0,2026-09-22,18,2,0,0,0,normal,1,1.19,1
1,0,2026-09-22,18,2,0,0,0,luxury,3,1.19,3
1,0,2026-09-22,13,2,0,0,0,ac,1,1.19,4
1,0,2026-09-22,14,2,0,0,0,normal,3,1.19,1
1,3,2026-09-22,11,2,0,0,0,ac,1,1.05,4
2,0,2026-09-22,18,2,0,0,0,semi_luxury,1,1.18,2
2,0,2026-09-22,18,2,0,0,0,normal,1,1.18,1
2,0,2026-09-22,17,2,0,0,0,ac,1,1.18,4
2,0,2026-09-22,14,2,0,0,0,luxury,1,1.18,3
2,0,2026-09-22,9,2,0,0,0,normal,2,1.18,1
1,0,2026-09-22,10,2,0,0,0,normal,1,1.19,1
2,0,2026-09-22,8,2,0,0,0,normal,2,1.18,1
2,1,2026-09-22,13,2,0,0,0,semi_luxury,1,1.04,2
2,1,2026-09-22,5,2,0,0,0,normal,1,1.04,1
1,2,2026-09-22,13,2,0,0,0,luxury,1,1.11,3
2,2,2026-09-22,11,2,0,0,0,ac,1,1.03,4
2,2,2026-09-22,12,2,0,0,0,normal,1,1.03,1
2,2,2026-09-22,14,2,0,0,0,semi_luxury,1,1.03,2
1,1,2026-09-22,10,2,0,0,0,semi_luxury,1,1.11,2
1,1,2026-09-22,8,2,0,0,0,normal,1,1.11,1
2,3,2026-09-22,6,2,0,0,0,normal,1,1.04,1
2,2,2026-09-22,20,2,0,0,0,luxury,1,1.03,3
1,0,2026-09-22,8,2,0,0,0,normal,1,1.19,1
1,0,2026-09-22,11,2,0,0,0,normal,1,1.19,1
1,0,2026-09-22,7,2,0,0,0,luxury,1,1.19,3
1,0,2026-09-22,19,2,0,0,0,ac,1,1.19,4
1,0,2026-09-22,19,2,0,0,0,luxury,1,1.19,3
1,0,2026-09-22,20,2,0,0,0,semi_luxury,1,1.19,2
1,3,2026-09-22,19,2,0,0,0,normal,1,1.05,1
1,3,2026-09-22,18,2,0,0,0,luxury,1,1.05,3
1,0,2026-09-22,7,2,0,0,0,normal,1,1.19,1
1,3,2026-09-22,12,2,0,0,0,semi_luxury,1,1.05,2
2,2,2026-09-22,9,2,0,0,0,ac,1,1.03,4
2,0,2026-09-22,21,2,0,0,0,normal,2,1.18,1
1,0,2026-09-22,6,2,0,0,0,semi_luxury,1,1.19,2
15,1,2026-09-22,21,2,0,0,0,luxury,1,1.04,3
2,0,2026-09-22,20,2,0,0,0,ac,1,1.18,4
1,0,2026-09-22,6,2,0,0,0,normal,2,1.19,1
1,3,2026-09-22,12,2,0,0,0,normal,1,1.05,1
1,0,2026-09-22,5,2,0,0,0,normal,1,1.19,1
2,0,2026-09-23,21,3,0,0,0,luxury,1,1.11,3
1,2,2026-09-23,12,3,0,0,0,luxury,1,1.05,3
1,2,2026-09-23,12,3,0,0,0,semi_luxury,1,1.05,2
2,0,2026-09-23,14,3,0,0,0,semi_luxury,1,1.11,2
1,2,2026-09-23,10,3,0,0,0,normal,1,1.05,1
2,0,2026-09-23,8,3,0,0,0,normal,1,1.11,1
2,0,2026-09-23,16,3,0,0,0,normal,2,1.11,1
1,2,2026-09-23,21,3,0,0,0,semi_luxury,1,1.05,2
2,0,2026-09-23,10,3,0,0,0,semi_luxury,1,1.11,2
2,0,2026-09-23,11,3,0,0,0,semi_luxury,1,1.11,2
2,0,2026-09-23,17,3,0,0,0,luxury,1,1.11,3
2,0,2026-09-23,17,3,0,0,0,semi_luxury,2,1.11,2
2,0,2026-09-23,12,3,0,0,0,normal,1,1.11,1
2,0,2026-09-23,11,3,0,0,0,ac,1,1.11,4
15,3,2026-09-23,6,3,0,0,0,luxury,1,1.08,3
1,2,2026-09-23,9,3,0,0,0,normal,1,1.05,1
1,1,2026-09-23,6,3,0,0,0,ac,1,1.07,4
1,1,2026-09-23,7,3,0,0,0,semi_luxury,1,1.07,2
1,1,2026-09-23,17,3,0,0,0,semi_luxury,2,1.07,2
1,1,2026-09-23,18,3,0,0,0,luxury,1,1.07,3
2,1,2026-09-23,6,3,0,0,0,ac,1,1.09,4
2,1,2026-09-23,14,3,0,0,0,normal,1,1.09,1
2,1,2026-09-23,15,3,0,0,0,semi_luxury,1,1.09,2
1,3,2026-09-23,7,3,0,0,0,semi_luxury,1,1.03,2
1,2,2026-09-23,10,3,0,0,0,luxury,1,1.05,3
1,3,2026-09-23,8,3,0,0,0,semi_luxury,1,1.03,2
1,3,2026-09-23,15,3,0,0,0,semi_luxury,1,1.03,2
15,3,2026-09-23,17,3,0,0,0,ac,1,1.08,4
15,3,2026-09-23,18,3,0,0,0,luxury,2,1.08,3
2,0,2026-09-23,5,3,0,0,0,luxury,1,1.11,3
2,0,2026-09-23,5,3,0,0,0,semi_luxury,1,1.11,2
2,0,2026-09-23,6,3,0,0,0,ac,1,1.11,4
1,2,2026-09-23,5,3,0,0,0,luxury,1,1.05,3
1,2,2026-09-23,6,3,0,0,0,semi_luxury,1,1.05,2
1,3,2026-09-23,9,3,0,0,0,normal,1,1.03,1
2,2,2026-09-23,5,3,0,0,0,luxury,1,1.03,3
2,0,2026-09-23,7,3,0,0,0,semi_luxury,1,1.11,2
2,2,2026-09-23,14,3,0,0,0,semi_luxury,1,1.03,2
1,0,2026-09-23,16,3,0,0,0,ac,1,1.19,4
1,0,2026-09-23,15,3,0,0,0,semi_luxury,1,1.19,2
1,0,2026-09-23,15,3,0,0,0,normal,2,1.19,1
1,0,2026-09-23,15,3,0,0,0,ac,1,1.19,4
1,0,2026-09-23,14,3,0,0,0,normal,1,1.19,1
1,0,2026-09-23,14,3,0,0,0,luxury,1,1.19,3
1,0,2026-09-23,13,3,0,0,0,normal,1,1.19,1
1,0,2026-09-23,11,3,0,0,0,semi_luxury,1,1.19,2
1,0,2026-09-23,11,3,0,0,0,normal,1,1.19,1
1,0,2026-09-23,9,3,0,0,0,semi_luxury,1,1.19,2
1,0,2026-09-23,9,3,0,0,0,normal,1,1.19,1
1,0,2026-09-23,9,3,0,0,0,luxury,1,1.19,3
1,0,2026-09-23,7,3,0,0,0,semi_luxury,1,1.19,2
1,0,2026-09-23,7,3,0,0,0,normal,1,1.19,1
1,0,2026-09-23,6,3,0,0,0,normal,1,1.19,1
1,0,2026-09-23,5,3,0,0,0,normal,1,1.19,1
15,2,2026-09-23,10,3,0,0,0,ac,1,1.09,4
1,0,2026-09-23,16,3,0,0,0,luxury,1,1.19,3
1,0,2026-09-23,17,3,0,0,0,luxury,1,1.19,3
1,0,2026-09-23,18,3,0,0,0,ac,1,1.19,4
1,0,2026-09-23,18,3,0,0,0,luxury,1,1.19,3
2,3,2026-09-23,18,3,0,0,0,luxury,1,1.04,3
2,3,2026-09-23,17,3,0,0,0,semi_luxury,1,1.04,2
2,3,2026-09-23,16,3,0,0,0,ac,1,1.04,4
2,3,2026-09-23,13,3,0,0,0,normal,1,1.04,1
2,0,2026-09-23,6,3,0,0,0,normal,2,1.11,1
2,2,2026-09-23,8,3,0,0,0,normal,1,1.03,1
15,1,2026-09-23,18,3,0,0,0,normal,1,1.0,1
15,1,2026-09-23,13,3,0,0,0,semi_luxury,1,1.0,2
15,2,2026-09-23,7,3,0,0,0,ac,1,1.09,4
15,1,2026-09-23,13,3,0,0,0,normal,1,1.0,1
15,1,2026-09-23,6,3,0,0,0,luxury,1,1.0,3
15,1,2026-09-23,5,3,0,0,0,luxury,1,1.0,3
1,0,2026-09-23,21,3,0,0,0,ac,1,1.19,4
1,0,2026-09-23,20,3,0,0,0,semi_luxury,1,1.19,2
1,0,2026-09-23,20,3,0,0,0,normal,1,1.19,1
1,0,2026-09-23,20,3,0,0,0,ac,1,1.19,4
1,0,2026-09-23,19,3,0,0,0,normal,1,1.19,1
1,0,2026-09-23,19,3,0,0,0,ac,1,1.19,4
15,1,2026-09-23,11,3,0,0,0,semi_luxury,1,1.0,2
15,2,2026-09-23,5,3,0,0,0,ac,1,1.09,4
1,0,2026-09-23,8,3,0,0,0,luxury,1,1.19,3
15,0,2026-09-23,18,3,0,0,0,normal,1,1.13,1
15,0,2026-09-23,18,3,0,0,0,ac,1,1.13,4
15,0,2026-09-23,11,3,0,0,0,luxury,1,1.13,3
15,0,2026-09-23,8,3,0,0,0,semi_luxury,1,1.13,2
15,0,2026-09-23,7,3,0,0,0,semi_luxury,2,1.13,2
15,0,2026-09-23,7,3,0,0,0,luxury,1,1.13,3
15,0,2026-09-23,6,3,0,0,0,normal,1,1.13,1
15,0,2026-09-23,7,3,0,0,0,normal,1,1.13,1
15,0,2026-09-23,18,3,0,0,0,luxury,1,1.13,3
2,2,2026-09-23,21,3,0,0,0,normal,1,1.03,1
2,2,2026-09-23,21,3,0,0,0,ac,1,1.03,4
2,2,2026-09-23,18,3,0,0,0,normal,1,1.03,1
2,0,2026-09-24,14,4,0,0,0,luxury,2,1.14,3
2,0,2026-09-24,15,4,0,0,0,ac,1,1.14,4
2,0,2026-09-24,16,4,0,0,0,semi_luxury,1,1.14,2
2,0,2026-09-24,17,4,0,0,0,ac,1,1.14,4
2,0,2026-09-24,17,4,0,0,0,semi_luxury,1,1.14,2
2,0,2026-09-24,18,4,0,0,0,semi_luxury,1,1.14,2
2,0,2026-09-24,20,4,0,0,0,ac,1,1.14,4
2,0,2026-09-24,21,4,0,0,0,semi_luxury,1,1.14,2
1,0,2026-09-24,13,4,0,0,0,ac,1,1.26,4
1,0,2026-09-24,6,4,0,0,0,semi_luxury,1,1.26,2
1,1,2026-09-24,7,4,0,0,0,ac,1,1.07,4
2,3,2026-09-24,12,4,0,0,0,luxury,1,1.0,3
15,2,2026-09-24,16,4,0,0,0,ac,1,1.02,4
15,1,2026-09-24,7,4,0,0,0,ac,1,1.05,4
15,1,2026-09-24,8,4,0,0,0,ac,1,1.05,4
15,1,2026-09-24,19,4,0,0,0,normal,1,1.05,1
15,2,2026-09-24,20,4,0,0,0,semi_luxury,1,1.02,2
1,1,2026-09-24,8,4,0,0,0,semi_luxury,1,1.07,2
1,0,2026-09-24,7,4,0,0,0,ac,1,1.26,4
1,0,2026-09-24,13,4,0,0,0,luxury,1,1.26,3
1,0,2026-09-24,8,4,0,0,0,normal,1,1.26,1
1,0,2026-09-24,8,4,0,0,0,semi_luxury,1,1.26,2
1,0,2026-09-24,9,4,0,0,0,luxury,2,1.26,3
15,2,2026-09-24,9,4,0,0,0,luxury,1,1.02,3
1,0,2026-09-24,9,4,0,0,0,normal,1,1.26,1
1,0,2026-09-24,9,4,0,0,0,semi_luxury,1,1.26,2
1,2,2026-09-24,8,4,0,0,0,normal,2,1.03,1
1,2,2026-09-24,9,4,0,0,0,normal,1,1.03,1
1,1,2026-09-24,9,4,0,0,0,normal,2,1.07,1
1,2,2026-09-24,17,4,0,0,0,normal,1,1.03,1
2,0,2026-09-24,13,4,0,0,0,normal,1,1.14,1
2,0,2026-09-24,13,4,0,0,0,luxury,1,1.14,3
2,0,2026-09-24,11,4,0,0,0,luxury,1,1.14,3
1,0,2026-09-24,7,4,0,0,0,normal,2,1.26,1
2,0,2026-09-24,10,4,0,0,0,semi_luxury,1,1.14,2
2,0,2026-09-24,9,4,0,0,0,normal,1,1.14,1
2,0,2026-09-24,8,4,0,0,0,normal,1,1.14,1
2,0,2026-09-24,7,4,0,0,0,semi_luxury,1,1.14,2
2,0,2026-09-24,7,4,0,0,0,normal,1,1.14,1
2,0,2026-09-24,5,4,0,0,0,semi_luxury,1,1.14,2
1,0,2026-09-24,21,4,0,0,0,ac,1,1.26,4
1,0,2026-09-24,20,4,0,0,0,normal,2,1.26,1
1,0,2026-09-24,19,4,0,0,0,semi_luxury,1,1.26,2
1,0,2026-09-24,18,4,0,0,0,luxury,1,1.26,3
1,0,2026-09-24,17,4,0,0,0,semi_luxury,1,1.26,2
1,0,2026-09-24,16,4,0,0,0,semi_luxury,1,1.26,2
1,0,2026-09-24,14,4,0,0,0,ac,1,1.26,4
1,0,2026-09-24,13,4,0,0,0,semi_luxury,1,1.26,2
2,0,2026-09-24,9,4,0,0,0,semi_luxury,1,1.14,2
1,1,2026-09-24,11,4,0,0,0,luxury,2,1.07,3
2,1,2026-09-24,10,4,0,0,0,normal,2,1.11,1
1,1,2026-09-24,19,4,0,0,0,normal,1,1.07,1
1,1,2026-09-24,18,4,0,0,0,ac,1,1.07,4
1,0,2026-09-24,5,4,0,0,0,luxury,1,1.26,3
15,0,2026-09-24,20,4,0,0,0,semi_luxury,1,1.14,2
15,0,2026-09-24,17,4,0,0,0,normal,1,1.14,1
15,0,2026-09-24,17,4,0,0,0,luxury,1,1.14,3
1,3,2026-09-24,7,4,0,0,0,semi_luxury,1,1.07,2
1,3,2026-09-24,11,4,0,0,0,normal,1,1.07,1
1,3,2026-09-24,12,4,0,0,0,normal,1,1.07,1
15,0,2026-09-24,16,4,0,0,0,ac,1,1.14,4
15,0,2026-09-24,12,4,0,0,0,normal,1,1.14,1
15,0,2026-09-24,10,4,0,0,0,semi_luxury,1,1.14,2
15,3,2026-09-24,6,4,0,0,0,semi_luxury,1,1.0,2
1,0,2026-09-24,6,4,0,0,0,ac,1,1.26,4
15,3,2026-09-24,9,4,0,0,0,normal,1,1.0,1
15,3,2026-09-24,16,4,0,0,0,normal,1,1.0,1
15,3,2026-09-24,17,4,0,0,0,normal,1,1.0,1
15,3,2026-09-24,19,4,0,0,0,normal,1,1.0,1
1,3,2026-09-24,14,4,0,0,0,semi_luxury,1,1.07,2
1,3,2026-09-24,19,4,0,0,0,normal,1,1.07,1
1,3,2026-09-24,20,4,0,0,0,luxury,1,1.07,3
15,0,2026-09-24,10,4,0,0,0,normal,2,1.14,1
15,0,2026-09-24,10,4,0,0,0,luxury,1,1.14,3
15,0,2026-09-24,9,4,0,0,0,luxury,1,1.14,3
15,0,2026-09-24,5,4,0,0,0,semi_luxury,1,1.14,2
1,0,2026-09-24,11,4,0,0,0,luxury,1,1.26,3
2,2,2026-09-24,20,4,0,0,0,semi_luxury,1,1.02,2
15,3,2026-09-24,12,4,0,0,0,semi_luxury,1,1.0,2
1,0,2026-09-24,6,4,0,0,0,normal,3,1.26,1
1,0,2026-09-24,5,4,0,0,0,semi_luxury,1,1.26,2
1,0,2026-09-24,12,4,0,0,0,normal,1,1.26,1
1,1,2026-09-24,21,4,0,0,0,normal,1,1.07,1
2,1,2026-09-24,5,4,0,0,0,semi_luxury,1,1.11,2
2,1,2026-09-24,15,4,0,0,0,luxury,1,1.11,3
2,1,2026-09-24,16,4,0,0,0,ac,1,1.11,4
15,0,2026-09-25,20,5,0,0,0,normal,1,1.13,1
15,0,2026-09-25,21,5,0,0,0,normal,1,1.13,1
2,3,2026-09-25,21,5,0,0,0,normal,1,1.0,1
1,3,2026-09-25,6,5,0,0,0,normal,1,1.07,1
1,3,2026-09-25,9,5,0,0,0,semi_luxury,1,1.07,2
1,3,2026-09-25,11,5,0,0,0,ac,1,1.07,4
1,3,2026-09-25,15,5,0,0,0,semi_luxury,1,1.07,2
1,3,2026-09-25,17,5,0,0,0,semi_luxury,1,1.07,2
1,3,2026-09-25,18,5,0,0,0,semi_luxury,1,1.07,2
1,3,2026-09-25,20,5,0,0,0,normal,1,1.07,1
1,3,2026-09-25,20,5,0,0,0,semi_luxury,1,1.07,2
1,3,2026-09-25,21,5,0,0,0,normal,1,1.07,1
2,3,2026-09-25,8,5,0,0,0,luxury,1,1.0,3
2,3,2026-09-25,8,5,0,0,0,normal,1,1.0,1
2,3,2026-09-25,20,5,0,0,0,normal,1,1.0,1
2,3,2026-09-25,21,5,0,0,0,luxury,1,1.0,3
2,3,2026-09-25,20,5,0,0,0,semi_luxury,1,1.0,2
15,3,2026-09-25,21,5,0,0,0,normal,1,1.06,1
15,3,2026-09-25,6,5,0,0,0,normal,1,1.06,1
15,0,2026-09-25,16,5,0,0,0,luxury,1,1.13,3
15,2,2026-09-25,6,5,0,0,0,normal,1,1.04,1
15,0,2026-09-25,15,5,0,0,0,semi_luxury,1,1.13,2
15,0,2026-09-25,15,5,0,0,0,luxury,1,1.13,3
15,0,2026-09-25,13,5,0,0,0,normal,1,1.13,1
15,0,2026-09-25,12,5,0,0,0,semi_luxury,1,1.13,2
15,0,2026-09-25,9,5,0,0,0,ac,1,1.13,4
15,2,2026-09-25,15,5,0,0,0,ac,2,1.04,4
15,2,2026-09-25,21,5,0,0,0,ac,1,1.04,4
2,2,2026-09-25,18,5,0,0,0,ac,1,1.05,4
15,0,2026-09-25,16,5,0,0,0,semi_luxury,2,1.13,2
2,1,2026-09-25,17,5,0,0,0,semi_luxury,2,1.06,2
2,1,2026-09-25,15,5,0,0,0,normal,2,1.06,1
2,1,2026-09-25,8,5,0,0,0,normal,1,1.06,1
15,0,2026-09-25,17,5,0,0,0,semi_luxury,1,1.13,2
15,0,2026-09-25,18,5,0,0,0,normal,2,1.13,1
15,1,2026-09-25,16,5,0,0,0,ac,1,1.07,4
15,1,2026-09-25,17,5,0,0,0,ac,1,1.07,4
15,1,2026-09-25,17,5,0,0,0,normal,1,1.07,1
15,1,2026-09-25,21,5,0,0,0,normal,1,1.07,1
15,0,2026-09-25,19,5,0,0,0,normal,1,1.13,1
15,0,2026-09-25,20,5,0,0,0,luxury,1,1.13,3
15,0,2026-09-25,19,5,0,0,0,semi_luxury,1,1.13,2
1,1,2026-09-25,8,5,0,0,0,normal,1,1.13,1
2,0,2026-09-25,18,5,0,0,0,ac,1,1.15,4
1,1,2026-09-25,16,5,0,0,0,luxury,1,1.13,3
1,1,2026-09-25,16,5,0,0,0,normal,1,1.13,1
1,1,2026-09-25,21,5,0,0,0,normal,1,1.13,1
1,1,2026-09-25,21,5,0,0,0,semi_luxury,1,1.13,2
1,0,2026-09-25,13,5,0,0,0,luxury,1,1.35,3
1,0,2026-09-25,15,5,0,0,0,normal,1,1.35,1
1,0,2026-09-25,19,5,0,0,0,normal,1,1.35,1
1,0,2026-09-25,20,5,0,0,0,ac,1,1.35,4
1,0,2026-09-25,20,5,0,0,0,luxury,1,1.35,3
1,0,2026-09-25,20,5,0,0,0,semi_luxury,2,1.35,2
1,0,2026-09-25,21,5,0,0,0,ac,1,1.35,4
1,0,2026-09-25,21,5,0,0,0,normal,1,1.35,1
2,0,2026-09-25,9,5,0,0,0,semi_luxury,1,1.15,2
2,0,2026-09-25,10,5,0,0,0,normal,1,1.15,1
2,0,2026-09-25,12,5,0,0,0,ac,1,1.15,4
2,0,2026-09-25,13,5,0,0,0,normal,1,1.15,1
2,0,2026-09-25,16,5,0,0,0,normal,1,1.15,1
2,0,2026-09-25,17,5,0,0,0,ac,1,1.15,4
2,0,2026-09-25,18,5,0,0,0,luxury,1,1.15,3
2,0,2026-09-25,18,5,0,0,0,normal,1,1.15,1
2,0,2026-09-25,19,5,0,0,0,normal,2,1.15,1
2,0,2026-09-25,19,5,0,0,0,semi_luxury,1,1.15,2
2,0,2026-09-25,21,5,0,0,0,semi_luxury,1,1.15,2
1,1,2026-09-25,13,5,0,0,0,normal,1,1.13,1
1,1,2026-09-25,11,5,0,0,0,normal,1,1.13,1
1,0,2026-09-25,14,5,0,0,0,normal,2,1.35,1
1,2,2026-09-25,16,5,0,0,0,luxury,1,1.09,3
1,2,2026-09-25,16,5,0,0,0,semi_luxury,1,1.09,2
1,2,2026-09-25,17,5,0,0,0,luxury,1,1.09,3
1,2,2026-09-25,17,5,0,0,0,semi_luxury,1,1.09,2
1,2,2026-09-25,18,5,0,0,0,ac,1,1.09,4
1,0,2026-09-25,11,5,0,0,0,ac,1,1.35,4
1,0,2026-09-25,10,5,0,0,0,normal,1,1.35,1
1,0,2026-09-25,8,5,0,0,0,normal,1,1.35,1
1,1,2026-09-25,11,5,0,0,0,ac,1,1.13,4
1,0,2026-09-26,14,6,1,0,0,ac,1,1.28,4
1,0,2026-09-26,12,6,1,0,0,semi_luxury,1,1.28,2
1,0,2026-09-26,12,6,1,0,0,luxury,1,1.28,3
2,0,2026-09-26,19,6,1,0,0,luxury,1,1.18,3
2,0,2026-09-26,19,6,1,0,0,ac,1,1.18,4
2,0,2026-09-26,17,6,1,0,0,ac,1,1.18,4
2,0,2026-09-26,15,6,1,0,0,semi_luxury,1,1.18,2
15,1,2026-09-26,7,6,1,0,0,luxury,1,1.02,3
15,1,2026-09-26,17,6,1,0,0,semi_luxury,1,1.02,2
15,1,2026-09-26,8,6,1,0,0,semi_luxury,1,1.02,2
1,0,2026-09-26,14,6,1,0,0,luxury,1,1.28,3
1,3,2026-09-26,12,6,1,0,0,semi_luxury,1,1.05,2
1,3,2026-09-26,9,6,1,0,0,semi_luxury,1,1.05,2
2,0,2026-09-26,15,6,1,0,0,ac,1,1.18,4
15,3,2026-09-26,13,6,1,0,0,normal,1,1.03,1
15,3,2026-09-26,6,6,1,0,0,semi_luxury,1,1.03,2
1,3,2026-09-26,17,6,1,0,0,semi_luxury,1,1.05,2
1,0,2026-09-26,15,6,1,0,0,luxury,3,1.28,3
1,0,2026-09-26,17,6,1,0,0,semi_luxury,1,1.28,2
1,0,2026-09-26,17,6,1,0,0,normal,1,1.28,1
15,0,2026-09-26,14,6,1,0,0,semi_luxury,1,1.17,2
15,0,2026-09-26,15,6,1,0,0,luxury,1,1.17,3
15,0,2026-09-26,17,6,1,0,0,luxury,1,1.17,3
15,0,2026-09-26,17,6,1,0,0,normal,1,1.17,1
15,0,2026-09-26,20,6,1,0,0,luxury,1,1.17,3
15,0,2026-09-26,12,6,1,0,0,semi_luxury,1,1.17,2
2,0,2026-09-26,10,6,1,0,0,semi_luxury,2,1.18,2
1,0,2026-09-26,9,6,1,0,0,normal,1,1.28,1
15,0,2026-09-26,10,6,1,0,0,semi_luxury,1,1.17,2
15,0,2026-09-26,8,6,1,0,0,semi_luxury,1,1.17,2
15,0,2026-09-26,8,6,1,0,0,luxury,1,1.17,3
15,0,2026-09-26,8,6,1,0,0,ac,1,1.17,4
15,0,2026-09-26,6,6,1,0,0,normal,1,1.17,1
15,0,2026-09-26,5,6,1,0,0,semi_luxury,1,1.17,2
15,0,2026-09-26,5,6,1,0,0,ac,1,1.17,4
1,0,2026-09-26,5,6,1,0,0,luxury,1,1.28,3
15,2,2026-09-26,8,6,1,0,0,normal,1,1.08,1
1,0,2026-09-26,20,6,1,0,0,normal,1,1.28,1
1,0,2026-09-26,18,6,1,0,0,ac,1,1.28,4
1,0,2026-09-26,16,6,1,0,0,semi_luxury,1,1.28,2
2,0,2026-09-26,10,6,1,0,0,normal,1,1.18,1
1,0,2026-09-26,9,6,1,0,0,semi_luxury,1,1.28,2
2,0,2026-09-26,9,6,1,0,0,ac,1,1.18,4
2,0,2026-09-26,9,6,1,0,0,luxury,1,1.18,3
2,2,2026-09-26,6,6,1,0,0,normal,1,1.06,1
2,2,2026-09-26,7,6,1,0,0,normal,1,1.06,1
1,1,2026-09-26,19,6,1,0,0,luxury,1,1.09,3
1,1,2026-09-26,8,6,1,0,0,luxury,1,1.09,3
1,1,2026-09-26,6,6,1,0,0,semi_luxury,2,1.09,2
1,2,2026-09-26,5,6,1,0,0,semi_luxury,1,1.12,2
1,2,2026-09-26,7,6,1,0,0,semi_luxury,2,1.12,2
1,2,2026-09-26,8,6,1,0,0,semi_luxury,1,1.12,2
1,2,2026-09-26,16,6,1,0,0,normal,1,1.12,1
2,2,2026-09-26,9,6,1,0,0,normal,1,1.06,1
2,2,2026-09-26,10,6,1,0,0,normal,1,1.06,1
2,3,2026-09-26,14,6,1,0,0,luxury,1,1.07,3
2,3,2026-09-26,10,6,1,0,0,normal,1,1.07,1
2,3,2026-09-26,7,6,1,0,0,ac,1,1.07,4
2,2,2026-09-26,17,6,1,0,0,normal,1,1.06,1
1,0,2026-09-26,6,6,1,0,0,normal,1,1.28,1
1,0,2026-09-26,6,6,1,0,0,semi_luxury,1,1.28,2
1,0,2026-09-26,7,6,1,0,0,luxury,2,1.28,3
1,0,2026-09-26,7,6,1,0,0,normal,1,1.28,1
1,0,2026-09-26,8,6,1,0,0,normal,1,1.28,1
1,0,2026-09-26,9,6,1,0,0,ac,1,1.28,4
1,0,2026-09-26,9,6,1,0,0,luxury,1,1.28,3
1,0,2026-09-26,6,6,1,0,0,ac,1,1.28,4
2,1,2026-09-26,6,6,1,0,0,semi_luxury,1,1.05,2
1,3,2026-09-26,9,6,1,0,0,normal,1,1.05,1
2,0,2026-09-26,5,6,1,0,0,ac,1,1.18,4
2,1,2026-09-26,10,6,1,0,0,normal,1,1.05,1
2,1,2026-09-26,10,6,1,0,0,semi_luxury,1,1.05,2
2,1,2026-09-26,18,6,1,0,0,semi_luxury,1,1.05,2
1,3,2026-09-26,9,6,1,0,0,luxury,1,1.05,3
1,0,2026-09-26,10,6,1,0,0,luxury,1,1.28,3
2,1,2026-09-26,8,6,1,0,0,luxury,1,1.05,3
1,0,2026-09-27,20,7,1,0,0,normal,1,1.27,1
1,3,2026-09-27,11,7,1,0,0,semi_luxury,1,1.13,2
1,3,2026-09-27,9,7,1,0,0,luxury,1,1.13,3
1,0,2026-09-27,8,7,1,0,0,semi_luxury,1,1.27,2
1,0,2026-09-27,8,7,1,0,0,normal,2,1.27,1
1,0,2026-09-27,7,7,1,0,0,normal,3,1.27,1
2,2,2026-09-27,12,7,1,0,0,luxury,1,1.04,3
1,0,2026-09-27,7,7,1,0,0,semi_luxury,3,1.27,2
1,0,2026-09-27,7,7,1,0,0,luxury,2,1.27,3
1,0,2026-09-27,6,7,1,0,0,luxury,1,1.27,3
2,2,2026-09-27,5,7,1,0,0,semi_luxury,1,1.04,2
1,3,2026-09-27,13,7,1,0,0,semi_luxury,1,1.13,2
1,3,2026-09-27,16,7,1,0,0,normal,1,1.13,1
1,0,2026-09-27,9,7,1,0,0,semi_luxury,3,1.27,2
1,0,2026-09-27,10,7,1,0,0,semi_luxury,1,1.27,2
1,0,2026-09-27,11,7,1,0,0,ac,1,1.27,4
1,0,2026-09-27,13,7,1,0,0,normal,1,1.27,1
1,0,2026-09-27,14,7,1,0,0,normal,1,1.27,1
1,0,2026-09-27,14,7,1,0,0,semi_luxury,1,1.27,2
1,0,2026-09-27,17,7,1,0,0,normal,1,1.27,1
1,0,2026-09-27,18,7,1,0,0,luxury,1,1.27,3
15,2,2026-09-27,6,7,1,0,0,normal,1,1.04,1
15,2,2026-09-27,9,7,1,0,0,semi_luxury,1,1.04,2
1,0,2026-09-27,18,7,1,0,0,semi_luxury,1,1.27,2
1,0,2026-09-27,19,7,1,0,0,ac,1,1.27,4
15,3,2026-09-27,14,7,1,0,0,luxury,1,1.03,3
1,3,2026-09-27,15,7,1,0,0,semi_luxury,1,1.13,2
1,0,2026-09-27,5,7,1,0,0,luxury,1,1.27,3
15,3,2026-09-27,15,7,1,0,0,ac,1,1.03,4
15,3,2026-09-27,7,7,1,0,0,normal,1,1.03,1
2,0,2026-09-27,6,7,1,0,0,luxury,1,1.2,3
2,0,2026-09-27,5,7,1,0,0,luxury,2,1.2,3
15,3,2026-09-27,6,7,1,0,0,ac,1,1.03,4
2,3,2026-09-27,14,7,1,0,0,normal,1,1.06,1
2,3,2026-09-27,13,7,1,0,0,luxury,1,1.06,3
2,1,2026-09-27,17,7,1,0,0,normal,1,1.03,1
2,1,2026-09-27,8,7,1,0,0,semi_luxury,1,1.03,2
2,1,2026-09-27,7,7,1,0,0,luxury,1,1.03,3
2,1,2026-09-27,7,7,1,0,0,ac,1,1.03,4
2,1,2026-09-27,5,7,1,0,0,semi_luxury,1,1.03,2
2,3,2026-09-27,11,7,1,0,0,normal,1,1.06,1
1,1,2026-09-27,20,7,1,0,0,luxury,1,1.07,3
1,1,2026-09-27,18,7,1,0,0,ac,1,1.07,4
1,1,2026-09-27,10,7,1,0,0,semi_luxury,1,1.07,2
1,1,2026-09-27,10,7,1,0,0,ac,1,1.07,4
1,1,2026-09-27,6,7,1,0,0,luxury,1,1.07,3
1,2,2026-09-27,17,7,1,0,0,semi_luxury,1,1.04,2
2,3,2026-09-27,10,7,1,0,0,semi_luxury,1,1.06,2
15,3,2026-09-27,9,7,1,0,0,semi_luxury,1,1.03,2
15,3,2026-09-27,10,7,1,0,0,luxury,1,1.03,3
15,3,2026-09-27,10,7,1,0,0,normal,1,1.03,1
15,3,2026-09-27,10,7,1,0,0,semi_luxury,1,1.03,2
15,3,2026-09-27,13,7,1,0,0,normal,1,1.03,1
2,0,2026-09-27,6,7,1,0,0,normal,1,1.2,1
2,0,2026-09-27,7,7,1,0,0,semi_luxury,1,1.2,2
15,0,2026-09-27,7,7,1,0,0,semi_luxury,2,1.14,2
2,0,2026-09-27,9,7,1,0,0,semi_luxury,1,1.2,2
15,1,2026-09-27,7,7,1,0,0,normal,1,1.05,1
15,1,2026-09-27,9,7,1,0,0,semi_luxury,1,1.05,2
15,0,2026-09-27,7,7,1,0,0,ac,1,1.14,4
15,0,2026-09-27,7,7,1,0,0,normal,2,1.14,1
15,0,2026-09-27,9,7,1,0,0,luxury,1,1.14,3
15,0,2026-09-27,11,7,1,0,0,semi_luxury,1,1.14,2
2,0,2026-09-27,8,7,1,0,0,luxury,2,1.2,3
2,0,2026-09-27,20,7,1,0,0,ac,1,1.2,4
2,0,2026-09-27,19,7,1,0,0,normal,1,1.2,1
2,0,2026-09-27,19,7,1,0,0,luxury,1,1.2,3
2,0,2026-09-27,16,7,1,0,0,semi_luxury,1,1.2,2
2,0,2026-09-27,16,7,1,0,0,normal,1,1.2,1
2,0,2026-09-27,15,7,1,0,0,semi_luxury,1,1.2,2
15,0,2026-09-27,16,7,1,0,0,ac,1,1.14,4
2,0,2026-09-27,10,7,1,0,0,luxury,1,1.2,3
2,0,2026-09-27,10,7,1,0,0,normal,1,1.2,1
2,0,2026-09-27,15,7,1,0,0,ac,1,1.2,4
2,0,2026-09-27,15,7,1,0,0,normal,1,1.2,1
2,3,2026-09-28,6,1,0,0,1,normal,1,1.06,1
15,1,2026-09-28,4,1,0,0,1,semi_luxury,1,1.09,2
15,1,2026-09-28,9,1,0,0,1,luxury,1,1.09,3
15,1,2026-09-28,13,1,0,0,1,semi_luxury,1,1.09,2
15,3,2026-09-28,4,1,0,0,1,semi_luxury,1,1.12,2
15,3,2026-09-28,5,1,0,0,1,luxury,1,1.12,3
2,2,2026-09-28,15,1,0,0,1,luxury,1,1.08,3
2,2,2026-09-28,9,1,0,0,1,luxury,1,1.08,3
2,2,2026-09-28,7,1,0,0,1,normal,1,1.08,1
2,2,2026-09-28,6,1,0,0,1,normal,1,1.08,1
2,2,2026-09-28,4,1,0,0,1,normal,1,1.08,1
2,2,2026-09-28,4,1,0,0,1,ac,1,1.08,4
15,3,2026-09-28,6,1,0,0,1,luxury,1,1.12,3
15,3,2026-09-28,9,1,0,0,1,ac,1,1.12,4
15,1,2026-09-28,20,1,0,0,1,normal,1,1.09,1
15,0,2026-09-28,5,1,0,0,1,normal,2,1.19,1
15,0,2026-09-28,6,1,0,0,1,normal,1,1.19,1
15,0,2026-09-28,7,1,0,0,1,normal,1,1.19,1
15,0,2026-09-28,8,1,0,0,1,ac,1,1.19,4
15,0,2026-09-28,9,1,0,0,1,normal,1,1.19,1
15,0,2026-09-28,4,1,0,0,1,ac,1,1.19,4
15,0,2026-09-28,4,1,0,0,1,semi_luxury,1,1.19,2
15,0,2026-09-28,9,1,0,0,1,semi_luxury,1,1.19,2
2,3,2026-09-28,15,1,0,0,1,normal,1,1.06,1
2,3,2026-09-28,8,1,0,0,1,semi_luxury,1,1.06,2
15,3,2026-09-28,8,1,0,0,1,semi_luxury,1,1.12,2
15,0,2026-09-28,15,1,0,0,1,ac,1,1.19,4
1,0,2026-09-28,4,1,0,0,1,ac,1,1.36,4
1,1,2026-09-28,9,1,0,0,1,semi_luxury,1,1.07,2
1,1,2026-09-28,8,1,0,0,1,luxury,1,1.07,3
1,1,2026-09-28,8,1,0,0,1,normal,1,1.07,1
1,1,2026-09-28,8,1,0,0,1,semi_luxury,1,1.07,2
1,1,2026-09-28,9,1,0,0,1,luxury,1,1.07,3
1,2,2026-09-28,4,1,0,0,1,luxury,1,1.08,3
1,1,2026-09-28,15,1,0,0,1,semi_luxury,1,1.07,2
1,1,2026-09-28,16,1,0,0,1,luxury,1,1.07,3
1,3,2026-09-28,4,1,0,0,1,luxury,1,1.04,3
1,1,2026-09-28,6,1,0,0,1,semi_luxury,1,1.07,2
1,3,2026-09-28,4,1,0,0,1,semi_luxury,2,1.04,2
1,3,2026-09-28,8,1,0,0,1,normal,1,1.04,1
1,3,2026-09-28,12,1,0,0,1,ac,1,1.04,4
15,2,2026-09-28,4,1,0,0,1,luxury,1,1.16,3
1,0,2026-09-28,4,1,0,0,1,luxury,1,1.36,3
1,0,2026-09-28,4,1,0,0,1,semi_luxury,1,1.36,2
1,0,2026-09-28,5,1,0,0,1,semi_luxury,2,1.36,2
1,0,2026-09-28,6,1,0,0,1,ac,2,1.36,4
1,0,2026-09-28,6,1,0,0,1,luxury,1,1.36,3
1,3,2026-09-28,5,1,0,0,1,luxury,1,1.04,3
1,0,2026-09-28,6,1,0,0,1,normal,1,1.36,1
1,2,2026-09-28,15,1,0,0,1,normal,1,1.08,1
1,2,2026-09-28,8,1,0,0,1,normal,1,1.08,1
1,1,2026-09-28,5,1,0,0,1,ac,1,1.07,4
2,1,2026-09-28,4,1,0,0,1,semi_luxury,1,1.12,2
2,1,2026-09-28,10,1,0,0,1,luxury,1,1.12,3
2,1,2026-09-28,20,1,0,0,1,luxury,1,1.12,3
1,2,2026-09-28,6,1,0,0,1,semi_luxury,1,1.08,2
1,2,2026-09-28,7,1,0,0,1,normal,1,1.08,1
2,0,2026-09-28,4,1,0,0,1,ac,1,1.24,4
2,0,2026-09-28,4,1,0,0,1,luxury,1,1.24,3
1,2,2026-09-28,9,1,0,0,1,luxury,1,1.08,3
2,0,2026-09-28,4,1,0,0,1,semi_luxury,1,1.24,2
2,0,2026-09-28,6,1,0,0,1,semi_luxury,2,1.24,2
2,0,2026-09-28,8,1,0,0,1,ac,1,1.24,4
2,0,2026-09-28,9,1,0,0,1,normal,2,1.24,1
2,0,2026-09-28,10,1,0,0,1,ac,1,1.24,4
2,0,2026-09-28,10,1,0,0,1,normal,1,1.24,1
2,0,2026-09-28,20,1,0,0,1,luxury,1,1.24,3
1,1,2026-09-28,6,1,0,0,1,luxury,1,1.07,3
1,2,2026-09-28,8,1,0,0,1,ac,1,1.08,4
2,0,2026-09-28,6,1,0,0,1,normal,1,1.24,1
1,0,2026-09-28,6,1,0,0,1,semi_luxury,1,1.36,2
1,2,2026-09-28,4,1,0,0,1,normal,1,1.08,1
1,0,2026-09-28,7,1,0,0,1,semi_luxury,2,1.36,2
1,0,2026-09-28,17,1,0,0,1,luxury,1,1.36,3
1,0,2026-09-28,17,1,0,0,1,normal,1,1.36,1
1,0,2026-09-28,16,1,0,0,1,semi_luxury,1,1.36,2
1,0,2026-09-28,9,1,0,0,1,normal,1,1.36,1
1,0,2026-09-28,7,1,0,0,1,normal,2,1.36,1
1,0,2026-09-28,9,1,0,0,1,ac,1,1.36,4
1,0,2026-09-28,8,1,0,0,1,semi_luxury,1,1.36,2
1,0,2026-09-28,8,1,0,0,1,normal,1,1.36,1
1,0,2026-09-28,8,1,0,0,1,luxury,1,1.36,3
1,0,2026-09-28,9,1,0,0,1,luxury,2,1.36,3
1,0,2026-09-28,9,1,0,0,1,semi_luxury,3,1.36,2
1,0,2026-09-29,15,2,0,1,1,luxury,1,1.19,3
1,0,2026-09-29,18,2,0,1,1,normal,1,1.19,1
1,0,2026-09-29,18,2,0,1,1,semi_luxury,2,1.19,2
1,0,2026-09-29,21,2,0,1,1,normal,1,1.19,1
1,0,2026-09-29,21,2,0,1,1,semi_luxury,1,1.19,2
1,0,2026-09-29,8,2,0,1,1,semi_luxury,1,1.19,2
1,0,2026-09-29,8,2,0,1,1,normal,1,1.19,1
1,0,2026-09-29,6,2,0,1,1,normal,2,1.19,1
1,0,2026-09-29,13,2,0,1,1,semi_luxury,2,1.19,2
2,0,2026-09-29,7,2,0,1,1,normal,2,1.18,1
2,0,2026-09-29,8,2,0,1,1,semi_luxury,1,1.18,2
2,0,2026-09-29,10,2,0,1,1,luxury,1,1.18,3
2,0,2026-09-29,11,2,0,1,1,ac,1,1.18,4
2,0,2026-09-29,12,2,0,1,1,normal,1,1.18,1
2,0,2026-09-29,13,2,0,1,1,normal,1,1.18,1
1,0,2026-09-29,6,2,0,1,1,semi_luxury,1,1.19,2
15,2,2026-09-29,12,2,0,1,1,normal,1,1.0,1
2,1,2026-09-29,21,2,0,1,1,semi_luxury,1,1.04,2
15,2,2026-09-29,18,2,0,1,1,normal,1,1.0,1
1,0,2026-09-29,10,2,0,1,1,normal,1,1.19,1
1,0,2026-09-29,11,2,0,1,1,ac,1,1.19,4
1,0,2026-09-29,11,2,0,1,1,semi_luxury,1,1.19,2
1,0,2026-09-29,12,2,0,1,1,ac,2,1.19,4
2,1,2026-09-29,7,2,0,1,1,semi_luxury,1,1.04,2
2,1,2026-09-29,12,2,0,1,1,normal,1,1.04,1
2,3,2026-09-29,7,2,0,1,1,normal,1,1.04,1
2,3,2026-09-29,19,2,0,1,1,normal,1,1.04,1
1,0,2026-09-29,12,2,0,1,1,semi_luxury,1,1.19,2
15,2,2026-09-29,16,2,0,1,1,semi_luxury,1,1.0,2
1,0,2026-09-29,13,2,0,1,1,normal,1,1.19,1
15,0,2026-09-29,5,2,0,1,1,normal,1,1.15,1
15,0,2026-09-29,8,2,0,1,1,normal,1,1.15,1
15,0,2026-09-29,9,2,0,1,1,luxury,1,1.15,3
15,0,2026-09-29,11,2,0,1,1,normal,1,1.15,1
15,0,2026-09-29,12,2,0,1,1,normal,1,1.15,1
15,0,2026-09-29,16,2,0,1,1,normal,1,1.15,1
2,1,2026-09-29,16,2,0,1,1,normal,1,1.04,1
2,1,2026-09-29,19,2,0,1,1,normal,2,1.04,1
2,0,2026-09-29,13,2,0,1,1,semi_luxury,1,1.18,2
15,0,2026-09-29,5,2,0,1,1,luxury,1,1.15,3
2,0,2026-09-29,14,2,0,1,1,luxury,1,1.18,3
15,0,2026-09-29,21,2,0,1,1,semi_luxury,1,1.15,2
2,0,2026-09-29,20,2,0,1,1,luxury,1,1.18,3
1,2,2026-09-29,8,2,0,1,1,semi_luxury,2,1.11,2
1,1,2026-09-29,5,2,0,1,1,normal,1,1.11,1
1,1,2026-09-29,6,2,0,1,1,luxury,1,1.11,3
1,1,2026-09-29,9,2,0,1,1,normal,1,1.11,1
1,1,2026-09-29,10,2,0,1,1,luxury,1,1.11,3
1,1,2026-09-29,10,2,0,1,1,normal,1,1.11,1
2,0,2026-09-29,20,2,0,1,1,semi_luxury,1,1.18,2
15,2,2026-09-29,8,2,0,1,1,luxury,1,1.0,3
1,2,2026-09-29,16,2,0,1,1,semi_luxury,1,1.11,2
15,2,2026-09-29,5,2,0,1,1,normal,1,1.0,1
15,1,2026-09-29,19,2,0,1,1,normal,1,1.04,1
2,2,2026-09-29,11,2,0,1,1,semi_luxury,1,1.03,2
2,2,2026-09-29,9,2,0,1,1,normal,1,1.03,1
2,2,2026-09-29,5,2,0,1,1,semi_luxury,1,1.03,2
1,3,2026-09-29,7,2,0,1,1,normal,1,1.05,1
1,3,2026-09-29,11,2,0,1,1,normal,1,1.05,1
1,3,2026-09-29,13,2,0,1,1,ac,1,1.05,4
1,3,2026-09-29,14,2,0,1,1,ac,1,1.05,4
15,0,2026-09-29,5,2,0,1,1,ac,1,1.15,4
2,0,2026-09-29,15,2,0,1,1,normal,1,1.18,1
1,2,2026-09-29,19,2,0,1,1,normal,1,1.11,1
1,2,2026-09-29,21,2,0,1,1,ac,1,1.11,4
1,0,2026-09-29,5,2,0,1,1,ac,1,1.19,4
15,0,2026-09-29,20,2,0,1,1,normal,1,1.15,1
15,3,2026-09-29,20,2,0,1,1,semi_luxury,1,1.0,2
15,3,2026-09-29,10,2,0,1,1,semi_luxury,1,1.0,2
15,3,2026-09-29,8,2,0,1,1,ac,1,1.0,4
15,3,2026-09-29,6,2,0,1,1,semi_luxury,1,1.0,2
1,0,2026-09-29,9,2,0,1,1,normal,1,1.19,1
1,2,2026-09-29,7,2,0,1,1,normal,1,1.11,1
15,1,2026-09-29,14,2,0,1,1,ac,1,1.04,4
15,1,2026-09-29,12,2,0,1,1,luxury,1,1.04,3
15,1,2026-09-29,11,2,0,1,1,ac,1,1.04,4
15,1,2026-09-29,8,2,0,1,1,normal,1,1.04,1
15,1,2026-09-29,7,2,0,1,1,semi_luxury,1,1.04,2
1,1,2026-09-29,16,2,0,1,1,normal,1,1.11,1
1,1,2026-09-29,20,2,0,1,1,ac,1,1.11,4
1,1,2026-09-29,21,2,0,1,1,semi_luxury,1,1.11,2
1,0,2026-09-29,10,2,0,1,1,luxury,1,1.19,3
15,3,2026-09-30,8,3,0,0,1,semi_luxury,1,1.08,2
15,3,2026-09-30,6,3,0,0,1,semi_luxury,1,1.08,2
15,2,2026-09-30,8,3,0,0,1,normal,1,1.09,1
15,3,2026-09-30,11,3,0,0,1,ac,1,1.08,4
15,0,2026-09-30,20,3,0,0,1,semi_luxury,2,1.13,2
15,3,2026-09-30,17,3,0,0,1,normal,1,1.08,1
2,2,2026-09-30,20,3,0,0,1,semi_luxury,1,1.03,2
2,2,2026-09-30,16,3,0,0,1,luxury,1,1.03,3
2,2,2026-09-30,16,3,0,0,1,ac,1,1.03,4
2,2,2026-09-30,12,3,0,0,1,semi_luxury,1,1.03,2
2,2,2026-09-30,9,3,0,0,1,semi_luxury,1,1.03,2
2,2,2026-09-30,9,3,0,0,1,luxury,1,1.03,3
2,2,2026-09-30,5,3,0,0,1,semi_luxury,1,1.03,2
15,0,2026-09-30,21,3,0,0,1,semi_luxury,1,1.13,2
15,0,2026-09-30,20,3,0,0,1,normal,1,1.13,1
15,0,2026-09-30,20,3,0,0,1,luxury,1,1.13,3
15,0,2026-09-30,18,3,0,0,1,normal,1,1.13,1
15,0,2026-09-30,18,3,0,0,1,ac,1,1.13,4
15,0,2026-09-30,16,3,0,0,1,normal,1,1.13,1
15,0,2026-09-30,11,3,0,0,1,luxury,1,1.13,3
15,0,2026-09-30,9,3,0,0,1,ac,1,1.13,4
15,0,2026-09-30,6,3,0,0,1,semi_luxury,1,1.13,2
15,0,2026-09-30,5,3,0,0,1,luxury,1,1.13,3
15,2,2026-09-30,7,3,0,0,1,semi_luxury,1,1.09,2
15,3,2026-09-30,21,3,0,0,1,normal,1,1.08,1
15,3,2026-09-30,15,3,0,0,1,semi_luxury,1,1.08,2
1,2,2026-09-30,11,3,0,0,1,ac,1,1.05,4
1,0,2026-09-30,15,3,0,0,1,semi_luxury,1,1.19,2
15,1,2026-09-30,5,3,0,0,1,semi_luxury,1,1.0,2
2,0,2026-09-30,21,3,0,0,1,ac,1,1.11,4
1,0,2026-09-30,10,3,0,0,1,normal,1,1.19,1
1,0,2026-09-30,9,3,0,0,1,normal,1,1.19,1
1,0,2026-09-30,9,3,0,0,1,luxury,1,1.19,3
1,1,2026-09-30,21,3,0,0,1,luxury,1,1.07,3
1,1,2026-09-30,21,3,0,0,1,ac,1,1.07,4
2,0,2026-09-30,15,3,0,0,1,normal,1,1.11,1
1,1,2026-09-30,9,3,0,0,1,semi_luxury,1,1.07,2
1,1,2026-09-30,7,3,0,0,1,semi_luxury,1,1.07,2
1,1,2026-09-30,7,3,0,0,1,normal,1,1.07,1
1,1,2026-09-30,6,3,0,0,1,semi_luxury,2,1.07,2
1,0,2026-09-30,9,3,0,0,1,ac,1,1.19,4
1,0,2026-09-30,8,3,0,0,1,luxury,1,1.19,3
1,0,2026-09-30,7,3,0,0,1,normal,1,1.19,1
1,1,2026-09-30,9,3,0,0,1,normal,1,1.07,1
2,0,2026-09-30,12,3,0,0,1,semi_luxury,1,1.11,2
2,0,2026-09-30,11,3,0,0,1,luxury,1,1.11,3
2,0,2026-09-30,9,3,0,0,1,luxury,1,1.11,3
1,0,2026-09-30,21,3,0,0,1,normal,1,1.19,1
1,0,2026-09-30,20,3,0,0,1,normal,1,1.19,1
1,0,2026-09-30,19,3,0,0,1,luxury,1,1.19,3
1,0,2026-09-30,18,3,0,0,1,normal,1,1.19,1
1,0,2026-09-30,16,3,0,0,1,semi_luxury,1,1.19,2
15,2,2026-09-30,15,3,0,0,1,normal,1,1.09,1
15,1,2026-09-30,5,3,0,0,1,normal,1,1.0,1
1,0,2026-09-30,15,3,0,0,1,normal,1,1.19,1
1,0,2026-09-30,14,3,0,0,1,ac,1,1.19,4
1,0,2026-09-30,13,3,0,0,1,normal,2,1.19,1
1,0,2026-09-30,12,3,0,0,1,semi_luxury,1,1.19,2
1,0,2026-09-30,11,3,0,0,1,semi_luxury,3,1.19,2
1,0,2026-09-30,11,3,0,0,1,normal,1,1.19,1
2,0,2026-09-30,7,3,0,0,1,ac,1,1.11,4
2,0,2026-09-30,7,3,0,0,1,normal,1,1.11,1
1,0,2026-09-30,7,3,0,0,1,ac,1,1.19,4
1,0,2026-09-30,6,3,0,0,1,semi_luxury,1,1.19,2
1,0,2026-09-30,6,3,0,0,1,normal,1,1.19,1
2,0,2026-09-30,6,3,0,0,1,semi_luxury,1,1.11,2
2,1,2026-09-30,14,3,0,0,1,semi_luxury,1,1.09,2
2,3,2026-09-30,7,3,0,0,1,ac,1,1.04,4
2,3,2026-09-30,7,3,0,0,1,luxury,1,1.04,3
2,3,2026-09-30,15,3,0,0,1,luxury,1,1.04,3
2,3,2026-09-30,16,3,0,0,1,semi_luxury,1,1.04,2
2,3,2026-09-30,20,3,0,0,1,normal,1,1.04,1
2,3,2026-09-30,21,3,0,0,1,ac,1,1.04,4
2,0,2026-09-30,5,3,0,0,1,luxury,1,1.11,3
1,0,2026-09-30,5,3,0,0,1,semi_luxury,2,1.19,2
1,3,2026-09-30,5,3,0,0,1,normal,1,1.03,1
1,3,2026-09-30,5,3,0,0,1,semi_luxury,1,1.03,2
1,3,2026-09-30,7,3,0,0,1,luxury,1,1.03,3
1,2,2026-09-30,8,3,0,0,1,normal,2,1.05,1
1,3,2026-09-30,9,3,0,0,1,luxury,1,1.03,3
1,3,2026-09-30,11,3,0,0,1,semi_luxury,1,1.03,2
1,3,2026-09-30,13,3,0,0,1,semi_luxury,1,1.03,2
1,3,2026-09-30,14,3,0,0,1,normal,1,1.03,1
2,1,2026-09-30,8,3,0,0,1,semi_luxury,1,1.09,2
2,1,2026-09-30,5,3,0,0,1,normal,1,1.09,1
1,2,2026-09-30,15,3,0,0,1,normal,1,1.05,1
15,1,2026-09-30,21,3,0,0,1,semi_luxury,1,1.0,2
15,1,2026-09-30,21,3,0,0,1,luxury,1,1.0,3
15,1,2026-09-30,14,3,0,0,1,normal,1,1.0,1
15,1,2026-09-30,11,3,0,0,1,normal,1,1.0,1
1,0,2026-09-30,5,3,0,0,1,ac,1,1.19,4
1,0,2026-09-30,5,3,0,0,1,luxury,1,1.19,3
1,3,2026-09-30,10,3,0,0,1,semi_luxury,1,1.03,2
2,1,2026-09-30,9,3,0,0,1,normal,1,1.09,1
1,0,2026-10-01,6,4,0,0,0,semi_luxury,1,1.26,2
1,3,2026-10-01,6,4,0,0,0,semi_luxury,1,1.07,2
1,3,2026-10-01,7,4,0,0,0,normal,1,1.07,1
1,3,2026-10-01,9,4,0,0,0,normal,1,1.07,1
1,3,2026-10-01,9,4,0,0,0,semi_luxury,1,1.07,2
1,3,2026-10-01,10,4,0,0,0,semi_luxury,1,1.07,2
1,3,2026-10-01,12,4,0,0,0,semi_luxury,1,1.07,2
1,3,2026-10-01,6,4,0,0,0,ac,1,1.07,4
1,0,2026-10-01,8,4,0,0,0,luxury,1,1.26,3
1,0,2026-10-01,13,4,0,0,0,semi_luxury,1,1.26,2
1,0,2026-10-01,9,4,0,0,0,luxury,2,1.26,3
15,0,2026-10-01,8,4,0,0,0,semi_luxury,2,1.14,2
15,0,2026-10-01,8,4,0,0,0,luxury,1,1.14,3
15,0,2026-10-01,6,4,0,0,0,luxury,2,1.14,3
2,0,2026-10-01,7,4,0,0,0,semi_luxury,1,1.14,2
2,0,2026-10-01,8,4,0,0,0,luxury,1,1.14,3
2,0,2026-10-01,9,4,0,0,0,normal,1,1.14,1
2,0,2026-10-01,10,4,0,0,0,semi_luxury,1,1.14,2
2,0,2026-10-01,11,4,0,0,0,semi_luxury,1,1.14,2
2,0,2026-10-01,12,4,0,0,0,ac,2,1.14,4
2,0,2026-10-01,12,4,0,0,0,normal,1,1.14,1
2,0,2026-10-01,13,4,0,0,0,normal,1,1.14,1
2,0,2026-10-01,16,4,0,0,0,luxury,1,1.14,3
2,0,2026-10-01,16,4,0,0,0,normal,1,1.14,1
2,0,2026-10-01,19,4,0,0,0,normal,1,1.14,1
2,0,2026-10-01,19,4,0,0,0,semi_luxury,2,1.14,2
2,0,2026-10-01,20,4,0,0,0,semi_luxury,1,1.14,2
2,3,2026-10-01,18,4,0,0,0,normal,1,1.0,1
2,3,2026-10-01,16,4,0,0,0,semi_luxury,1,1.0,2
2,3,2026-10-01,13,4,0,0,0,ac,1,1.0,4
2,3,2026-10-01,11,4,0,0,0,ac,1,1.0,4
15,1,2026-10-01,21,4,0,0,0,normal,1,1.05,1
15,1,2026-10-01,19,4,0,0,0,normal,1,1.05,1
15,1,2026-10-01,18,4,0,0,0,luxury,1,1.05,3
15,1,2026-10-01,10,4,0,0,0,semi_luxury,1,1.05,2
15,1,2026-10-01,6,4,0,0,0,normal,1,1.05,1
15,0,2026-10-01,9,4,0,0,0,luxury,1,1.14,3
1,0,2026-10-01,8,4,0,0,0,normal,4,1.26,1
15,0,2026-10-01,9,4,0,0,0,normal,1,1.14,1
15,0,2026-10-01,14,4,0,0,0,semi_luxury,1,1.14,2
1,0,2026-10-01,10,4,0,0,0,semi_luxury,1,1.26,2
1,0,2026-10-01,11,4,0,0,0,luxury,1,1.26,3
1,0,2026-10-01,11,4,0,0,0,normal,1,1.26,1
1,0,2026-10-01,12,4,0,0,0,ac,1,1.26,4
1,0,2026-10-01,12,4,0,0,0,normal,2,1.26,1
1,0,2026-10-01,12,4,0,0,0,semi_luxury,2,1.26,2
1,0,2026-10-01,13,4,0,0,0,ac,1,1.26,4
1,0,2026-10-01,14,4,0,0,0,normal,1,1.26,1
1,0,2026-10-01,14,4,0,0,0,semi_luxury,2,1.26,2
1,0,2026-10-01,16,4,0,0,0,luxury,1,1.26,3
1,0,2026-10-01,18,4,0,0,0,semi_luxury,1,1.26,2
1,0,2026-10-01,19,4,0,0,0,ac,1,1.26,4
1,0,2026-10-01,21,4,0,0,0,normal,1,1.26,1
2,0,2026-10-01,5,4,0,0,0,semi_luxury,2,1.14,2
2,0,2026-10-01,6,4,0,0,0,ac,1,1.14,4
2,0,2026-10-01,6,4,0,0,0,normal,1,1.14,1
2,0,2026-10-01,6,4,0,0,0,semi_luxury,2,1.14,2
2,0,2026-10-01,7,4,0,0,0,normal,1,1.14,1
15,0,2026-10-01,21,4,0,0,0,luxury,1,1.14,3
15,0,2026-10-01,20,4,0,0,0,semi_luxury,1,1.14,2
15,0,2026-10-01,19,4,0,0,0,semi_luxury,1,1.14,2
15,0,2026-10-01,19,4,0,0,0,ac,1,1.14,4
15,0,2026-10-01,17,4,0,0,0,semi_luxury,1,1.14,2
15,0,2026-10-01,17,4,0,0,0,normal,1,1.14,1
15,0,2026-10-01,16,4,0,0,0,normal,1,1.14,1
15,0,2026-10-01,9,4,0,0,0,semi_luxury,1,1.14,2
15,2,2026-10-01,6,4,0,0,0,normal,1,1.02,1
15,1,2026-10-01,20,4,0,0,0,semi_luxury,1,1.05,2
15,2,2026-10-01,9,4,0,0,0,luxury,1,1.02,3
1,2,2026-10-01,21,4,0,0,0,normal,1,1.03,1
15,2,2026-10-01,20,4,0,0,0,semi_luxury,1,1.02,2
15,2,2026-10-01,20,4,0,0,0,luxury,1,1.02,3
15,2,2026-10-01,17,4,0,0,0,ac,1,1.02,4
15,2,2026-10-01,14,4,0,0,0,semi_luxury,1,1.02,2
1,1,2026-10-01,6,4,0,0,0,normal,1,1.07,1
1,1,2026-10-01,9,4,0,0,0,luxury,1,1.07,3
1,1,2026-10-01,12,4,0,0,0,semi_luxury,1,1.07,2
1,1,2026-10-01,14,4,0,0,0,ac,1,1.07,4
1,1,2026-10-01,17,4,0,0,0,normal,1,1.07,1
1,2,2026-10-01,19,4,0,0,0,normal,1,1.03,1
1,1,2026-10-01,18,4,0,0,0,semi_luxury,1,1.07,2
15,2,2026-10-01,7,4,0,0,0,semi_luxury,1,1.02,2
15,3,2026-10-01,16,4,0,0,0,semi_luxury,1,1.0,2
15,3,2026-10-01,18,4,0,0,0,luxury,1,1.0,3
15,3,2026-10-01,21,4,0,0,0,semi_luxury,1,1.0,2
2,2,2026-10-01,6,4,0,0,0,semi_luxury,1,1.02,2
2,2,2026-10-01,9,4,0,0,0,normal,1,1.02,1
2,2,2026-10-01,12,4,0,0,0,normal,1,1.02,1
2,2,2026-10-01,15,4,0,0,0,normal,1,1.02,1
2,2,2026-10-01,16,4,0,0,0,semi_luxury,1,1.02,2
2,2,2026-10-01,19,4,0,0,0,normal,1,1.02,1
15,2,2026-10-01,11,4,0,0,0,semi_luxury,1,1.02,2
1,2,2026-10-01,17,4,0,0,0,semi_luxury,1,1.03,2
1,2,2026-10-01,21,4,0,0,0,semi_luxury,1,1.03,2
1,2,2026-10-01,7,4,0,0,0,luxury,1,1.03,3
1,2,2026-10-01,14,4,0,0,0,semi_luxury,1,1.03,2
1,2,2026-10-01,10,4,0,0,0,ac,1,1.03,4
1,2,2026-10-01,11,4,0,0,0,semi_luxury,1,1.03,2
2,1,2026-10-01,21,4,0,0,0,semi_luxury,1,1.11,2
2,1,2026-10-01,11,4,0,0,0,luxury,1,1.11,3
1,2,2026-10-01,5,4,0,0,0,normal,1,1.03,1
2,1,2026-10-01,6,4,0,0,0,normal,1,1.11,1
2,1,2026-10-01,10,4,0,0,0,normal,1,1.11,1
2,0,2026-10-02,20,5,0,0,0,luxury,1,1.15,3
1,0,2026-10-02,10,5,0,0,0,semi_luxury,1,1.35,2
1,0,2026-10-02,9,5,0,0,0,semi_luxury,2,1.35,2
2,0,2026-10-02,20,5,0,0,0,normal,1,1.15,1
1,0,2026-10-02,11,5,0,0,0,normal,1,1.35,1
2,0,2026-10-02,20,5,0,0,0,semi_luxury,1,1.15,2
2,0,2026-10-02,21,5,0,0,0,ac,1,1.15,4
1,0,2026-10-02,9,5,0,0,0,normal,1,1.35,1
2,0,2026-10-02,19,5,0,0,0,normal,1,1.15,1
15,0,2026-10-02,16,5,0,0,0,ac,1,1.13,4
2,0,2026-10-02,18,5,0,0,0,normal,1,1.15,1
1,0,2026-10-02,9,5,0,0,0,ac,1,1.35,4
1,0,2026-10-02,8,5,0,0,0,semi_luxury,1,1.35,2
1,0,2026-10-02,8,5,0,0,0,ac,1,1.35,4
2,0,2026-10-02,17,5,0,0,0,semi_luxury,3,1.15,2
2,0,2026-10-02,16,5,0,0,0,ac,1,1.15,4
2,2,2026-10-02,11,5,0,0,0,normal,1,1.05,1
2,2,2026-10-02,14,5,0,0,0,semi_luxury,1,1.05,2
2,2,2026-10-02,17,5,0,0,0,semi_luxury,1,1.05,2
2,0,2026-10-02,18,5,0,0,0,semi_luxury,1,1.15,2
2,0,2026-10-02,21,5,0,0,0,normal,1,1.15,1
15,0,2026-10-02,21,5,0,0,0,luxury,1,1.13,3
15,0,2026-10-02,21,5,0,0,0,normal,1,1.13,1
15,0,2026-10-02,13,5,0,0,0,normal,1,1.13,1
15,0,2026-10-02,12,5,0,0,0,semi_luxury,1,1.13,2
15,0,2026-10-02,11,5,0,0,0,normal,2,1.13,1
15,0,2026-10-02,10,5,0,0,0,semi_luxury,1,1.13,2
1,0,2026-10-02,21,5,0,0,0,semi_luxury,3,1.35,2
1,0,2026-10-02,21,5,0,0,0,normal,1,1.35,1
1,0,2026-10-02,21,5,0,0,0,luxury,3,1.35,3
1,0,2026-10-02,21,5,0,0,0,ac,1,1.35,4
1,0,2026-10-02,20,5,0,0,0,semi_luxury,1,1.35,2
1,0,2026-10-02,20,5,0,0,0,luxury,1,1.35,3
1,0,2026-10-02,19,5,0,0,0,normal,2,1.35,1
15,0,2026-10-02,8,5,0,0,0,semi_luxury,1,1.13,2
1,0,2026-10-02,17,5,0,0,0,semi_luxury,1,1.35,2
1,0,2026-10-02,17,5,0,0,0,ac,1,1.35,4
1,0,2026-10-02,16,5,0,0,0,semi_luxury,1,1.35,2
1,0,2026-10-02,16,5,0,0,0,normal,3,1.35,1
1,0,2026-10-02,15,5,0,0,0,luxury,1,1.35,3
1,0,2026-10-02,14,5,0,0,0,semi_luxury,1,1.35,2
1,0,2026-10-02,13,5,0,0,0,luxury,1,1.35,3
1,0,2026-10-02,12,5,0,0,0,ac,1,1.35,4
15,0,2026-10-02,18,5,0,0,0,normal,1,1.13,1
15,0,2026-10-02,18,5,0,0,0,semi_luxury,1,1.13,2
15,0,2026-10-02,20,5,0,0,0,luxury,1,1.13,3
2,0,2026-10-02,21,5,0,0,0,semi_luxury,1,1.15,2
15,0,2026-10-02,7,5,0,0,0,luxury,1,1.13,3
1,0,2026-10-02,7,5,0,0,0,luxury,2,1.35,3
1,3,2026-10-02,16,5,0,0,0,luxury,1,1.07,3
15,1,2026-10-02,13,5,0,0,0,normal,1,1.07,1
15,1,2026-10-02,15,5,0,0,0,luxury,1,1.07,3
15,1,2026-10-02,16,5,0,0,0,normal,1,1.07,1
15,1,2026-10-02,19,5,0,0,0,normal,1,1.07,1
15,1,2026-10-02,21,5,0,0,0,normal,1,1.07,1
1,3,2026-10-02,20,5,0,0,0,semi_luxury,1,1.07,2
1,3,2026-10-02,18,5,0,0,0,normal,1,1.07,1
1,3,2026-10-02,17,5,0,0,0,ac,1,1.07,4
1,3,2026-10-02,16,5,0,0,0,semi_luxury,1,1.07,2
1,3,2026-10-02,16,5,0,0,0,normal,1,1.07,1
2,3,2026-10-02,18,5,0,0,0,normal,1,1.0,1
2,3,2026-10-02,13,5,0,0,0,luxury,1,1.0,3
2,1,2026-10-02,18,5,0,0,0,normal,1,1.06,1
2,1,2026-10-02,17,5,0,0,0,ac,1,1.06,4
2,1,2026-10-02,16,5,0,0,0,normal,1,1.06,1
2,1,2026-10-02,15,5,0,0,0,semi_luxury,1,1.06,2
2,1,2026-10-02,15,5,0,0,0,luxury,1,1.06,3
2,1,2026-10-02,14,5,0,0,0,luxury,1,1.06,3
2,1,2026-10-02,10,5,0,0,0,normal,1,1.06,1
1,2,2026-10-02,16,5,0,0,0,ac,1,1.09,4
1,2,2026-10-02,17,5,0,0,0,normal,1,1.09,1
2,0,2026-10-02,11,5,0,0,0,semi_luxury,1,1.15,2
15,3,2026-10-02,7,5,0,0,0,semi_luxury,1,1.06,2
15,2,2026-10-02,16,5,0,0,0,luxury,1,1.04,3
15,2,2026-10-02,11,5,0,0,0,semi_luxury,1,1.04,2
15,2,2026-10-02,9,5,0,0,0,ac,1,1.04,4
15,2,2026-10-02,7,5,0,0,0,normal,1,1.04,1
1,1,2026-10-02,15,5,0,0,0,ac,1,1.13,4
1,1,2026-10-02,16,5,0,0,0,luxury,1,1.13,3
1,1,2026-10-02,20,5,0,0,0,luxury,1,1.13,3
1,0,2026-10-02,7,5,0,0,0,normal,1,1.35,1
15,3,2026-10-02,16,5,0,0,0,luxury,1,1.06,3
15,3,2026-10-02,15,5,0,0,0,normal,1,1.06,1
15,3,2026-10-02,15,5,0,0,0,semi_luxury,1,1.06,2
2,0,2026-10-02,15,5,0,0,0,semi_luxury,1,1.15,2
2,0,2026-10-03,5,6,1,0,0,semi_luxury,1,1.18,2
2,0,2026-10-03,6,6,1,0,0,normal,1,1.18,1
2,0,2026-10-03,7,6,1,0,0,normal,2,1.18,1
15,2,2026-10-03,8,6,1,0,0,normal,1,1.08,1
2,0,2026-10-03,9,6,1,0,0,normal,1,1.18,1
15,0,2026-10-03,20,6,1,0,0,semi_luxury,3,1.17,2
2,0,2026-10-03,8,6,1,0,0,ac,1,1.18,4
2,3,2026-10-03,7,6,1,0,0,luxury,1,1.07,3
2,0,2026-10-03,15,6,1,0,0,normal,1,1.18,1
15,3,2026-10-03,7,6,1,0,0,normal,1,1.03,1
15,3,2026-10-03,10,6,1,0,0,ac,1,1.03,4
15,3,2026-10-03,11,6,1,0,0,normal,1,1.03,1
2,0,2026-10-03,18,6,1,0,0,semi_luxury,1,1.18,2
15,0,2026-10-03,18,6,1,0,0,normal,1,1.17,1
2,0,2026-10-03,14,6,1,0,0,luxury,1,1.18,3
2,3,2026-10-03,6,6,1,0,0,normal,1,1.07,1
15,0,2026-10-03,17,6,1,0,0,normal,1,1.17,1
15,0,2026-10-03,11,6,1,0,0,normal,1,1.17,1
15,0,2026-10-03,15,6,1,0,0,normal,1,1.17,1
2,3,2026-10-03,17,6,1,0,0,normal,1,1.07,1
2,3,2026-10-03,18,6,1,0,0,luxury,1,1.07,3
2,0,2026-10-03,10,6,1,0,0,luxury,1,1.18,3
15,1,2026-10-03,8,6,1,0,0,normal,1,1.02,1
15,1,2026-10-03,10,6,1,0,0,normal,1,1.02,1
15,1,2026-10-03,12,6,1,0,0,semi_luxury,1,1.02,2
15,1,2026-10-03,20,6,1,0,0,normal,1,1.02,1
2,3,2026-10-03,8,6,1,0,0,semi_luxury,1,1.07,2
15,0,2026-10-03,5,6,1,0,0,luxury,1,1.17,3
15,0,2026-10-03,5,6,1,0,0,semi_luxury,1,1.17,2
15,0,2026-10-03,6,6,1,0,0,normal,1,1.17,1
15,0,2026-10-03,7,6,1,0,0,luxury,1,1.17,3
15,0,2026-10-03,8,6,1,0,0,ac,1,1.17,4
15,0,2026-10-03,8,6,1,0,0,normal,1,1.17,1
15,2,2026-10-03,12,6,1,0,0,ac,1,1.08,4
15,0,2026-10-03,11,6,1,0,0,semi_luxury,1,1.17,2
15,0,2026-10-03,14,6,1,0,0,semi_luxury,1,1.17,2
15,0,2026-10-03,16,6,1,0,0,normal,1,1.17,1
2,0,2026-10-03,11,6,1,0,0,normal,1,1.18,1
1,0,2026-10-03,16,6,1,0,0,normal,1,1.28,1
1,0,2026-10-03,9,6,1,0,0,normal,1,1.28,1
1,0,2026-10-03,14,6,1,0,0,semi_luxury,2,1.28,2
1,0,2026-10-03,10,6,1,0,0,normal,1,1.28,1
1,0,2026-10-03,10,6,1,0,0,luxury,1,1.28,3
1,0,2026-10-03,10,6,1,0,0,ac,3,1.28,4
1,0,2026-10-03,9,6,1,0,0,semi_luxury,1,1.28,2
1,1,2026-10-03,7,6,1,0,0,luxury,1,1.09,3
1,0,2026-10-03,9,6,1,0,0,ac,1,1.28,4
1,0,2026-10-03,8,6,1,0,0,semi_luxury,2,1.28,2
1,0,2026-10-03,8,6,1,0,0,luxury,2,1.28,3
1,0,2026-10-03,7,6,1,0,0,luxury,1,1.28,3
1,0,2026-10-03,6,6,1,0,0,semi_luxury,1,1.28,2
1,0,2026-10-03,6,6,1,0,0,luxury,1,1.28,3
1,0,2026-10-03,6,6,1,0,0,ac,1,1.28,4
1,0,2026-10-03,5,6,1,0,0,normal,1,1.28,1
2,2,2026-10-03,6,6,1,0,0,normal,2,1.06,1
2,2,2026-10-03,9,6,1,0,0,ac,1,1.06,4
2,2,2026-10-03,9,6,1,0,0,luxury,1,1.06,3
2,2,2026-10-03,10,6,1,0,0,luxury,1,1.06,3
2,2,2026-10-03,16,6,1,0,0,normal,1,1.06,1
1,1,2026-10-03,7,6,1,0,0,ac,1,1.09,4
1,1,2026-10-03,6,6,1,0,0,luxury,1,1.09,3
1,0,2026-10-03,15,6,1,0,0,semi_luxury,2,1.28,2
1,1,2026-10-03,6,6,1,0,0,ac,1,1.09,4
1,0,2026-10-03,16,6,1,0,0,luxury,1,1.28,3
1,0,2026-10-03,16,6,1,0,0,semi_luxury,1,1.28,2
2,1,2026-10-03,6,6,1,0,0,normal,1,1.05,1
2,1,2026-10-03,8,6,1,0,0,semi_luxury,1,1.05,2
2,1,2026-10-03,9,6,1,0,0,normal,1,1.05,1
2,1,2026-10-03,19,6,1,0,0,semi_luxury,1,1.05,2
1,1,2026-10-03,15,6,1,0,0,normal,1,1.09,1
1,1,2026-10-03,14,6,1,0,0,normal,1,1.09,1
1,1,2026-10-03,10,6,1,0,0,luxury,1,1.09,3
1,3,2026-10-03,7,6,1,0,0,normal,1,1.05,1
1,2,2026-10-03,10,6,1,0,0,normal,1,1.12,1
1,3,2026-10-03,8,6,1,0,0,ac,1,1.05,4
1,1,2026-10-03,10,6,1,0,0,ac,1,1.09,4
1,1,2026-10-03,8,6,1,0,0,semi_luxury,1,1.09,2
1,1,2026-10-03,7,6,1,0,0,normal,1,1.09,1
1,2,2026-10-03,5,6,1,0,0,normal,1,1.12,1
1,2,2026-10-03,6,6,1,0,0,normal,2,1.12,1
1,2,2026-10-03,6,6,1,0,0,semi_luxury,1,1.12,2
1,2,2026-10-03,7,6,1,0,0,normal,2,1.12,1
1,0,2026-10-03,20,6,1,0,0,semi_luxury,1,1.28,2
1,0,2026-10-03,19,6,1,0,0,ac,1,1.28,4
1,3,2026-10-03,8,6,1,0,0,semi_luxury,1,1.05,2
1,1,2026-10-04,6,7,1,0,0,normal,1,1.07,1
1,1,2026-10-04,10,7,1,0,0,normal,1,1.07,1
1,2,2026-10-04,20,7,1,0,0,luxury,1,1.04,3
1,0,2026-10-04,19,7,1,0,0,ac,1,1.27,4
1,2,2026-10-04,11,7,1,0,0,normal,1,1.04,1
1,2,2026-10-04,10,7,1,0,0,normal,1,1.04,1
1,2,2026-10-04,6,7,1,0,0,luxury,1,1.04,3
1,1,2026-10-04,13,7,1,0,0,luxury,1,1.07,3
1,3,2026-10-04,10,7,1,0,0,semi_luxury,2,1.13,2
1,3,2026-10-04,10,7,1,0,0,ac,1,1.13,4
1,3,2026-10-04,8,7,1,0,0,normal,1,1.13,1
2,1,2026-10-04,20,7,1,0,0,normal,1,1.03,1
2,1,2026-10-04,19,7,1,0,0,normal,1,1.03,1
2,1,2026-10-04,16,7,1,0,0,semi_luxury,1,1.03,2
2,1,2026-10-04,11,7,1,0,0,ac,1,1.03,4
2,1,2026-10-04,8,7,1,0,0,normal,2,1.03,1
1,2,2026-10-04,15,7,1,0,0,semi_luxury,1,1.04,2
2,3,2026-10-04,9,7,1,0,0,normal,1,1.06,1
2,0,2026-10-04,7,7,1,0,0,normal,1,1.2,1
2,0,2026-10-04,20,7,1,0,0,semi_luxury,1,1.2,2
1,0,2026-10-04,6,7,1,0,0,normal,2,1.27,1
1,0,2026-10-04,7,7,1,0,0,normal,1,1.27,1
1,0,2026-10-04,8,7,1,0,0,normal,1,1.27,1
1,0,2026-10-04,8,7,1,0,0,semi_luxury,1,1.27,2
1,0,2026-10-04,10,7,1,0,0,ac,1,1.27,4
1,0,2026-10-04,10,7,1,0,0,normal,1,1.27,1
1,0,2026-10-04,11,7,1,0,0,luxury,1,1.27,3
1,0,2026-10-04,11,7,1,0,0,semi_luxury,1,1.27,2
1,0,2026-10-04,12,7,1,0,0,luxury,1,1.27,3
1,0,2026-10-04,13,7,1,0,0,semi_luxury,1,1.27,2
1,0,2026-10-04,14,7,1,0,0,luxury,1,1.27,3
1,0,2026-10-04,16,7,1,0,0,luxury,1,1.27,3
1,0,2026-10-04,16,7,1,0,0,normal,1,1.27,1
1,0,2026-10-04,16,7,1,0,0,semi_luxury,1,1.27,2
1,0,2026-10-04,17,7,1,0,0,normal,1,1.27,1
1,0,2026-10-04,17,7,1,0,0,semi_luxury,1,1.27,2
1,0,2026-10-04,18,7,1,0,0,normal,1,1.27,1
1,0,2026-10-04,6,7,1,0,0,ac,2,1.27,4
2,3,2026-10-04,12,7,1,0,0,normal,1,1.06,1
1,0,2026-10-04,5,7,1,0,0,semi_luxury,1,1.27,2
1,1,2026-10-04,15,7,1,0,0,semi_luxury,1,1.07,2
2,0,2026-10-04,20,7,1,0,0,normal,1,1.2,1
2,0,2026-10-04,18,7,1,0,0,normal,1,1.2,1
2,0,2026-10-04,15,7,1,0,0,luxury,1,1.2,3
2,0,2026-10-04,14,7,1,0,0,semi_luxury,1,1.2,2
2,0,2026-10-04,13,7,1,0,0,normal,1,1.2,1
2,0,2026-10-04,11,7,1,0,0,semi_luxury,1,1.2,2
2,0,2026-10-04,10,7,1,0,0,semi_luxury,1,1.2,2
2,0,2026-10-04,9,7,1,0,0,normal,2,1.2,1
2,0,2026-10-04,9,7,1,0,0,ac,1,1.2,4
2,0,2026-10-04,8,7,1,0,0,ac,1,1.2,4
1,0,2026-10-04,20,7,1,0,0,normal,1,1.27,1
2,0,2026-10-04,7,7,1,0,0,luxury,1,1.2,3
2,0,2026-10-04,7,7,1,0,0,ac,1,1.2,4
2,0,2026-10-04,6,7,1,0,0,normal,2,1.2,1
2,0,2026-10-04,5,7,1,0,0,semi_luxury,1,1.2,2
2,0,2026-10-04,5,7,1,0,0,ac,1,1.2,4
1,1,2026-10-04,14,7,1,0,0,normal,1,1.07,1
15,2,2026-10-04,7,7,1,0,0,luxury,1,1.04,3
15,2,2026-10-04,5,7,1,0,0,semi_luxury,1,1.04,2
2,0,2026-10-04,12,7,1,0,0,normal,2,1.2,1
15,3,2026-10-04,5,7,1,0,0,normal,1,1.03,1
15,1,2026-10-04,15,7,1,0,0,ac,1,1.05,4
15,0,2026-10-04,6,7,1,0,0,luxury,1,1.14,3
15,1,2026-10-04,10,7,1,0,0,ac,1,1.05,4
15,3,2026-10-04,8,7,1,0,0,ac,1,1.03,4
15,0,2026-10-04,6,7,1,0,0,ac,1,1.14,4
15,1,2026-10-04,6,7,1,0,0,luxury,1,1.05,3
15,1,2026-10-04,6,7,1,0,0,ac,2,1.05,4
2,2,2026-10-04,20,7,1,0,0,normal,1,1.04,1
15,3,2026-10-04,13,7,1,0,0,luxury,1,1.03,3
15,3,2026-10-04,15,7,1,0,0,normal,1,1.03,1
15,3,2026-10-04,18,7,1,0,0,normal,1,1.03,1
15,0,2026-10-04,19,7,1,0,0,ac,1,1.14,4
15,0,2026-10-04,18,7,1,0,0,semi_luxury,1,1.14,2
15,0,2026-10-04,18,7,1,0,0,normal,1,1.14,1
15,0,2026-10-04,16,7,1,0,0,semi_luxury,1,1.14,2
15,0,2026-10-04,10,7,1,0,0,normal,2,1.14,1
15,2,2026-10-04,5,7,1,0,0,normal,1,1.04,1
15,1,2026-10-04,15,7,1,0,0,semi_luxury,1,1.05,2
1,0,2026-10-05,9,1,0,0,0,luxury,1,1.36,3
1,0,2026-10-05,5,1,0,0,0,normal,1,1.36,1
1,0,2026-10-05,16,1,0,0,0,normal,2,1.36,1
1,2,2026-10-05,6,1,0,0,0,luxury,1,1.08,3
1,2,2026-10-05,7,1,0,0,0,normal,1,1.08,1
1,2,2026-10-05,9,1,0,0,0,semi_luxury,1,1.08,2
1,3,2026-10-05,4,1,0,0,0,luxury,1,1.04,3
15,2,2026-10-05,4,1,0,0,0,ac,1,1.16,4
15,1,2026-10-05,4,1,0,0,0,luxury,1,1.09,3
1,0,2026-10-05,10,1,0,0,0,normal,1,1.36,1
1,2,2026-10-05,8,1,0,0,0,semi_luxury,2,1.08,2
2,3,2026-10-05,8,1,0,0,0,normal,1,1.06,1
2,3,2026-10-05,7,1,0,0,0,normal,1,1.06,1
1,3,2026-10-05,4,1,0,0,0,ac,1,1.04,4
15,0,2026-10-05,4,1,0,0,0,luxury,1,1.19,3
15,0,2026-10-05,4,1,0,0,0,semi_luxury,2,1.19,2
2,2,2026-10-05,6,1,0,0,0,luxury,1,1.08,3
1,0,2026-10-05,4,1,0,0,0,luxury,1,1.36,3
1,0,2026-10-05,4,1,0,0,0,normal,1,1.36,1
1,0,2026-10-05,4,1,0,0,0,semi_luxury,1,1.36,2
1,0,2026-10-05,5,1,0,0,0,ac,1,1.36,4
1,0,2026-10-05,5,1,0,0,0,luxury,1,1.36,3
1,0,2026-10-05,5,1,0,0,0,semi_luxury,1,1.36,2
1,0,2026-10-05,6,1,0,0,0,normal,3,1.36,1
1,0,2026-10-05,6,1,0,0,0,semi_luxury,1,1.36,2
1,0,2026-10-05,7,1,0,0,0,luxury,1,1.36,3
1,0,2026-10-05,7,1,0,0,0,normal,3,1.36,1
1,0,2026-10-05,7,1,0,0,0,semi_luxury,3,1.36,2
1,0,2026-10-05,8,1,0,0,0,normal,1,1.36,1
15,1,2026-10-05,9,1,0,0,0,semi_luxury,1,1.09,2
2,3,2026-10-05,6,1,0,0,0,semi_luxury,1,1.06,2
15,3,2026-10-05,13,1,0,0,0,ac,1,1.12,4
15,2,2026-10-05,9,1,0,0,0,semi_luxury,1,1.16,2
15,3,2026-10-05,8,1,0,0,0,normal,1,1.12,1
2,0,2026-10-05,9,1,0,0,0,semi_luxury,1,1.24,2
2,0,2026-10-05,13,1,0,0,0,semi_luxury,1,1.24,2
2,0,2026-10-05,14,1,0,0,0,ac,1,1.24,4
15,3,2026-10-05,9,1,0,0,0,ac,1,1.12,4
15,0,2026-10-05,17,1,0,0,0,normal,1,1.19,1
15,0,2026-10-05,14,1,0,0,0,normal,1,1.19,1
15,0,2026-10-05,10,1,0,0,0,semi_luxury,1,1.19,2
15,0,2026-10-05,9,1,0,0,0,luxury,1,1.19,3
15,0,2026-10-05,7,1,0,0,0,normal,2,1.19,1
15,0,2026-10-05,5,1,0,0,0,normal,1,1.19,1
15,0,2026-10-05,5,1,0,0,0,luxury,1,1.19,3
2,0,2026-10-05,18,1,0,0,0,semi_luxury,1,1.24,2
2,0,2026-10-05,20,1,0,0,0,ac,1,1.24,4
2,1,2026-10-05,17,1,0,0,0,normal,1,1.12,1
2,1,2026-10-05,7,1,0,0,0,semi_luxury,1,1.12,2
2,1,2026-10-05,6,1,0,0,0,semi_luxury,1,1.12,2
2,2,2026-10-05,14,1,0,0,0,normal,1,1.08,1
2,2,2026-10-05,8,1,0,0,0,luxury,1,1.08,3
1,1,2026-10-05,7,1,0,0,0,normal,1,1.07,1
2,0,2026-10-05,9,1,0,0,0,ac,2,1.24,4
2,0,2026-10-05,8,1,0,0,0,normal,3,1.24,1
2,0,2026-10-05,16,1,0,0,0,luxury,1,1.24,3
1,3,2026-10-05,5,1,0,0,0,normal,1,1.04,1
2,0,2026-10-05,4,1,0,0,0,luxury,1,1.24,3
15,3,2026-10-05,5,1,0,0,0,normal,2,1.12,1
15,3,2026-10-05,7,1,0,0,0,luxury,1,1.12,3
2,0,2026-10-05,5,1,0,0,0,luxury,1,1.24,3
2,0,2026-10-05,7,1,0,0,0,luxury,1,1.24,3
2,0,2026-10-05,4,1,0,0,0,normal,1,1.24,1
2,0,2026-10-05,8,1,0,0,0,ac,2,1.24,4
2,0,2026-10-05,7,1,0,0,0,semi_luxury,1,1.24,2
2,0,2026-10-05,8,1,0,0,0,luxury,1,1.24,3
2,2,2026-10-06,16,2,0,0,0,normal,1,1.03,1
2,2,2026-10-06,6,2,0,0,0,luxury,1,1.03,3
1,2,2026-10-06,20,2,0,0,0,normal,1,1.11,1
15,3,2026-10-06,16,2,0,0,0,normal,1,1.0,1
1,1,2026-10-06,11,2,0,0,0,normal,2,1.11,1
1,1,2026-10-06,15,2,0,0,0,semi_luxury,1,1.11,2
2,0,2026-10-06,14,2,0,0,0,semi_luxury,1,1.18,2
2,0,2026-10-06,14,2,0,0,0,ac,1,1.18,4
15,3,2026-10-06,7,2,0,0,0,semi_luxury,1,1.0,2
1,1,2026-10-06,5,2,0,0,0,normal,1,1.11,1
1,1,2026-10-06,6,2,0,0,0,ac,1,1.11,4
2,0,2026-10-06,12,2,0,0,0,luxury,1,1.18,3
2,2,2026-10-06,9,2,0,0,0,normal,2,1.03,1
2,0,2026-10-06,9,2,0,0,0,luxury,1,1.18,3
15,0,2026-10-06,13,2,0,0,0,semi_luxury,1,1.15,2
2,0,2026-10-06,5,2,0,0,0,normal,3,1.18,1
15,0,2026-10-06,9,2,0,0,0,normal,2,1.15,1
15,0,2026-10-06,7,2,0,0,0,normal,2,1.15,1
15,0,2026-10-06,7,2,0,0,0,luxury,2,1.15,3
15,0,2026-10-06,5,2,0,0,0,normal,1,1.15,1
2,0,2026-10-06,18,2,0,0,0,semi_luxury,1,1.18,2
2,0,2026-10-06,18,2,0,0,0,luxury,1,1.18,3
2,0,2026-10-06,16,2,0,0,0,luxury,2,1.18,3
2,0,2026-10-06,8,2,0,0,0,luxury,1,1.18,3
15,0,2026-10-06,14,2,0,0,0,normal,3,1.15,1
15,0,2026-10-06,16,2,0,0,0,normal,1,1.15,1
15,0,2026-10-06,18,2,0,0,0,semi_luxury,1,1.15,2
1,1,2026-10-06,20,2,0,0,0,normal,1,1.11,1
1,2,2026-10-06,13,2,0,0,0,semi_luxury,1,1.11,2
1,2,2026-10-06,15,2,0,0,0,semi_luxury,1,1.11,2
1,2,2026-10-06,16,2,0,0,0,normal,1,1.11,1
15,0,2026-10-06,10,2,0,0,0,semi_luxury,1,1.15,2
1,2,2026-10-06,8,2,0,0,0,luxury,1,1.11,3
1,2,2026-10-06,16,2,0,0,0,semi_luxury,1,1.11,2
15,1,2026-10-06,7,2,0,0,0,semi_luxury,1,1.04,2
2,3,2026-10-06,17,2,0,0,0,normal,1,1.04,1
1,0,2026-10-06,11,2,0,0,0,normal,1,1.19,1
1,0,2026-10-06,13,2,0,0,0,normal,1,1.19,1
1,0,2026-10-06,14,2,0,0,0,semi_luxury,1,1.19,2
1,0,2026-10-06,15,2,0,0,0,semi_luxury,1,1.19,2
1,0,2026-10-06,16,2,0,0,0,normal,1,1.19,1
1,0,2026-10-06,17,2,0,0,0,normal,1,1.19,1
1,0,2026-10-06,18,2,0,0,0,luxury,2,1.19,3
1,0,2026-10-06,19,2,0,0,0,semi_luxury,1,1.19,2
1,0,2026-10-06,20,2,0,0,0,ac,1,1.19,4
1,1,2026-10-06,9,2,0,0,0,semi_luxury,1,1.11,2
1,0,2026-10-06,20,2,0,0,0,normal,1,1.19,1
1,0,2026-10-06,21,2,0,0,0,ac,1,1.19,4
1,0,2026-10-06,11,2,0,0,0,luxury,1,1.19,3
1,0,2026-10-06,21,2,0,0,0,luxury,1,1.19,3
1,0,2026-10-06,21,2,0,0,0,semi_luxury,1,1.19,2
2,1,2026-10-06,21,2,0,0,0,normal,1,1.04,1
2,1,2026-10-06,17,2,0,0,0,normal,1,1.04,1
2,1,2026-10-06,14,2,0,0,0,luxury,1,1.04,3
2,1,2026-10-06,13,2,0,0,0,normal,1,1.04,1
2,1,2026-10-06,10,2,0,0,0,luxury,1,1.04,3
2,1,2026-10-06,9,2,0,0,0,luxury,1,1.04,3
2,1,2026-10-06,9,2,0,0,0,ac,1,1.04,4
2,1,2026-10-06,5,2,0,0,0,semi_luxury,1,1.04,2
15,1,2026-10-06,7,2,0,0,0,luxury,1,1.04,3
15,1,2026-10-06,19,2,0,0,0,normal,1,1.04,1
15,1,2026-10-06,9,2,0,0,0,semi_luxury,1,1.04,2
1,0,2026-10-06,21,2,0,0,0,normal,1,1.19,1
1,0,2026-10-06,10,2,0,0,0,luxury,1,1.19,3
1,0,2026-10-06,20,2,0,0,0,luxury,1,1.19,3
1,0,2026-10-06,8,2,0,0,0,normal,1,1.19,1
2,3,2026-10-06,15,2,0,0,0,luxury,2,1.04,3
2,3,2026-10-06,14,2,0,0,0,luxury,1,1.04,3
2,3,2026-10-06,9,2,0,0,0,ac,1,1.04,4
1,1,2026-10-06,19,2,0,0,0,semi_luxury,1,1.11,2
1,3,2026-10-06,20,2,0,0,0,semi_luxury,1,1.05,2
1,3,2026-10-06,20,2,0,0,0,normal,1,1.05,1
1,0,2026-10-06,9,2,0,0,0,semi_luxury,1,1.19,2
1,3,2026-10-06,19,2,0,0,0,normal,1,1.05,1
1,3,2026-10-06,11,2,0,0,0,semi_luxury,1,1.05,2
1,3,2026-10-06,8,2,0,0,0,semi_luxury,1,1.05,2
1,0,2026-10-06,5,2,0,0,0,luxury,1,1.19,3
1,1,2026-10-06,10,2,0,0,0,luxury,2,1.11,3
1,0,2026-10-06,6,2,0,0,0,luxury,1,1.19,3
1,0,2026-10-06,5,2,0,0,0,semi_luxury,1,1.19,2
15,2,2026-10-06,7,2,0,0,0,normal,1,1.0,1
15,2,2026-10-06,9,2,0,0,0,semi_luxury,1,1.0,2
15,2,2026-10-06,10,2,0,0,0,ac,1,1.0,4
1,0,2026-10-06,8,2,0,0,0,ac,1,1.19,4
1,0,2026-10-06,7,2,0,0,0,ac,1,1.19,4
15,2,2026-10-06,16,2,0,0,0,semi_luxury,1,1.0,2
15,2,2026-10-06,10,2,0,0,0,normal,1,1.0,1
1,0,2026-10-07,5,3,0,1,0,semi_luxury,1,1.19,2
1,3,2026-10-07,11,3,0,1,0,normal,1,1.03,1
1,3,2026-10-07,16,3,0,1,0,ac,1,1.03,4
1,0,2026-10-07,14,3,0,1,0,semi_luxury,1,1.19,2
1,0,2026-10-07,16,3,0,1,0,normal,1,1.19,1
1,0,2026-10-07,17,3,0,1,0,semi_luxury,1,1.19,2
1,0,2026-10-07,19,3,0,1,0,ac,1,1.19,4
1,0,2026-10-07,20,3,0,1,0,ac,1,1.19,4
1,0,2026-10-07,20,3,0,1,0,semi_luxury,1,1.19,2
1,0,2026-10-07,21,3,0,1,0,normal,1,1.19,1
1,1,2026-10-07,8,3,0,1,0,luxury,1,1.07,3
1,1,2026-10-07,8,3,0,1,0,semi_luxury,1,1.07,2
1,1,2026-10-07,17,3,0,1,0,semi_luxury,1,1.07,2
1,0,2026-10-07,14,3,0,1,0,ac,1,1.19,4
1,0,2026-10-07,13,3,0,1,0,ac,1,1.19,4
15,3,2026-10-07,5,3,0,1,0,normal,1,1.08,1
1,0,2026-10-07,5,3,0,1,0,normal,2,1.19,1
15,3,2026-10-07,12,3,0,1,0,semi_luxury,1,1.08,2
15,3,2026-10-07,20,3,0,1,0,normal,1,1.08,1
1,3,2026-10-07,5,3,0,1,0,semi_luxury,1,1.03,2
1,0,2026-10-07,11,3,0,1,0,normal,1,1.19,1
1,0,2026-10-07,9,3,0,1,0,luxury,1,1.19,3
1,0,2026-10-07,5,3,0,1,0,luxury,1,1.19,3
1,0,2026-10-07,8,3,0,1,0,semi_luxury,2,1.19,2
1,0,2026-10-07,8,3,0,1,0,normal,1,1.19,1
1,0,2026-10-07,6,3,0,1,0,semi_luxury,2,1.19,2
1,0,2026-10-07,6,3,0,1,0,normal,4,1.19,1
1,0,2026-10-07,6,3,0,1,0,luxury,1,1.19,3
1,0,2026-10-07,6,3,0,1,0,ac,1,1.19,4
1,1,2026-10-07,7,3,0,1,0,semi_luxury,1,1.07,2
1,0,2026-10-07,9,3,0,1,0,ac,2,1.19,4
2,2,2026-10-07,9,3,0,1,0,normal,1,1.03,1
2,2,2026-10-07,7,3,0,1,0,ac,1,1.03,4
15,0,2026-10-07,6,3,0,1,0,ac,1,1.13,4
15,0,2026-10-07,7,3,0,1,0,ac,1,1.13,4
15,0,2026-10-07,8,3,0,1,0,ac,1,1.13,4
15,0,2026-10-07,9,3,0,1,0,luxury,1,1.13,3
15,0,2026-10-07,10,3,0,1,0,normal,1,1.13,1
15,0,2026-10-07,11,3,0,1,0,normal,1,1.13,1
15,0,2026-10-07,13,3,0,1,0,semi_luxury,1,1.13,2
15,0,2026-10-07,15,3,0,1,0,normal,1,1.13,1
15,0,2026-10-07,17,3,0,1,0,ac,1,1.13,4
15,0,2026-10-07,17,3,0,1,0,normal,1,1.13,1
15,0,2026-10-07,18,3,0,1,0,luxury,1,1.13,3
2,2,2026-10-07,6,3,0,1,0,semi_luxury,1,1.03,2
2,3,2026-10-07,18,3,0,1,0,semi_luxury,1,1.04,2
2,3,2026-10-07,15,3,0,1,0,luxury,2,1.04,3
1,2,2026-10-07,11,3,0,1,0,luxury,1,1.05,3
2,3,2026-10-07,11,3,0,1,0,ac,1,1.04,4
15,2,2026-10-07,20,3,0,1,0,normal,1,1.09,1
15,2,2026-10-07,13,3,0,1,0,semi_luxury,1,1.09,2
15,2,2026-10-07,11,3,0,1,0,ac,1,1.09,4
15,2,2026-10-07,9,3,0,1,0,semi_luxury,1,1.09,2
15,2,2026-10-07,9,3,0,1,0,luxury,1,1.09,3
15,2,2026-10-07,5,3,0,1,0,normal,2,1.09,1
2,1,2026-10-07,16,3,0,1,0,ac,1,1.09,4
2,1,2026-10-07,15,3,0,1,0,semi_luxury,2,1.09,2
2,1,2026-10-07,10,3,0,1,0,normal,2,1.09,1
2,1,2026-10-07,5,3,0,1,0,semi_luxury,1,1.09,2
15,1,2026-10-07,16,3,0,1,0,normal,1,1.0,1
15,1,2026-10-07,11,3,0,1,0,luxury,1,1.0,3
15,1,2026-10-07,8,3,0,1,0,semi_luxury,1,1.0,2
15,1,2026-10-07,7,3,0,1,0,normal,1,1.0,1
2,3,2026-10-07,6,3,0,1,0,normal,1,1.04,1
1,2,2026-10-07,19,3,0,1,0,luxury,1,1.05,3
2,3,2026-10-07,19,3,0,1,0,semi_luxury,1,1.04,2
2,0,2026-10-07,16,3,0,1,0,semi_luxury,1,1.11,2
2,0,2026-10-07,13,3,0,1,0,normal,1,1.11,1
2,0,2026-10-07,14,3,0,1,0,ac,1,1.11,4
2,0,2026-10-07,14,3,0,1,0,semi_luxury,1,1.11,2
2,2,2026-10-07,16,3,0,1,0,normal,1,1.03,1
2,0,2026-10-07,17,3,0,1,0,luxury,1,1.11,3
2,0,2026-10-07,8,3,0,1,0,semi_luxury,1,1.11,2
2,0,2026-10-07,18,3,0,1,0,luxury,1,1.11,3
2,0,2026-10-07,21,3,0,1,0,semi_luxury,1,1.11,2
2,0,2026-10-07,10,3,0,1,0,semi_luxury,1,1.11,2
2,0,2026-10-07,7,3,0,1,0,semi_luxury,1,1.11,2
2,0,2026-10-07,7,3,0,1,0,ac,1,1.11,4
2,2,2026-10-07,8,3,0,1,0,normal,1,1.03,1
2,2,2026-10-07,10,3,0,1,0,normal,1,1.03,1
2,0,2026-10-07,7,3,0,1,0,normal,1,1.11,1
15,0,2026-10-08,17,4,0,0,0,luxury,1,1.14,3
15,0,2026-10-08,17,4,0,0,0,normal,1,1.14,1
15,0,2026-10-08,18,4,0,0,0,luxury,1,1.14,3
15,0,2026-10-08,15,4,0,0,0,semi_luxury,2,1.14,2
2,0,2026-10-08,21,4,0,0,0,luxury,1,1.14,3
15,0,2026-10-08,19,4,0,0,0,normal,1,1.14,1
15,0,2026-10-08,20,4,0,0,0,normal,1,1.14,1
15,0,2026-10-08,21,4,0,0,0,normal,1,1.14,1
2,0,2026-10-08,19,4,0,0,0,semi_luxury,1,1.14,2
2,2,2026-10-08,20,4,0,0,0,semi_luxury,1,1.02,2
2,0,2026-10-08,18,4,0,0,0,luxury,1,1.14,3
2,0,2026-10-08,17,4,0,0,0,semi_luxury,1,1.14,2
2,0,2026-10-08,15,4,0,0,0,normal,1,1.14,1
2,0,2026-10-08,11,4,0,0,0,normal,1,1.14,1
2,0,2026-10-08,9,4,0,0,0,semi_luxury,1,1.14,2
2,0,2026-10-08,9,4,0,0,0,ac,1,1.14,4
2,0,2026-10-08,8,4,0,0,0,semi_luxury,1,1.14,2
2,0,2026-10-08,7,4,0,0,0,semi_luxury,1,1.14,2
2,0,2026-10-08,6,4,0,0,0,ac,1,1.14,4
1,2,2026-10-08,19,4,0,0,0,ac,1,1.03,4
2,2,2026-10-08,6,4,0,0,0,normal,1,1.02,1
2,0,2026-10-08,19,4,0,0,0,normal,1,1.14,1
2,1,2026-10-08,18,4,0,0,0,semi_luxury,1,1.11,2
1,3,2026-10-08,14,4,0,0,0,normal,1,1.07,1
2,1,2026-10-08,10,4,0,0,0,semi_luxury,1,1.11,2
1,3,2026-10-08,19,4,0,0,0,normal,1,1.07,1
1,0,2026-10-08,20,4,0,0,0,semi_luxury,1,1.26,2
1,0,2026-10-08,20,4,0,0,0,ac,1,1.26,4
1,0,2026-10-08,19,4,0,0,0,ac,1,1.26,4
1,0,2026-10-08,18,4,0,0,0,luxury,1,1.26,3
1,0,2026-10-08,17,4,0,0,0,semi_luxury,2,1.26,2
1,0,2026-10-08,17,4,0,0,0,normal,2,1.26,1
1,0,2026-10-08,16,4,0,0,0,ac,1,1.26,4
1,0,2026-10-08,15,4,0,0,0,normal,2,1.26,1
1,0,2026-10-08,15,4,0,0,0,luxury,1,1.26,3
1,0,2026-10-08,14,4,0,0,0,luxury,1,1.26,3
1,0,2026-10-08,12,4,0,0,0,semi_luxury,1,1.26,2
1,0,2026-10-08,11,4,0,0,0,semi_luxury,1,1.26,2
1,0,2026-10-08,11,4,0,0,0,luxury,1,1.26,3
1,0,2026-10-08,10,4,0,0,0,luxury,1,1.26,3
1,0,2026-10-08,9,4,0,0,0,normal,1,1.26,1
1,0,2026-10-08,8,4,0,0,0,semi_luxury,1,1.26,2
1,0,2026-10-08,8,4,0,0,0,normal,1,1.26,1
1,0,2026-10-08,7,4,0,0,0,normal,1,1.26,1
1,0,2026-10-08,6,4,0,0,0,normal,1,1.26,1
1,0,2026-10-08,6,4,0,0,0,luxury,1,1.26,3
1,0,2026-10-08,5,4,0,0,0,normal,1,1.26,1
1,3,2026-10-08,18,4,0,0,0,normal,1,1.07,1
1,3,2026-10-08,17,4,0,0,0,semi_luxury,1,1.07,2
2,2,2026-10-08,7,4,0,0,0,luxury,1,1.02,3
2,1,2026-10-08,12,4,0,0,0,semi_luxury,2,1.11,2
2,2,2026-10-08,9,4,0,0,0,semi_luxury,1,1.02,2
2,2,2026-10-08,5,4,0,0,0,normal,1,1.02,1
2,2,2026-10-08,16,4,0,0,0,semi_luxury,1,1.02,2
1,2,2026-10-08,7,4,0,0,0,normal,1,1.03,1
1,2,2026-10-08,6,4,0,0,0,semi_luxury,1,1.03,2
1,2,2026-10-08,21,4,0,0,0,normal,1,1.03,1
15,3,2026-10-08,6,4,0,0,0,semi_luxury,1,1.0,2
1,1,2026-10-08,9,4,0,0,0,normal,1,1.07,1
1,1,2026-10-08,10,4,0,0,0,semi_luxury,1,1.07,2
15,3,2026-10-08,19,4,0,0,0,normal,1,1.0,1
1,1,2026-10-08,11,4,0,0,0,ac,1,1.07,4
1,1,2026-10-08,15,4,0,0,0,luxury,1,1.07,3
2,2,2026-10-08,14,4,0,0,0,luxury,1,1.02,3
15,0,2026-10-08,6,4,0,0,0,ac,1,1.14,4
15,0,2026-10-08,8,4,0,0,0,luxury,2,1.14,3
1,1,2026-10-08,12,4,0,0,0,semi_luxury,1,1.07,2
15,3,2026-10-08,13,4,0,0,0,luxury,1,1.0,3
2,3,2026-10-08,18,4,0,0,0,normal,1,1.0,1
15,0,2026-10-08,9,4,0,0,0,normal,2,1.14,1
1,1,2026-10-08,21,4,0,0,0,ac,1,1.07,4
1,1,2026-10-08,18,4,0,0,0,luxury,1,1.07,3
15,0,2026-10-08,5,4,0,0,0,normal,1,1.14,1
1,2,2026-10-08,16,4,0,0,0,semi_luxury,1,1.03,2
1,2,2026-10-08,10,4,0,0,0,luxury,1,1.03,3
2,3,2026-10-08,7,4,0,0,0,luxury,1,1.0,3
15,2,2026-10-08,5,4,0,0,0,normal,1,1.02,1
15,2,2026-10-08,5,4,0,0,0,semi_luxury,1,1.02,2
15,2,2026-10-08,9,4,0,0,0,luxury,1,1.02,3
15,2,2026-10-08,9,4,0,0,0,semi_luxury,1,1.02,2
15,2,2026-10-08,15,4,0,0,0,normal,1,1.02,1
15,2,2026-10-08,20,4,0,0,0,semi_luxury,1,1.02,2
15,0,2026-10-08,14,4,0,0,0,luxury,1,1.14,3
2,3,2026-10-08,6,4,0,0,0,ac,1,1.0,4
2,3,2026-10-08,6,4,0,0,0,luxury,1,1.0,3
2,3,2026-10-08,6,4,0,0,0,normal,1,1.0,1
1,2,2026-10-08,18,4,0,0,0,normal,1,1.03,1
1,1,2026-10-08,13,4,0,0,0,semi_luxury,1,1.07,2
2,3,2026-10-08,8,4,0,0,0,ac,1,1.0,4
2,3,2026-10-08,8,4,0,0,0,luxury,1,1.0,3
2,3,2026-10-08,16,4,0,0,0,semi_luxury,1,1.0,2
2,3,2026-10-08,7,4,0,0,0,semi_luxury,1,1.0,2
1,2,2026-10-09,15,5,0,0,0,semi_luxury,1,1.09,2
1,2,2026-10-09,13,5,0,0,0,ac,1,1.09,4
1,0,2026-10-09,10,5,0,0,0,semi_luxury,1,1.35,2
1,2,2026-10-09,9,5,0,0,0,ac,1,1.09,4
1,2,2026-10-09,6,5,0,0,0,normal,1,1.09,1
1,0,2026-10-09,9,5,0,0,0,semi_luxury,1,1.35,2
1,0,2026-10-09,8,5,0,0,0,luxury,1,1.35,3
1,0,2026-10-09,7,5,0,0,0,semi_luxury,1,1.35,2
1,0,2026-10-09,7,5,0,0,0,normal,1,1.35,1
2,2,2026-10-09,20,5,0,0,0,semi_luxury,1,1.05,2
2,2,2026-10-09,7,5,0,0,0,ac,1,1.05,4
1,2,2026-10-09,17,5,0,0,0,normal,1,1.09,1
1,1,2026-10-09,16,5,0,0,0,normal,3,1.13,1
1,1,2026-10-09,17,5,0,0,0,ac,1,1.13,4
1,1,2026-10-09,18,5,0,0,0,normal,2,1.13,1
1,1,2026-10-09,18,5,0,0,0,semi_luxury,2,1.13,2
1,1,2026-10-09,21,5,0,0,0,luxury,2,1.13,3
15,0,2026-10-09,12,5,0,0,0,ac,1,1.13,4
2,1,2026-10-09,21,5,0,0,0,semi_luxury,1,1.06,2
2,1,2026-10-09,20,5,0,0,0,semi_luxury,1,1.06,2
2,1,2026-10-09,19,5,0,0,0,semi_luxury,1,1.06,2
2,1,2026-10-09,16,5,0,0,0,normal,1,1.06,1
2,1,2026-10-09,6,5,0,0,0,normal,1,1.06,1
15,3,2026-10-09,21,5,0,0,0,ac,1,1.06,4
15,3,2026-10-09,20,5,0,0,0,normal,1,1.06,1
15,3,2026-10-09,20,5,0,0,0,luxury,1,1.06,3
15,3,2026-10-09,15,5,0,0,0,semi_luxury,1,1.06,2
15,3,2026-10-09,7,5,0,0,0,ac,1,1.06,4
1,0,2026-10-09,11,5,0,0,0,normal,1,1.35,1
2,2,2026-10-09,21,5,0,0,0,semi_luxury,1,1.05,2
2,2,2026-10-09,18,5,0,0,0,luxury,1,1.05,3
2,2,2026-10-09,11,5,0,0,0,ac,2,1.05,4
2,2,2026-10-09,6,5,0,0,0,semi_luxury,1,1.05,2
1,0,2026-10-09,11,5,0,0,0,semi_luxury,1,1.35,2
1,0,2026-10-09,17,5,0,0,0,ac,2,1.35,4
1,0,2026-10-09,13,5,0,0,0,normal,2,1.35,1
15,2,2026-10-09,11,5,0,0,0,semi_luxury,1,1.04,2
15,2,2026-10-09,13,5,0,0,0,ac,1,1.04,4
15,2,2026-10-09,14,5,0,0,0,semi_luxury,1,1.04,2
15,2,2026-10-09,17,5,0,0,0,semi_luxury,1,1.04,2
15,2,2026-10-09,18,5,0,0,0,normal,1,1.04,1
15,2,2026-10-09,19,5,0,0,0,normal,1,1.04,1
15,2,2026-10-09,20,5,0,0,0,luxury,1,1.04,3
15,0,2026-10-09,13,5,0,0,0,semi_luxury,1,1.13,2
15,0,2026-10-09,16,5,0,0,0,semi_luxury,3,1.13,2
15,0,2026-10-09,17,5,0,0,0,normal,2,1.13,1
15,0,2026-10-09,19,5,0,0,0,ac,1,1.13,4
2,3,2026-10-09,17,5,0,0,0,semi_luxury,1,1.0,2
15,0,2026-10-09,19,5,0,0,0,normal,1,1.13,1
15,0,2026-10-09,20,5,0,0,0,normal,1,1.13,1
15,0,2026-10-09,20,5,0,0,0,semi_luxury,1,1.13,2
1,0,2026-10-09,13,5,0,0,0,luxury,1,1.35,3
1,3,2026-10-09,20,5,0,0,0,semi_luxury,1,1.07,2
1,3,2026-10-09,20,5,0,0,0,luxury,1,1.07,3
1,3,2026-10-09,18,5,0,0,0,semi_luxury,1,1.07,2
1,3,2026-10-09,18,5,0,0,0,normal,1,1.07,1
1,3,2026-10-09,16,5,0,0,0,semi_luxury,1,1.07,2
1,3,2026-10-09,14,5,0,0,0,semi_luxury,1,1.07,2
1,1,2026-10-09,6,5,0,0,0,semi_luxury,1,1.13,2
1,1,2026-10-09,15,5,0,0,0,normal,1,1.13,1
15,0,2026-10-09,19,5,0,0,0,semi_luxury,2,1.13,2
1,1,2026-10-09,15,5,0,0,0,semi_luxury,1,1.13,2
2,3,2026-10-09,16,5,0,0,0,luxury,1,1.0,3
2,3,2026-10-09,12,5,0,0,0,ac,1,1.0,4
15,1,2026-10-09,9,5,0,0,0,normal,1,1.07,1
15,1,2026-10-09,15,5,0,0,0,luxury,1,1.07,3
15,1,2026-10-09,19,5,0,0,0,semi_luxury,1,1.07,2
2,0,2026-10-09,21,5,0,0,0,semi_luxury,2,1.15,2
2,0,2026-10-09,21,5,0,0,0,luxury,2,1.15,3
2,0,2026-10-09,20,5,0,0,0,normal,1,1.15,1
2,0,2026-10-09,19,5,0,0,0,semi_luxury,1,1.15,2
2,0,2026-10-09,19,5,0,0,0,normal,1,1.15,1
2,0,2026-10-09,18,5,0,0,0,semi_luxury,2,1.15,2
2,0,2026-10-09,17,5,0,0,0,ac,1,1.15,4
2,0,2026-10-09,16,5,0,0,0,normal,1,1.15,1
2,3,2026-10-09,15,5,0,0,0,luxury,1,1.0,3
2,0,2026-10-09,15,5,0,0,0,normal,1,1.15,1
2,0,2026-10-09,15,5,0,0,0,ac,1,1.15,4
2,0,2026-10-09,14,5,0,0,0,luxury,1,1.15,3
2,0,2026-10-09,13,5,0,0,0,luxury,1,1.15,3
2,0,2026-10-09,13,5,0,0,0,ac,1,1.15,4
2,0,2026-10-09,12,5,0,0,0,semi_luxury,1,1.15,2
2,0,2026-10-09,12,5,0,0,0,normal,1,1.15,1
2,0,2026-10-09,10,5,0,0,0,normal,1,1.15,1
2,0,2026-10-09,8,5,0,0,0,luxury,1,1.15,3
2,0,2026-10-09,6,5,0,0,0,ac,1,1.15,4
15,2,2026-10-09,10,5,0,0,0,semi_luxury,1,1.04,2
2,3,2026-10-09,6,5,0,0,0,luxury,1,1.0,3
2,0,2026-10-09,15,5,0,0,0,luxury,1,1.15,3
1,1,2026-10-09,16,5,0,0,0,luxury,1,1.13,3
2,2,2026-10-09,6,5,0,0,0,normal,1,1.05,1
1,0,2026-10-09,19,5,0,0,0,normal,1,1.35,1
1,0,2026-10-09,14,5,0,0,0,normal,1,1.35,1
1,0,2026-10-09,14,5,0,0,0,semi_luxury,1,1.35,2
1,0,2026-10-09,15,5,0,0,0,luxury,1,1.35,3
1,0,2026-10-09,17,5,0,0,0,semi_luxury,2,1.35,2
1,0,2026-10-09,18,5,0,0,0,semi_luxury,1,1.35,2
1,0,2026-10-09,16,5,0,0,0,semi_luxury,2,1.35,2
1,0,2026-10-09,15,5,0,0,0,semi_luxury,2,1.35,2
1,0,2026-10-09,15,5,0,0,0,normal,1,1.35,1
1,0,2026-10-09,17,5,0,0,0,luxury,1,1.35,3
1,0,2026-10-09,20,5,0,0,0,ac,1,1.35,4
1,0,2026-10-09,20,5,0,0,0,normal,2,1.35,1
1,0,2026-10-09,20,5,0,0,0,semi_luxury,2,1.35,2
1,1,2026-10-10,20,6,1,0,0,semi_luxury,1,1.09,2
2,3,2026-10-10,9,6,1,0,0,luxury,1,1.07,3
1,2,2026-10-10,6,6,1,0,0,normal,1,1.12,1
2,3,2026-10-10,11,6,1,0,0,semi_luxury,1,1.07,2
2,3,2026-10-10,11,6,1,0,0,luxury,1,1.07,3
1,1,2026-10-10,20,6,1,0,0,ac,1,1.09,4
1,1,2026-10-10,11,6,1,0,0,semi_luxury,1,1.09,2
1,1,2026-10-10,16,6,1,0,0,normal,1,1.09,1
1,1,2026-10-10,9,6,1,0,0,normal,1,1.09,1
2,3,2026-10-10,5,6,1,0,0,ac,1,1.07,4
1,0,2026-10-10,11,6,1,0,0,normal,1,1.28,1
1,0,2026-10-10,11,6,1,0,0,luxury,1,1.28,3
1,0,2026-10-10,11,6,1,0,0,ac,1,1.28,4
15,0,2026-10-10,6,6,1,0,0,semi_luxury,1,1.17,2
15,0,2026-10-10,7,6,1,0,0,normal,1,1.17,1
15,0,2026-10-10,8,6,1,0,0,normal,1,1.17,1
15,0,2026-10-10,9,6,1,0,0,luxury,1,1.17,3
15,0,2026-10-10,10,6,1,0,0,ac,1,1.17,4
1,2,2026-10-10,17,6,1,0,0,normal,1,1.12,1
15,3,2026-10-10,11,6,1,0,0,normal,1,1.03,1
15,3,2026-10-10,11,6,1,0,0,semi_luxury,1,1.03,2
1,1,2026-10-10,18,6,1,0,0,luxury,1,1.09,3
2,3,2026-10-10,12,6,1,0,0,luxury,1,1.07,3
1,0,2026-10-10,12,6,1,0,0,normal,1,1.28,1
1,0,2026-10-10,11,6,1,0,0,semi_luxury,1,1.28,2
1,2,2026-10-10,16,6,1,0,0,ac,1,1.12,4
1,2,2026-10-10,8,6,1,0,0,normal,1,1.12,1
1,2,2026-10-10,7,6,1,0,0,luxury,1,1.12,3
1,2,2026-10-10,6,6,1,0,0,semi_luxury,2,1.12,2
1,2,2026-10-10,6,6,1,0,0,luxury,2,1.12,3
1,2,2026-10-10,5,6,1,0,0,luxury,1,1.12,3
15,0,2026-10-10,5,6,1,0,0,semi_luxury,1,1.17,2
15,0,2026-10-10,5,6,1,0,0,normal,2,1.17,1
1,0,2026-10-10,18,6,1,0,0,luxury,1,1.28,3
1,0,2026-10-10,17,6,1,0,0,normal,1,1.28,1
15,2,2026-10-10,15,6,1,0,0,semi_luxury,1,1.08,2
1,3,2026-10-10,19,6,1,0,0,luxury,1,1.05,3
1,3,2026-10-10,18,6,1,0,0,semi_luxury,1,1.05,2
2,3,2026-10-10,15,6,1,0,0,luxury,1,1.07,3
1,3,2026-10-10,18,6,1,0,0,normal,1,1.05,1
1,3,2026-10-10,15,6,1,0,0,ac,1,1.05,4
1,3,2026-10-10,10,6,1,0,0,normal,1,1.05,1
1,3,2026-10-10,8,6,1,0,0,luxury,1,1.05,3
1,3,2026-10-10,7,6,1,0,0,semi_luxury,1,1.05,2
1,3,2026-10-10,7,6,1,0,0,normal,1,1.05,1
1,3,2026-10-10,6,6,1,0,0,ac,1,1.05,4
1,3,2026-10-10,5,6,1,0,0,ac,1,1.05,4
1,0,2026-10-10,16,6,1,0,0,luxury,1,1.28,3
1,0,2026-10-10,14,6,1,0,0,semi_luxury,1,1.28,2
1,0,2026-10-10,14,6,1,0,0,ac,1,1.28,4
1,0,2026-10-10,13,6,1,0,0,ac,1,1.28,4
15,3,2026-10-10,18,6,1,0,0,ac,1,1.03,4
1,0,2026-10-10,12,6,1,0,0,luxury,1,1.28,3
1,3,2026-10-10,16,6,1,0,0,normal,1,1.05,1
1,0,2026-10-10,10,6,1,0,0,semi_luxury,1,1.28,2
15,3,2026-10-10,6,6,1,0,0,ac,1,1.03,4
1,0,2026-10-10,10,6,1,0,0,luxury,1,1.28,3
15,0,2026-10-10,19,6,1,0,0,ac,1,1.17,4
15,0,2026-10-10,19,6,1,0,0,normal,1,1.17,1
2,0,2026-10-10,5,6,1,0,0,semi_luxury,2,1.18,2
2,0,2026-10-10,7,6,1,0,0,ac,2,1.18,4
2,0,2026-10-10,7,6,1,0,0,luxury,1,1.18,3
2,0,2026-10-10,7,6,1,0,0,semi_luxury,2,1.18,2
1,0,2026-10-10,10,6,1,0,0,normal,2,1.28,1
2,0,2026-10-10,9,6,1,0,0,ac,2,1.18,4
2,0,2026-10-10,9,6,1,0,0,semi_luxury,1,1.18,2
2,0,2026-10-10,10,6,1,0,0,semi_luxury,1,1.18,2
15,0,2026-10-10,16,6,1,0,0,ac,1,1.17,4
2,0,2026-10-10,12,6,1,0,0,luxury,1,1.18,3
2,0,2026-10-10,15,6,1,0,0,semi_luxury,1,1.18,2
2,0,2026-10-10,16,6,1,0,0,luxury,1,1.18,3
2,2,2026-10-10,20,6,1,0,0,ac,1,1.06,4
2,2,2026-10-10,15,6,1,0,0,normal,1,1.06,1
2,2,2026-10-10,9,6,1,0,0,normal,1,1.06,1
2,2,2026-10-10,8,6,1,0,0,semi_luxury,1,1.06,2
2,2,2026-10-10,8,6,1,0,0,normal,1,1.06,1
2,2,2026-10-10,7,6,1,0,0,normal,1,1.06,1
2,0,2026-10-10,16,6,1,0,0,semi_luxury,1,1.18,2
15,1,2026-10-10,8,6,1,0,0,luxury,1,1.02,3
2,0,2026-10-10,13,6,1,0,0,semi_luxury,1,1.18,2
15,0,2026-10-10,15,6,1,0,0,ac,1,1.17,4
2,0,2026-10-10,8,6,1,0,0,semi_luxury,1,1.18,2
1,0,2026-10-10,6,6,1,0,0,luxury,2,1.28,3
1,0,2026-10-10,5,6,1,0,0,luxury,1,1.28,3
1,0,2026-10-10,5,6,1,0,0,normal,1,1.28,1
1,0,2026-10-10,5,6,1,0,0,semi_luxury,2,1.28,2
2,1,2026-10-10,12,6,1,0,0,normal,1,1.05,1
2,1,2026-10-10,10,6,1,0,0,ac,1,1.05,4
2,1,2026-10-10,6,6,1,0,0,normal,1,1.05,1
2,1,2026-10-10,7,6,1,0,0,semi_luxury,1,1.05,2
15,0,2026-10-10,10,6,1,0,0,luxury,1,1.17,3
15,0,2026-10-10,11,6,1,0,0,luxury,1,1.17,3
1,0,2026-10-10,7,6,1,0,0,luxury,1,1.28,3
1,0,2026-10-10,7,6,1,0,0,semi_luxury,1,1.28,2
1,0,2026-10-10,8,6,1,0,0,semi_luxury,1,1.28,2
1,0,2026-10-10,9,6,1,0,0,normal,1,1.28,1
1,0,2026-10-10,5,6,1,0,0,ac,1,1.28,4
1,0,2026-10-11,5,7,1,0,0,ac,1,1.27,4
15,2,2026-10-11,20,7,1,0,0,normal,1,1.04,1
2,2,2026-10-11,7,7,1,0,0,ac,1,1.04,4
2,2,2026-10-11,5,7,1,0,0,luxury,2,1.04,3
1,0,2026-10-11,5,7,1,0,0,luxury,1,1.27,3
2,3,2026-10-11,7,7,1,0,0,semi_luxury,1,1.06,2
1,0,2026-10-11,6,7,1,0,0,ac,1,1.27,4
1,0,2026-10-11,6,7,1,0,0,luxury,1,1.27,3
1,0,2026-10-11,6,7,1,0,0,semi_luxury,1,1.27,2
15,2,2026-10-11,20,7,1,0,0,ac,1,1.04,4
1,0,2026-10-11,20,7,1,0,0,luxury,1,1.27,3
1,0,2026-10-11,5,7,1,0,0,normal,2,1.27,1
15,2,2026-10-11,18,7,1,0,0,semi_luxury,1,1.04,2
15,2,2026-10-11,8,7,1,0,0,normal,1,1.04,1
15,2,2026-10-11,9,7,1,0,0,normal,2,1.04,1
2,3,2026-10-11,8,7,1,0,0,luxury,1,1.06,3
2,3,2026-10-11,10,7,1,0,0,luxury,1,1.06,3
2,3,2026-10-11,15,7,1,0,0,luxury,1,1.06,3
2,3,2026-10-11,7,7,1,0,0,luxury,1,1.06,3
2,1,2026-10-11,7,7,1,0,0,semi_luxury,1,1.03,2
2,1,2026-10-11,10,7,1,0,0,luxury,1,1.03,3
2,1,2026-10-11,10,7,1,0,0,semi_luxury,1,1.03,2
2,1,2026-10-11,17,7,1,0,0,normal,1,1.03,1
2,1,2026-10-11,20,7,1,0,0,luxury,1,1.03,3
15,0,2026-10-11,20,7,1,0,0,normal,1,1.14,1
15,0,2026-10-11,20,7,1,0,0,ac,1,1.14,4
15,0,2026-10-11,19,7,1,0,0,luxury,1,1.14,3
2,2,2026-10-11,19,7,1,0,0,normal,1,1.04,1
2,2,2026-10-11,13,7,1,0,0,ac,1,1.04,4
2,2,2026-10-11,8,7,1,0,0,normal,1,1.04,1
15,2,2026-10-11,6,7,1,0,0,normal,1,1.04,1
15,2,2026-10-11,7,7,1,0,0,ac,1,1.04,4
2,3,2026-10-11,7,7,1,0,0,normal,1,1.06,1
15,2,2026-10-11,8,7,1,0,0,semi_luxury,1,1.04,2
15,2,2026-10-11,11,7,1,0,0,normal,1,1.04,1
1,2,2026-10-11,5,7,1,0,0,ac,1,1.04,4
1,3,2026-10-11,20,7,1,0,0,normal,1,1.13,1
1,2,2026-10-11,9,7,1,0,0,luxury,1,1.04,3
15,3,2026-10-11,14,7,1,0,0,ac,1,1.03,4
15,3,2026-10-11,11,7,1,0,0,semi_luxury,1,1.03,2
1,0,2026-10-11,20,7,1,0,0,ac,1,1.27,4
1,0,2026-10-11,16,7,1,0,0,normal,1,1.27,1
15,0,2026-10-11,9,7,1,0,0,normal,1,1.14,1
15,0,2026-10-11,9,7,1,0,0,semi_luxury,1,1.14,2
1,1,2026-10-11,17,7,1,0,0,semi_luxury,1,1.07,2
15,0,2026-10-11,8,7,1,0,0,normal,2,1.14,1
1,1,2026-10-11,18,7,1,0,0,semi_luxury,1,1.07,2
1,1,2026-10-11,20,7,1,0,0,ac,1,1.07,4
15,0,2026-10-11,11,7,1,0,0,normal,1,1.14,1
15,0,2026-10-11,14,7,1,0,0,ac,1,1.14,4
15,0,2026-10-11,14,7,1,0,0,normal,1,1.14,1
15,0,2026-10-11,14,7,1,0,0,semi_luxury,1,1.14,2
1,0,2026-10-11,15,7,1,0,0,semi_luxury,1,1.27,2
15,0,2026-10-11,18,7,1,0,0,normal,1,1.14,1
1,1,2026-10-11,19,7,1,0,0,normal,1,1.07,1
15,0,2026-10-11,8,7,1,0,0,luxury,2,1.14,3
15,0,2026-10-11,7,7,1,0,0,semi_luxury,1,1.14,2
15,0,2026-10-11,7,7,1,0,0,luxury,1,1.14,3
1,2,2026-10-11,8,7,1,0,0,normal,1,1.04,1
2,0,2026-10-11,19,7,1,0,0,semi_luxury,1,1.2,2
2,0,2026-10-11,19,7,1,0,0,luxury,1,1.2,3
2,0,2026-10-11,16,7,1,0,0,semi_luxury,1,1.2,2
2,0,2026-10-11,16,7,1,0,0,ac,1,1.2,4
2,0,2026-10-11,14,7,1,0,0,semi_luxury,1,1.2,2
2,0,2026-10-11,14,7,1,0,0,luxury,1,1.2,3
2,0,2026-10-11,12,7,1,0,0,semi_luxury,1,1.2,2
2,0,2026-10-11,9,7,1,0,0,semi_luxury,1,1.2,2
2,0,2026-10-11,9,7,1,0,0,normal,1,1.2,1
2,0,2026-10-11,8,7,1,0,0,ac,2,1.2,4
2,0,2026-10-11,6,7,1,0,0,semi_luxury,1,1.2,2
2,0,2026-10-11,6,7,1,0,0,normal,1,1.2,1
2,0,2026-10-11,6,7,1,0,0,luxury,1,1.2,3
2,0,2026-10-11,5,7,1,0,0,normal,2,1.2,1
15,0,2026-10-11,5,7,1,0,0,semi_luxury,2,1.14,2
15,0,2026-10-11,6,7,1,0,0,semi_luxury,2,1.14,2
15,0,2026-10-11,15,7,1,0,0,ac,1,1.14,4
15,0,2026-10-11,16,7,1,0,0,semi_luxury,1,1.14,2
1,0,2026-10-11,15,7,1,0,0,normal,1,1.27,1
1,3,2026-10-11,11,7,1,0,0,normal,1,1.13,1
1,2,2026-10-11,14,7,1,0,0,semi_luxury,1,1.04,2
1,2,2026-10-11,20,7,1,0,0,luxury,1,1.04,3
1,0,2026-10-11,7,7,1,0,0,ac,1,1.27,4
1,3,2026-10-11,17,7,1,0,0,normal,1,1.13,1
1,3,2026-10-11,14,7,1,0,0,normal,1,1.13,1
1,3,2026-10-11,10,7,1,0,0,normal,2,1.13,1
1,3,2026-10-11,9,7,1,0,0,semi_luxury,1,1.13,2
1,3,2026-10-11,8,7,1,0,0,normal,1,1.13,1
1,2,2026-10-11,11,7,1,0,0,luxury,1,1.04,3
1,3,2026-10-11,8,7,1,0,0,luxury,1,1.13,3
1,0,2026-10-11,7,7,1,0,0,normal,2,1.27,1
1,0,2026-10-11,8,7,1,0,0,normal,1,1.27,1
1,0,2026-10-11,9,7,1,0,0,semi_luxury,2,1.27,2
1,0,2026-10-11,12,7,1,0,0,normal,1,1.27,1
1,0,2026-10-11,13,7,1,0,0,normal,1,1.27,1
1,0,2026-10-11,14,7,1,0,0,semi_luxury,1,1.27,2
15,0,2026-10-11,18,7,1,0,0,semi_luxury,1,1.14,2
1,3,2026-10-11,6,7,1,0,0,luxury,2,1.13,3
1,0,2026-10-12,4,1,0,0,0,normal,1,1.36,1
1,0,2026-10-12,4,1,0,0,0,semi_luxury,3,1.36,2
1,0,2026-10-12,5,1,0,0,0,normal,1,1.36,1
2,0,2026-10-12,4,1,0,0,0,normal,1,1.24,1
2,2,2026-10-12,9,1,0,0,0,normal,1,1.08,1
2,0,2026-10-12,5,1,0,0,0,luxury,1,1.24,3
2,1,2026-10-12,5,1,0,0,0,ac,1,1.12,4
2,1,2026-10-12,6,1,0,0,0,ac,1,1.12,4
1,0,2026-10-12,5,1,0,0,0,semi_luxury,1,1.36,2
2,1,2026-10-12,8,1,0,0,0,normal,1,1.12,1
2,1,2026-10-12,8,1,0,0,0,semi_luxury,1,1.12,2
2,0,2026-10-12,5,1,0,0,0,ac,1,1.24,4
15,1,2026-10-12,7,1,0,0,0,luxury,1,1.09,3
1,0,2026-10-12,8,1,0,0,0,semi_luxury,2,1.36,2
1,0,2026-10-12,6,1,0,0,0,luxury,1,1.36,3
1,0,2026-10-12,6,1,0,0,0,semi_luxury,1,1.36,2
1,0,2026-10-12,7,1,0,0,0,ac,1,1.36,4
1,0,2026-10-12,7,1,0,0,0,luxury,2,1.36,3
1,0,2026-10-12,7,1,0,0,0,normal,1,1.36,1
1,0,2026-10-12,8,1,0,0,0,luxury,1,1.36,3
1,0,2026-10-12,16,1,0,0,0,normal,1,1.36,1
